Date,0
2006-01-03,1.0
2006-01-04,1.0025976264800154
2006-01-05,1.0016705302713114
2006-01-06,1.007405408423419
2006-01-09,1.00647901815284
2006-01-10,1.006079182936607
2006-01-11,1.0124026145063623
2006-01-12,1.0041793080953547
2006-01-13,1.0067479807783326
2006-01-17,1.0003419042615422
2006-01-18,0.9894009520579847
2006-01-19,0.9939525799961876
2006-01-20,0.9691920429870662
2006-01-23,0.9710739688347485
2006-01-24,0.9665252117205066
2006-01-25,0.9644460284783238
2006-01-26,0.9703536647022585
2006-01-27,0.9818282029486821
2006-01-30,0.9869111125883109
2006-01-31,0.9807720080330214
2006-02-01,0.9820261425616436
2006-02-02,0.9745005645319165
2006-02-03,0.9668175494284713
2006-02-06,0.9653392764356202
2006-02-07,0.9578911279662177
2006-02-08,0.9697569496837426
2006-02-09,0.9713615309503871
2006-02-10,0.9716146840682954
2006-02-13,0.9686384315374579
2006-02-14,0.9756184824316674
2006-02-15,0.9793423556445912
2006-02-16,0.980730413020206
2006-02-17,0.9782249547827317
2006-02-21,0.9753207985399718
2006-02-22,0.9790331458611718
2006-02-23,0.9766250478179819
2006-02-24,0.9778391650559218
2006-02-27,0.981500018528104
2006-02-28,0.9730688419186293
2006-03-01,0.9775826673439736
2006-03-02,0.9748442410124786
2006-03-03,0.9761228362541926
2006-03-06,0.9732906271561611
2006-03-07,0.9765102231883265
2006-03-08,0.9799516812637397
2006-03-09,0.973352042173957
2006-03-10,0.9807220424020885
2006-03-13,0.9811975094528667
2006-03-14,0.9881570094638663
2006-03-15,0.9930160587639175
2006-03-16,0.9979272590555662
2006-03-17,0.9997429646714938
2006-03-20,1.0025902563014872
2006-03-21,0.9999559430094717
2006-03-22,1.002662373925538
2006-03-23,0.998105201823707
2006-03-24,0.9966501543535319
2006-03-27,0.9941511273360903
2006-03-28,0.9866067360266738
2006-03-29,0.9903283151906779
2006-03-30,0.9912220371981323
2006-03-31,0.9883345159055075
2006-04-03,0.9891636872322435
2006-04-04,0.9934897588794717
2006-04-05,0.9950882928423521
2006-04-06,0.9914698074519538
2006-04-07,0.9801137428290845
2006-04-10,0.9811825375714125
2006-04-11,0.9772875193970928
2006-04-12,0.979568446494306
2006-04-13,0.9788321403198381
2006-04-17,0.9748373277424764
2006-04-18,0.9884941970028239
2006-04-19,0.989769913391975
2006-04-20,0.9905631065790762
2006-04-21,0.991315973165607
2006-04-24,0.9889645522516775
2006-04-25,0.9866891900705602
2006-04-26,0.9902192825024426
2006-04-27,0.9968040778845769
2006-04-28,0.991605900380382
2006-05-01,0.9886451741409183
2006-05-02,0.9936167276732547
2006-05-03,0.9866908230562451
2006-05-04,0.9885743053343674
2006-05-05,1.0000890342487396
2006-05-08,1.0004106499411343
2006-05-09,1.0013741602444401
2006-05-10,0.9996046509891865
2006-05-11,0.9872013428831211
2006-05-12,0.9775536223965062
2006-05-15,0.9862175781437768
2006-05-16,0.9876786726027337
2006-05-17,0.9696873263848843
2006-05-18,0.9656781677762125
2006-05-19,0.9647213627446899
2006-05-22,0.9652865885853901
2006-05-23,0.9636772365979366
2006-05-24,0.9685222123950727
2006-05-25,0.9794514213570805
2006-05-26,0.9833316028144337
2006-05-30,0.9664477453447036
2006-05-31,0.9701330756197761
2006-06-01,0.9760281479734338
2006-06-02,0.9798319005510798
2006-06-05,0.9661376005049437
2006-06-06,0.966610732945109
2006-06-07,0.9615278532105368
2006-06-08,0.9650578795194766
2006-06-09,0.957491946488719
2006-06-12,0.949839473343672
2006-06-13,0.9396732135381137
2006-06-14,0.9463504978500561
2006-06-15,0.9611499225307972
2006-06-16,0.9578090799720028
2006-06-19,0.95119272734399
2006-06-20,0.9517871350637381
2006-06-21,0.9580754644162115
2006-06-22,0.9534312106714921
2006-06-23,0.9487901221322144
2006-06-26,0.954371297903074
2006-06-27,0.9501669003824602
2006-06-28,0.9587083659690917
2006-06-29,0.9749210492819635
2006-06-30,0.9663124878556567
2006-07-03,0.9755076160389867
2006-07-05,0.9718098126737837
2006-07-06,0.9770233480848189
2006-07-07,0.9701161500552756
2006-07-10,0.9743492017649885
2006-07-11,0.9742341867612624
2006-07-12,0.9624179448233801
2006-07-13,0.9516316007286485
2006-07-14,0.9478383162270451
2006-07-17,0.9457126806449675
2006-07-18,0.9516946288358429
2006-07-19,0.9679027439713408
2006-07-20,0.9587443906827421
2006-07-21,0.9618379012556322
2006-07-24,0.9760364072411033
2006-07-25,0.9801070124567333
2006-07-26,0.9823171179636702
2006-07-27,0.9811385122439776
2006-07-28,0.995656671390074
2006-07-31,0.9931884268321115
2006-08-01,0.9917101058713946
2006-08-02,0.9949043233441763
2006-08-03,0.9946696339684151
2006-08-04,0.9997255685579634
2006-08-07,0.9983467344260192
2006-08-08,0.9974568110789563
2006-08-09,0.9940076507673541
2006-08-10,1.0019441583959954
2006-08-11,1.000561081088437
2006-08-14,1.0048183506578137
2006-08-15,1.0116687088404839
2006-08-16,1.015579029861319
2006-08-17,1.0188609319769095
2006-08-18,1.0278266624045893
2006-08-21,1.0279824608796562
2006-08-22,1.0268081597508036
2006-08-23,1.024984434469895
2006-08-24,1.0306136583683216
2006-08-25,1.0312423820812657
2006-08-28,1.0362824343983394
2006-08-29,1.0370441001195116
2006-08-30,1.0362064196984828
2006-08-31,1.0315817736324029
2006-09-01,1.0381077992187322
2006-09-05,1.0371974428021657
2006-09-06,1.0293757127581646
2006-09-07,1.0271628521571408
2006-09-08,1.0301244778488667
2006-09-11,1.031798014310693
2006-09-12,1.036799057601175
2006-09-13,1.0408463406107045
2006-09-14,1.0410672449414748
2006-09-15,1.0417221928152332
2006-09-18,1.0479486880248985
2006-09-19,1.0469802298954687
2006-09-20,1.0487313836606
2006-09-21,1.0440764622710836
2006-09-22,1.0412077336682155
2006-09-25,1.0514852010724043
2006-09-26,1.0637978717752117
2006-09-27,1.0672030728624038
2006-09-28,1.0703540504081202
2006-09-29,1.0666094855446568
2006-10-02,1.064291542183214
2006-10-03,1.0675260182113286
2006-10-04,1.0796024747635968
2006-10-05,1.0775714423567382
2006-10-06,1.0755812301179986
2006-10-09,1.0715768307626157
2006-10-10,1.073980818044193
2006-10-11,1.0690251557849473
2006-10-12,1.0782782689061985
2006-10-13,1.0804543791644585
2006-10-16,1.0814252362034869
2006-10-17,1.0790041826406604
2006-10-18,1.0835819034080465
2006-10-19,1.0792206377107663
2006-10-20,1.0842508311930543
2006-10-23,1.0924814586136407
2006-10-24,1.0890655413934804
2006-10-25,1.0949649178977627
2006-10-26,1.0993821790109906
2006-10-27,1.0896586125931533
2006-10-30,1.0862968826794444
2006-10-31,1.0858010822612079
2006-11-01,1.0807838640958691
2006-11-02,1.0793082601918371
2006-11-03,1.0792837523691383
2006-11-06,1.0905427565398702
2006-11-07,1.0941761667600935
2006-11-08,1.0960625865222364
2006-11-09,1.0908322413319538
2006-11-10,1.0924945966519346
2006-11-13,1.0959709128838457
2006-11-14,1.1057728567656742
2006-11-15,1.1090826463299515
2006-11-16,1.108713609357453
2006-11-17,1.111305096875724
2006-11-20,1.11066853696084
2006-11-21,1.1087846520310751
2006-11-22,1.1099655627526024
2006-11-24,1.102833898934746
2006-11-27,1.0931143310454934
2006-11-28,1.095861176363667
2006-11-29,1.1054760296415453
2006-11-30,1.1053411676449125
2006-12-01,1.1026443920576168
2006-12-04,1.099812635478124
2006-12-05,1.1003288967870992
2006-12-06,1.0939773117825817
2006-12-07,1.0905969288848305
2006-12-08,1.0953287660607607
2006-12-11,1.0989273213580366
2006-12-12,1.1011022543208915
2006-12-13,1.1057168647933977
2006-12-14,1.120899214255454
2006-12-15,1.1265799281950288
2006-12-18,1.1284085015270762
2006-12-19,1.1317429630271665
2006-12-20,1.1290144227985726
2006-12-21,1.1243084196664364
2006-12-22,1.1174878763102811
2006-12-26,1.124899804909142
2006-12-27,1.133160764303556
2006-12-28,1.1306312876800217
2006-12-29,1.1246682088332214
2007-01-03,1.1237783015110139
2007-01-04,1.1197371277824177
2007-01-05,1.1151738659717179
2007-01-08,1.1151921728592245
2007-01-09,1.112918770575398
2007-01-10,1.1090164705222398
2007-01-11,1.1170167598928264
2007-01-12,1.125303552520626
2007-01-16,1.125437729889896
2007-01-17,1.1273908555427319
2007-01-18,1.1277383981041629
2007-01-19,1.129577406735955
2007-01-22,1.1222318660908233
2007-01-23,1.1205647864876997
2007-01-24,1.1273849325376608
2007-01-25,1.1117936125005077
2007-01-26,1.1100618763313106
2007-01-29,1.1058967703410618
2007-01-30,1.108930563772846
2007-01-31,1.1150086768431904
2007-02-01,1.1205652393399552
2007-02-02,1.120719043368091
2007-02-05,1.1201984921447845
2007-02-06,1.1191091898003158
2007-02-07,1.1166878072135622
2007-02-08,1.11441557587396
2007-02-09,1.1068308445635109
2007-02-12,1.1038789698655844
2007-02-13,1.111499141177485
2007-02-14,1.119677895902177
2007-02-15,1.1181289594992214
2007-02-16,1.1136341431768917
2007-02-20,1.117528316401625
2007-02-21,1.115056457854844
2007-02-22,1.1124074402644208
2007-02-23,1.1062802029980259
2007-02-26,1.1070190194292417
2007-02-27,1.068031288956963
2007-02-28,1.07376851661923
2007-03-01,1.072222788023528
2007-03-02,1.0647664728651571
2007-03-05,1.0582237841305893
2007-03-06,1.071330626791595
2007-03-07,1.0673874754588493
2007-03-08,1.0687330007402491
2007-03-09,1.0653457499357035
2007-03-12,1.0649828382821942
2007-03-13,1.0437388954585947
2007-03-14,1.0508387311450946
2007-03-15,1.0548408977703365
2007-03-16,1.0497471005185197
2007-03-19,1.0627651433964955
2007-03-20,1.0708331677745162
2007-03-21,1.0884819535267856
2007-03-22,1.0913346319650439
2007-03-23,1.0906086596042397
2007-03-26,1.0922642369295552
2007-03-27,1.0865751127599612
2007-03-28,1.0790427862751464
2007-03-29,1.0847007174588288
2007-03-30,1.0816388393648608
2007-04-02,1.0813340915952074
2007-04-03,1.0886453149283453
2007-04-04,1.092126425076785
2007-04-05,1.0932439265591907
2007-04-09,1.0925632130615608
2007-04-10,1.095065328769662
2007-04-11,1.088224477392292
2007-04-12,1.0940172086057653
2007-04-13,1.0970230353740131
2007-04-16,1.1080064825134477
2007-04-17,1.1104905015079265
2007-04-18,1.1098951568128783
2007-04-19,1.1088714188922446
2007-04-20,1.1209850329686724
2007-04-23,1.1112229386822943
2007-04-24,1.1077399938636778
2007-04-25,1.1200003135729442
2007-04-26,1.1219893980423419
2007-04-27,1.1292975624794674
2007-04-30,1.127475543617599
2007-05-01,1.1322756346136327
2007-05-02,1.134355103455468
2007-05-03,1.1395707225208282
2007-05-04,1.1384669881621445
2007-05-07,1.1419165397287914
2007-05-08,1.1402054184451678
2007-05-09,1.1433833021009598
2007-05-10,1.1284035195703315
2007-05-11,1.1369144661566377
2007-05-14,1.1358796615864966
2007-05-15,1.1342563542190756
2007-05-16,1.145654520362442
2007-05-17,1.1439682238243551
2007-05-18,1.1512576033707318
2007-05-21,1.1515333812601354
2007-05-22,1.1494152822773478
2007-05-23,1.1501332719846538
2007-05-24,1.1446151598701608
2007-05-25,1.1520377120808574
2007-05-29,1.1507635326723864
2007-05-30,1.158834973123344
2007-05-31,1.153593234732848
2007-06-01,1.1598699322103496
2007-06-04,1.1637914746232112
2007-06-05,1.158246097024618
2007-06-06,1.1507952628779
2007-06-07,1.1318949055281002
2007-06-08,1.1434425561736599
2007-06-11,1.144104874426742
2007-06-12,1.131808431043021
2007-06-13,1.1475929704296033
2007-06-14,1.1518085226591461
2007-06-15,1.1579487513952402
2007-06-18,1.1556937575488242
2007-06-19,1.1611752259232808
2007-06-20,1.1447432877394939
2007-06-21,1.1500588678115347
2007-06-22,1.1287427896987212
2007-06-25,1.1268935278401713
2007-06-26,1.1250217724196467
2007-06-27,1.1337507079203613
2007-06-28,1.1333594893078571
2007-06-29,1.1307885994999218
2007-07-02,1.1379937054275087
2007-07-03,1.1444522019903514
2007-07-05,1.141607367031766
2007-07-06,1.1444717527690147
2007-07-09,1.1473031760776446
2007-07-10,1.1317319741958767
2007-07-11,1.1379706089845365
2007-07-12,1.1621555100268328
2007-07-13,1.1647295106528586
2007-07-16,1.1679218257071067
2007-07-17,1.1695828890718416
2007-07-18,1.1677148029819837
2007-07-19,1.1746875471930704
2007-07-20,1.1628863621567556
2007-07-23,1.1721159063438393
2007-07-24,1.1526968804910178
2007-07-25,1.1594622411315438
2007-07-26,1.129407262900593
2007-07-27,1.1100785783258846
2007-07-30,1.1156408519722831
2007-07-31,1.1036350357946108
2007-08-01,1.1123293097095517
2007-08-02,1.1153803819839359
2007-08-03,1.088938934277413
2007-08-06,1.1210389413651973
2007-08-07,1.1317818663457497
2007-08-08,1.153454309221694
2007-08-09,1.1152129625742728
2007-08-10,1.1127325325483246
2007-08-13,1.1057388773223615
2007-08-14,1.0917216443059545
2007-08-15,1.0833624037192784
2007-08-16,1.090396984933797
2007-08-17,1.119651331775355
2007-08-20,1.117866080453052
2007-08-21,1.1128493283151633
2007-08-22,1.1228890258087625
2007-08-23,1.1235731933513158
2007-08-24,1.1358661361179143
2007-08-27,1.125897026057511
2007-08-28,1.1028330440086387
2007-08-29,1.1223259084980368
2007-08-30,1.1154138480206037
2007-08-31,1.1245589293324865
2007-09-04,1.1322321625626088
2007-09-05,1.1216762658103483
2007-09-06,1.1263778902830484
2007-09-07,1.1110023038685861
2007-09-10,1.1107104867464739
2007-09-11,1.1264646782164396
2007-09-12,1.1297531897891209
2007-09-13,1.1404424116288847
2007-09-14,1.1412473963312013
2007-09-17,1.1377592516326327
2007-09-18,1.1680003634216023
2007-09-19,1.1711713497910161
2007-09-20,1.1641776304649314
2007-09-21,1.1685130278613052
2007-09-24,1.162818402368509
2007-09-25,1.1632843012046634
2007-09-26,1.1690653967689908
2007-09-27,1.1728803517143154
2007-09-28,1.1704106686258946
2007-10-01,1.186420627301964
2007-10-02,1.1858142743010474
2007-10-03,1.1808520366639799
2007-10-04,1.18305266017965
2007-10-05,1.1894460161677245
2007-10-08,1.1838722622425182
2007-10-09,1.1939531339383644
2007-10-10,1.1919136880512557
2007-10-11,1.193590746410679
2007-10-12,1.1920081242171656
2007-10-15,1.184192864119777
2007-10-16,1.1753797369512402
2007-10-17,1.1785549745782213
2007-10-18,1.1735797261721168
2007-10-19,1.1467175180944973
2007-10-22,1.1477693675666076
2007-10-23,1.1506271446767231
2007-10-24,1.1501793774133062
2007-10-25,1.1473430602078978
2007-10-26,1.171010009161565
2007-10-29,1.176937881906199
2007-10-30,1.1691644254233353
2007-10-31,1.1816345985035104
2007-11-01,1.14796332512324
2007-11-02,1.1441908293240604
2007-11-05,1.136726614011038
2007-11-06,1.147283099833146
2007-11-07,1.1142257689224409
2007-11-08,1.1149384911222775
2007-11-09,1.1017306613979556
2007-11-12,1.097872265330482
2007-11-13,1.1348581366725816
2007-11-14,1.1303371974357688
2007-11-15,1.1111501293730472
2007-11-16,1.1179517829909278
2007-11-19,1.0992561513376646
2007-11-20,1.1090061192548388
2007-11-21,1.0909296170712215
2007-11-23,1.106692657066888
2007-11-26,1.0817647500012562
2007-11-27,1.0958037785423471
2007-11-28,1.1252778453182313
2007-11-29,1.1256547123903777
2007-11-30,1.134158830108142
2007-12-03,1.1195678528163207
2007-12-04,1.1101874690080804
2007-12-05,1.1348116988367145
2007-12-06,1.151433472711542
2007-12-07,1.1495766821269697
2007-12-10,1.1575269877910437
2007-12-11,1.13492590208938
2007-12-12,1.1342420656319283
2007-12-13,1.137333183435897
2007-12-14,1.1225413231312946
2007-12-17,1.1108331633747623
2007-12-18,1.120020449885987
2007-12-19,1.1183010479163398
2007-12-20,1.1228561047781631
2007-12-21,1.1378246755056305
2007-12-24,1.1475711014221943
2007-12-26,1.1476895041438981
2007-12-27,1.1324162744904
2007-12-28,1.136769007575946
2007-12-31,1.1274516998263542
2008-01-02,1.1122964019261343
2008-01-03,1.114953228762779
2008-01-04,1.0904609938777237
2008-01-07,1.0916436457185434
2008-01-08,1.070118134723302
2008-01-09,1.0885442387427189
2008-01-10,1.0905699026779827
2008-01-11,1.071143145685902
2008-01-14,1.080996422840582
2008-01-15,1.0588537603262558
2008-01-16,1.0435189888876912
2008-01-17,1.0236336332733633
2008-01-18,1.0254469349462008
2008-01-22,1.006516712600401
2008-01-23,1.0039750049080118
2008-01-24,1.0139206255195885
2008-01-25,0.9954102365720217
2008-01-28,1.0045745709405134
2008-01-29,1.00723185419762
2008-01-30,1.0058013342005279
2008-01-31,1.0207014666248844
2008-02-01,1.0097855507507398
2008-02-04,0.9983454249924945
2008-02-05,0.9732282536017087
2008-02-06,0.9626167213273635
2008-02-07,0.9677948258823185
2008-02-08,0.9656615052342422
2008-02-11,0.9753981206522881
2008-02-12,0.9841820213762287
2008-02-13,1.0010780093309537
2008-02-14,0.9919098920856582
2008-02-15,0.9892305647393494
2008-02-19,0.9856600495093986
2008-02-20,0.9860736987192942
2008-02-21,0.978170101754414
2008-02-22,0.9795839820951627
2008-02-25,0.9897698233067228
2008-02-26,0.9932974951002779
2008-02-27,0.9923272696376432
2008-02-28,0.9938637211832517
2008-02-29,0.9712467890918409
2008-03-03,0.9722616459069341
2008-03-04,0.9712940233546052
2008-03-05,0.9796994046775124
2008-03-06,0.9623751272866068
2008-03-07,0.9521415527209967
2008-03-10,0.9434884536862767
2008-03-11,0.9834220043807922
2008-03-12,0.9790427370149689
2008-03-13,0.9858493885980528
2008-03-14,0.9725471804530764
2008-03-17,0.9767373356575935
2008-03-18,1.0102441230154513
2008-03-19,0.9851031167510226
2008-03-20,1.0084031706662215
2008-03-24,1.0207142252636159
2008-03-25,1.0159325774618242
2008-03-26,1.0177880754148432
2008-03-27,1.008623679592255
2008-03-28,1.0042220485622877
2008-03-31,1.0117986818025915
2008-04-01,1.0427919357537367
2008-04-02,1.0402292536148054
2008-04-03,1.0399491806191619
2008-04-04,1.0419696029588548
2008-04-07,1.0445670016775896
2008-04-08,1.0433407990469068
2008-04-09,1.0387360761752342
2008-04-10,1.0430408867204701
2008-04-11,1.0096038101497178
2008-04-14,1.0100316606176192
2008-04-15,1.0169576188301341
2008-04-16,1.0317212620429383
2008-04-17,1.029716557984914
2008-04-18,1.0522537517969197
2008-04-21,1.0565006767277465
2008-04-22,1.0572666972542715
2008-04-23,1.0644816303968891
2008-04-24,1.0649762533275833
2008-04-25,1.0594661801361216
2008-04-28,1.0555978925366447
2008-04-29,1.0573432387253074
2008-04-30,1.0628471734557796
2008-05-01,1.0682645051390391
2008-05-02,1.0672249907509417
2008-05-05,1.0668973634968275
2008-05-06,1.0683287460589284
2008-05-07,1.0547296685011682
2008-05-08,1.0617598206699046
2008-05-09,1.0552260720175575
2008-05-12,1.0655272217614733
2008-05-13,1.0648867937222037
2008-05-14,1.0673934304530517
2008-05-15,1.0763159455945084
2008-05-16,1.0782862064435712
2008-05-19,1.081147857179282
2008-05-20,1.0720305121234819
2008-05-21,1.0540991798159696
2008-05-22,1.0538188932766686
2008-05-23,1.042025664670706
2008-05-27,1.0464333096228706
2008-05-28,1.0518353976518229
2008-05-29,1.0566325603680473
2008-05-30,1.0570280591067347
2008-06-02,1.0456001389128404
2008-06-03,1.0361858175224594
2008-06-04,1.0363833714759088
2008-06-05,1.064191712135495
2008-06-06,1.0372890982247052
2008-06-09,1.0435070196418212
2008-06-10,1.0417756918296093
2008-06-11,1.0296699159090086
2008-06-12,1.0267896442657085
2008-06-13,1.0384415087953824
2008-06-16,1.035822237228321
2008-06-17,1.0355723171861695
2008-06-18,1.0213398751706861
2008-06-19,1.0167898701778144
2008-06-20,0.9981963369062437
2008-06-23,1.0054238142983951
2008-06-24,1.0040551037942875
2008-06-25,1.0165815113329202
2008-06-26,0.9893124680096278
2008-06-27,0.9830227661777547
2008-06-30,0.9916579629602066
2008-07-01,0.9976050378623003
2008-07-02,0.9827818337305438
2008-07-03,0.9912294232098731
2008-07-07,0.9903942526005867
2008-07-08,1.0017422711038564
2008-07-09,0.9817513046233949
2008-07-10,0.9938557924246831
2008-07-11,0.982028573918033
2008-07-14,0.9790038074266764
2008-07-15,0.9687340957236805
2008-07-16,0.9772706493926802
2008-07-17,0.9776429233940628
2008-07-18,0.9658196198084423
2008-07-21,0.963740778855153
2008-07-22,0.970670442705068
2008-07-23,0.9758300907848894
2008-07-24,0.9583068743846755
2008-07-25,0.966448118961111
2008-07-28,0.9471164706017754
2008-07-29,0.9601271281190932
2008-07-30,0.9793536530727536
2008-07-31,0.9601344636399534
2008-08-01,0.9515242602845179
2008-08-04,0.9428050887304975
2008-08-05,0.9702765636918037
2008-08-06,0.9770704706066329
2008-08-07,0.9635020488130458
2008-08-08,0.9864934741589199
2008-08-11,0.9919635505129822
2008-08-12,0.9918023412950165
2008-08-13,0.9905952762090589
2008-08-14,0.9908712320857614
2008-08-15,0.994892028022346
2008-08-18,0.9862060601689918
2008-08-19,0.9819616379981361
2008-08-20,0.9845991593013663
2008-08-21,0.9897734121452966
2008-08-22,1.0006929660692045
2008-08-25,0.9819573299364501
2008-08-26,0.9831250015795503
2008-08-27,0.9885935010650131
2008-08-28,1.0005240478504018
2008-08-29,0.9834317065441264
2008-09-02,0.978776291051542
2008-09-03,0.9824106237624604
2008-09-04,0.9605762761236982
2008-09-05,0.9574268843094771
2008-09-08,0.972819317519217
2008-09-09,0.9526038342267896
2008-09-10,0.9593156381004384
2008-09-11,0.9712073157128952
2008-09-12,0.9691827343304469
2008-09-15,0.9312424011533742
2008-09-16,0.9406876327333941
2008-09-17,0.9062106716915463
2008-09-18,0.9365281687895947
2008-09-19,0.9548935880796917
2008-09-22,0.9358248420128915
2008-09-23,0.9212063339691441
2008-09-24,0.9262878417405741
2008-09-25,0.9507171601362038
2008-09-26,0.950268113048766
2008-09-29,0.8765692626387461
2008-09-30,0.9220439781742471
2008-10-01,0.9188363752445738
2008-10-02,0.8950192801940866
2008-10-03,0.8914190688889704
2008-10-06,0.8678694129071589
2008-10-07,0.8299472009762241
2008-10-08,0.8295933318757226
2008-10-09,0.7661035594421233
2008-10-10,0.7525270297083786
2008-10-13,0.8428211600111926
2008-10-14,0.8333766404127884
2008-10-15,0.7609492940789928
2008-10-16,0.8089417718145716
2008-10-17,0.8007195427585526
2008-10-20,0.8408384294684376
2008-10-21,0.8139138851300782
2008-10-22,0.7654155309817159
2008-10-23,0.7944931841677332
2008-10-24,0.772526679639767
2008-10-27,0.7506785116307185
2008-10-28,0.8329923895082824
2008-10-29,0.8236222296825502
2008-10-30,0.8308076564701186
2008-10-31,0.8309167440891888
2008-11-03,0.8315275504480362
2008-11-04,0.8646797612044641
2008-11-05,0.8224768792946854
2008-11-06,0.7875066038081109
2008-11-07,0.8138239919968966
2008-11-10,0.8126039429278897
2008-11-11,0.8008929048195909
2008-11-12,0.7605229143771908
2008-11-13,0.8156620728821355
2008-11-14,0.7858235889792032
2008-11-17,0.7730905390932789
2008-11-18,0.7894338977816472
2008-11-19,0.7514233415957683
2008-11-20,0.7101010296164115
2008-11-21,0.7621067925233435
2008-11-24,0.7927470344903002
2008-11-25,0.796767246720101
2008-11-26,0.8190297728098933
2008-11-28,0.8199465493186877
2008-12-01,0.7628247614117448
2008-12-02,0.7945080543696731
2008-12-03,0.8109245367184889
2008-12-04,0.7892979543792594
2008-12-05,0.808647172421169
2008-12-08,0.8370064522266515
2008-12-09,0.8156647822204528
2008-12-10,0.8184905819478656
2008-12-11,0.8071231818399772
2008-12-12,0.8105811839768688
2008-12-15,0.8032121998108906
2008-12-16,0.831323909576483
2008-12-17,0.8140573611196089
2008-12-18,0.7918603576031776
2008-12-19,0.7884364430850145
2008-12-22,0.7828433169738869
2008-12-23,0.7820124675547863
2008-12-24,0.7848069972692885
2008-12-26,0.7882632641840572
2008-12-29,0.7875386943917381
2008-12-30,0.7967283298869043
2008-12-31,0.8067547167899994
2009-01-02,0.8303357558016591
2009-01-05,0.8173579041783351
2009-01-06,0.8151660659760444
2009-01-07,0.7893319426647986
2009-01-08,0.7840749860802358
2009-01-09,0.7718320640590279
2009-01-12,0.7596607732844525
2009-01-13,0.7659181194488499
2009-01-14,0.7427454288241434
2009-01-15,0.7363756969099989
2009-01-16,0.7386392162626533
2009-01-20,0.7031182304655329
2009-01-21,0.7277732477421397
2009-01-22,0.715383935399745
2009-01-23,0.7103270752282913
2009-01-26,0.7184124666143374
2009-01-27,0.724478549229925
2009-01-28,0.746370388919919
2009-01-29,0.7205300033860764
2009-01-30,0.7083678987006045
2009-02-02,0.7080218628795519
2009-02-03,0.7155544642011902
2009-02-04,0.7064152936735013
2009-02-05,0.7171157076409269
2009-02-06,0.7401512209523171
2009-02-09,0.7404548824115187
2009-02-10,0.7037241072819228
2009-02-11,0.7087917387791826
2009-02-12,0.7076003880409458
2009-02-13,0.6959606124181282
2009-02-17,0.6683526351505777
2009-02-18,0.6718730319736362
2009-02-19,0.6681721038438276
2009-02-20,0.6570075006335899
2009-02-23,0.6377794602282717
2009-02-24,0.6587516498179096
2009-02-25,0.6571469513730493
2009-02-26,0.6529679787958025
2009-02-27,0.632604391021306
2009-03-02,0.6045560952144966
2009-03-03,0.5978648223027104
2009-03-04,0.6024194461450848
2009-03-05,0.5784052605344818
2009-03-06,0.5850511638980358
2009-03-09,0.5815819922602915
2009-03-10,0.6199590606398414
2009-03-11,0.6174833133452305
2009-03-12,0.6426970225308192
2009-03-13,0.6457327968173678
2009-03-16,0.643107070282839
2009-03-17,0.6639933650123935
2009-03-18,0.6765424471679293
2009-03-19,0.6641865259233222
2009-03-20,0.6482545161706937
2009-03-23,0.6984699807727022
2009-03-24,0.6829871097873176
2009-03-25,0.6928227534643199
2009-03-26,0.7043565098623475
2009-03-27,0.6921920729824674
2009-03-30,0.6677521285407629
2009-03-31,0.6756119526481311
2009-04-01,0.6910151284050513
2009-04-02,0.7036899552866639
2009-04-03,0.7070928511969143
2009-04-06,0.7018444401930561
2009-04-07,0.6874400016538265
2009-04-08,0.6899146386444105
2009-04-09,0.7144575467316219
2009-04-13,0.7137416271994163
2009-04-14,0.697150253719865
2009-04-15,0.7061882535954389
2009-04-16,0.7135412435064762
2009-04-17,0.7135145435036291
2009-04-20,0.684250535475449
2009-04-21,0.6999715394224774
2009-04-22,0.6896773516415835
2009-04-23,0.6991412068823188
2009-04-24,0.7105407136187182
2009-04-27,0.7053842149779455
2009-04-28,0.7044971430734315
2009-04-29,0.7192631236248587
2009-04-30,0.7141856767850464
2009-05-01,0.7171553500018536
2009-05-04,0.7396370019380417
2009-05-05,0.7306590161802027
2009-05-06,0.748127616072038
2009-05-07,0.7398683676183407
2009-05-08,0.7618883974668342
2009-05-11,0.7457569682000527
2009-05-12,0.7511467156167645
2009-05-13,0.7367590322903174
2009-05-14,0.740885455530787
2009-05-15,0.7338872083274786
2009-05-18,0.7544256694558652
2009-05-19,0.7491326501099138
2009-05-20,0.742309699746735
2009-05-21,0.7333818196383218
2009-05-22,0.7312764450476211
2009-05-26,0.7492311222938008
2009-05-27,0.7301072039809978
2009-05-28,0.74329277757039
2009-05-29,0.7498385173395824
2009-06-01,0.763368534830806
2009-06-02,0.7615779910753259
2009-06-03,0.7580265923425907
2009-06-04,0.765738510971318
2009-06-05,0.7643676592911549
2009-06-08,0.7660876637671721
2009-06-09,0.7652997896799817
2009-06-10,0.7646898435157795
2009-06-11,0.768876573367656
2009-06-12,0.7744969729047059
2009-06-15,0.7598152533794853
2009-06-16,0.7500103882096509
2009-06-17,0.7443306339363961
2009-06-18,0.748375212083204
2009-06-19,0.7508430380864815
2009-06-22,0.7316790680545134
2009-06-23,0.7349484942352299
2009-06-24,0.7356795143365507
2009-06-25,0.7482279614059343
2009-06-26,0.7434855882223185
2009-06-29,0.7536075215089723
2009-06-30,0.7465183586756503
2009-07-01,0.7507865634517501
2009-07-02,0.7310236398305191
2009-07-06,0.7324730375819549
2009-07-07,0.7219260736492836
2009-07-08,0.7213424621042483
2009-07-09,0.7216539491347062
2009-07-10,0.7141503354504819
2009-07-13,0.7335063245404146
2009-07-14,0.7357060942763426
2009-07-15,0.7574004813803803
2009-07-16,0.7592893460572627
2009-07-17,0.7584168552913794
2009-07-20,0.763094827232239
2009-07-21,0.7678739416893762
2009-07-22,0.7659212252079085
2009-07-23,0.7801736653090919
2009-07-24,0.7750907309559092
2009-07-27,0.7786725012948017
2009-07-28,0.7778974891644793
2009-07-29,0.7778906223724621
2009-07-30,0.7857664835229697
2009-07-31,0.7838239241044778
2009-08-03,0.7922853242196491
2009-08-04,0.794699720413141
2009-08-05,0.7939297357445952
2009-08-06,0.7864458360036392
2009-08-07,0.7937705664562752
2009-08-10,0.7938801856224217
2009-08-11,0.780925898754374
2009-08-12,0.7908696265006916
2009-08-13,0.7944464004889611
2009-08-14,0.7913253017810453
2009-08-17,0.774528377610332
2009-08-18,0.7793473756357521
2009-08-19,0.7863378160052886
2009-08-20,0.7942097395590734
2009-08-21,0.8078700718355774
2009-08-24,0.811248469819778
2009-08-25,0.8117050414190354
2009-08-26,0.8126642432465744
2009-08-27,0.8110447830822405
2009-08-28,0.8060088455187665
2009-08-31,0.8039921812273584
2009-09-01,0.786822627355146
2009-09-02,0.782613340119239
2009-09-03,0.7895850586895413
2009-09-04,0.7981289836982856
2009-09-08,0.8090485484832132
2009-09-09,0.8118101509049476
2009-09-10,0.8184366769451114
2009-09-11,0.8124291770798012
2009-09-14,0.8178298860688028
2009-09-15,0.8203440191918776
2009-09-16,0.8315918664065972
2009-09-17,0.8290522927146242
2009-09-18,0.8329520830072826
2009-09-21,0.8322466748541099
2009-09-22,0.8413706003911168
2009-09-23,0.8348985345048862
2009-09-24,0.8323697969308486
2009-09-25,0.8254186283468936
2009-09-28,0.8367939978646762
2009-09-29,0.8316090274035479
2009-09-30,0.8258551401792716
2009-10-01,0.8048121196442861
2009-10-02,0.8004656798557673
2009-10-05,0.8119612556950475
2009-10-06,0.8241450445241449
2009-10-07,0.8261171921757059
2009-10-08,0.8302138924318636
2009-10-09,0.8329466187059343
2009-10-12,0.8395554025649601
2009-10-13,0.839658371723899
2009-10-14,0.8510133212644679
2009-10-15,0.8593405409559696
2009-10-16,0.8510042189900944
2009-10-19,0.8545433075550627
2009-10-20,0.8516798543876337
2009-10-21,0.8450606955542793
2009-10-22,0.8529985336111462
2009-10-23,0.850861983353642
2009-10-26,0.8430435797000867
2009-10-27,0.8482953751109611
2009-10-28,0.8378578162614778
2009-10-29,0.852238577612945
2009-10-30,0.8291398024922766
2009-11-02,0.835916664619016
2009-11-03,0.8309792848585552
2009-11-04,0.8312618234145372
2009-11-05,0.8462511909642396
2009-11-06,0.8510122110066978
2009-11-09,0.8647624008451702
2009-11-10,0.8649370964620907
2009-11-11,0.8693974601258113
2009-11-12,0.8631417549397247
2009-11-13,0.8644387946363861
2009-11-16,0.8743381144942105
2009-11-17,0.879664996546519
2009-11-18,0.8835947527624002
2009-11-19,0.8754949017655991
2009-11-20,0.8712767319999527
2009-11-23,0.8854644050089029
2009-11-24,0.8868455315185833
2009-11-25,0.8881229258663917
2009-11-27,0.8753251186239215
2009-11-30,0.8798728484750855
2009-12-01,0.8880687253554495
2009-12-02,0.885321498089771
2009-12-03,0.8797932153149379
2009-12-04,0.8813346533309271
2009-12-07,0.8791889541426278
2009-12-08,0.8700423860946646
2009-12-09,0.8704488753935448
2009-12-10,0.8713494404895246
2009-12-11,0.8744632577085996
2009-12-14,0.8696330866235176
2009-12-15,0.8633102558598081
2009-12-16,0.86207144044099
2009-12-17,0.8547462525649712
2009-12-18,0.8596579049630387
2009-12-21,0.8652580174286068
2009-12-22,0.8670372491358755
2009-12-23,0.8656599392864263
2009-12-24,0.8691510432518353
2009-12-28,0.8712742033204554
2009-12-29,0.871702318230839
2009-12-30,0.8701461884029457
2009-12-31,0.8620338184300688
2010-01-04,0.8742374824174693
2010-01-05,0.8737254324313589
2010-01-06,0.8704421075965154
2010-01-07,0.8706812218372539
2010-01-08,0.8743327038822051
2010-01-11,0.8744554567135255
2010-01-12,0.87163971176489
2010-01-13,0.8758972401294661
2010-01-14,0.8783433791609054
2010-01-15,0.868582973763491
2010-01-19,0.8779740972343726
2010-01-20,0.8676805655015662
2010-01-21,0.8504616141137624
2010-01-22,0.832858028194592
2010-01-25,0.836314221380831
2010-01-26,0.8377124355543439
2010-01-27,0.8404439758642375
2010-01-28,0.831477944449286
2010-01-29,0.8214606371201205
2010-02-01,0.8313391892659453
2010-02-02,0.840195985840915
2010-02-03,0.8420932881689521
2010-02-04,0.8183108570457958
2010-02-05,0.8207761549628064
2010-02-08,0.8153781552714683
2010-02-09,0.8231729054495074
2010-02-10,0.8225470319635971
2010-02-11,0.8268654764167708
2010-02-12,0.8237513195835122
2010-02-16,0.8392734877922086
2010-02-17,0.8407235222906673
2010-02-18,0.8455826236419327
2010-02-19,0.8423766283397982
2010-02-22,0.8427645572218239
2010-02-23,0.834004000905989
2010-02-24,0.8417747555560142
2010-02-25,0.8395108300541569
2010-02-26,0.8424729683507072
2010-03-01,0.8473383628349626
2010-03-02,0.8452859332109051
2010-03-03,0.8459230074116066
2010-03-04,0.8500351539332529
2010-03-05,0.8602061179974461
2010-03-08,0.8585773751834654
2010-03-09,0.8613209881571023
2010-03-10,0.8661556508713721
2010-03-11,0.8698825032636155
2010-03-12,0.8722850722924081
2010-03-15,0.8724755492586455
2010-03-16,0.8787886060417017
2010-03-17,0.8821919426857772
2010-03-18,0.8834314899301423
2010-03-19,0.8788627828233422
2010-03-22,0.8805070445389174
2010-03-23,0.8866787681506975
2010-03-24,0.8847113043441177
2010-03-25,0.8849391121605394
2010-03-26,0.885716464597423
2010-03-29,0.8880935843824042
2010-03-30,0.8896127256262403
2010-03-31,0.8862971703270085
2010-04-01,0.8896309845852187
2010-04-05,0.8943206144460116
2010-04-06,0.8940239961893818
2010-04-07,0.8899355540322019
2010-04-08,0.8938316617296099
2010-04-09,0.898537698003541
2010-04-12,0.9001795432156862
2010-04-13,0.9040724394258269
2010-04-14,0.9129655837503217
2010-04-15,0.9140965858412803
2010-04-16,0.8988929018037356
2010-04-19,0.9033528910891032
2010-04-20,0.9055683021023597
2010-04-21,0.9094493096866859
2010-04-22,0.9086989989869725
2010-04-23,0.9115012783065227
2010-04-26,0.9089247709890909
2010-04-27,0.8948339671380638
2010-04-28,0.9007486697042736
2010-04-29,0.9060293335286179
2010-04-30,0.891741950707851
2010-05-03,0.9015239938825913
2010-05-04,0.8826488962591419
2010-05-05,0.8804529143241867
2010-05-06,0.8527976905233815
2010-05-07,0.8397440594075115
2010-05-10,0.8705470786701665
2010-05-11,0.8680664815046258
2010-05-12,0.8798129296967294
2010-05-13,0.8733718824676695
2010-05-14,0.8626016484689375
2010-05-17,0.8632639131008891
2010-05-18,0.8566739599529792
2010-05-19,0.8507188026246086
2010-05-20,0.8186908743582731
2010-05-21,0.8262912173681136
2010-05-24,0.8187785393445076
2010-05-25,0.8148757673870318
2010-05-26,0.8066925968128905
2010-05-27,0.8294505816835266
2010-05-28,0.8229951048252068
2010-06-01,0.8192405792033086
2010-06-02,0.8354316655665207
2010-06-03,0.8400004310140446
2010-06-04,0.8153322081806974
2010-06-07,0.8060908415666066
2010-06-08,0.8132235816119326
2010-06-09,0.802992520184893
2010-06-10,0.8191256136884357
2010-06-11,0.8206918819748447
2010-06-14,0.8175331569349927
2010-06-15,0.8344005838227219
2010-06-16,0.8359139949270243
2010-06-17,0.8401853272385553
2010-06-18,0.8429073042258227
2010-06-21,0.8373489158923041
2010-06-22,0.8312752949781066
2010-06-23,0.8268785492476876
2010-06-24,0.8165082317231594
2010-06-25,0.8081131453598709
2010-06-28,0.8096741033647235
2010-06-29,0.7877154972741266
2010-06-30,0.7791785565674378
2010-07-01,0.7741348066711412
2010-07-02,0.770827421425416
2010-07-06,0.778324151292449
2010-07-07,0.8000926979765178
2010-07-08,0.8061893354222361
2010-07-09,0.8085148389970042
2010-07-12,0.8132345601823173
2010-07-13,0.8209161484321466
2010-07-14,0.8224470288855827
2010-07-15,0.8227751139277423
2010-07-16,0.8022871878686835
2010-07-19,0.8048796934318365
2010-07-20,0.8133076337442265
2010-07-21,0.8042947783755133
2010-07-22,0.8178062791334473
2010-07-23,0.8257723308838489
2010-07-26,0.8306604911786021
2010-07-27,0.8358284670233749
2010-07-28,0.8310841210941567
2010-07-29,0.8278561743295045
2010-07-30,0.8254133216023377
2010-08-02,0.8416387997700966
2010-08-03,0.8391950254755575
2010-08-04,0.8418887758759587
2010-08-05,0.8411691161537378
2010-08-06,0.8370957915648667
2010-08-09,0.8403100368566413
2010-08-10,0.8343565829663259
2010-08-11,0.8169665886473253
2010-08-12,0.8128759402344823
2010-08-13,0.8080807517042145
2010-08-16,0.8081533802190726
2010-08-17,0.8173578761881636
2010-08-18,0.8179425181975399
2010-08-19,0.8051366560783659
2010-08-20,0.800978758878086
2010-08-23,0.8013035054117806
2010-08-24,0.7906081494877196
2010-08-25,0.7929706528248149
2010-08-26,0.7854758006173932
2010-08-27,0.7946265399274293
2010-08-30,0.7868791010311128
2010-08-31,0.7862159107543691
2010-09-01,0.8053297072133792
2010-09-02,0.8094551056477445
2010-09-03,0.8201405290106688
2010-09-07,0.8132055812368464
2010-09-08,0.8193716196747091
2010-09-09,0.8250560861172388
2010-09-10,0.8259747157832481
2010-09-13,0.8379038628703306
2010-09-14,0.8375072439775026
2010-09-15,0.8417543469049589
2010-09-16,0.8459354645376599
2010-09-17,0.8448270942973809
2010-09-20,0.858708391651907
2010-09-21,0.8574693942727061
2010-09-22,0.8570300259871914
2010-09-23,0.8510750708978967
2010-09-24,0.8632771604837772
2010-09-27,0.8592234459159449
2010-09-28,0.8581444669715352
2010-09-29,0.8544361453708551
2010-09-30,0.8508268278898978
2010-10-01,0.8537821081906878
2010-10-04,0.8482652875020594
2010-10-05,0.8657410089204306
2010-10-06,0.8708156440475777
2010-10-07,0.8705793000319293
2010-10-08,0.875989574607746
2010-10-11,0.878436270063218
2010-10-12,0.8821994741524217
2010-10-13,0.8864167358248495
2010-10-14,0.88470411526764
2010-10-15,0.8916056273074293
2010-10-18,0.9026293987292211
2010-10-19,0.8869335682567584
2010-10-20,0.8926240789272313
2010-10-21,0.8953839323536635
2010-10-22,0.8939827068810495
2010-10-25,0.8932668697779913
2010-10-26,0.8977402445701724
2010-10-27,0.8957752062677209
2010-10-28,0.897054280244382
2010-10-29,0.8991046515155775
2010-11-01,0.9019044962948225
2010-11-02,0.9084516948598512
2010-11-03,0.9122321363233256
2010-11-04,0.9275140391973433
2010-11-05,0.9299564190805836
2010-11-08,0.9293632031717652
2010-11-09,0.9288652078521863
2010-11-10,0.9298301524770951
2010-11-11,0.9258390220620816
2010-11-12,0.9146074383960822
2010-11-15,0.9125868706819352
2010-11-16,0.8999844120653953
2010-11-17,0.8965192093727004
2010-11-18,0.9104493120999493
2010-11-19,0.9104403976219856
2010-11-22,0.909369069689566
2010-11-23,0.8944270087303691
2010-11-24,0.9054154306902621
2010-11-26,0.8986055786535471
2010-11-29,0.8995474805551934
2010-11-30,0.890149747515522
2010-12-01,0.9084581050672251
2010-12-02,0.9183920062444109
2010-12-03,0.9189585694538551
2010-12-06,0.9191762595201908
2010-12-07,0.9211491225731843
2010-12-08,0.9274297288066731
2010-12-09,0.9273543799594546
2010-12-10,0.9333062507067696
2010-12-13,0.9332586902125638
2010-12-14,0.935757633109542
2010-12-15,0.9323563376149732
2010-12-16,0.9365863203626225
2010-12-17,0.9353326846259411
2010-12-20,0.9355486483990336
2010-12-21,0.9422805433691565
2010-12-22,0.9462061447803287
2010-12-23,0.9475511572292314
2010-12-27,0.9466577680374765
2010-12-28,0.9483582166207261
2010-12-29,0.9483230031201385
2010-12-30,0.9460302522162971
2010-12-31,0.9452464179451835
2011-01-03,0.9501297117382012
2011-01-04,0.9532348457341974
2011-01-05,0.9542040979072183
2011-01-06,0.9571861381489928
2011-01-07,0.95735402464468
2011-01-10,0.955950646764761
2011-01-11,0.958415842930665
2011-01-12,0.9680896217092793
2011-01-13,0.9673966679287237
2011-01-14,0.9754825480228515
2011-01-18,0.9780977790877058
2011-01-19,0.9751009921228089
2011-01-20,0.9726426277656329
2011-01-21,0.9758556767239571
2011-01-24,0.988048441146299
2011-01-25,0.9942055834470899
2011-01-26,0.9971515344802457
2011-01-27,0.9974852274062281
2011-01-28,0.9813606186556953
2011-01-31,0.9865286380316379
2011-02-01,1.0047211987384268
2011-02-02,1.0012058548647236
2011-02-03,1.001425428495629
2011-02-04,1.0032193901293742
2011-02-07,1.0131402215999623
2011-02-08,1.0178643986427813
2011-02-09,1.0147216766653393
2011-02-10,1.0119852998367849
2011-02-11,1.0130074063769454
2011-02-14,1.019108429494015
2011-02-15,1.0125314385197455
2011-02-16,1.0152238864410552
2011-02-17,1.016372436295782
2011-02-18,1.0174837824446252
2011-02-22,1.0026309149844217
2011-02-23,1.0052947491096593
2011-02-24,1.0028080913373647
2011-02-25,1.005614398944402
2011-02-28,1.0132216657457116
2011-03-01,0.9998020610194985
2011-03-02,1.0013274689392508
2011-03-03,1.0137289282093527
2011-03-04,1.0054466095667665
2011-03-07,0.998297578259099
2011-03-08,1.0043778944696675
2011-03-09,1.0035549560821067
2011-03-10,0.9828201585040769
2011-03-11,0.9893206956647236
2011-03-14,0.9860782235174774
2011-03-15,0.9743540977974193
2011-03-16,0.9485757385426434
2011-03-17,0.9616783257249768
2011-03-18,0.9622061987343318
2011-03-21,0.9821322820557453
2011-03-22,0.9809097775637928
2011-03-23,0.9821271566943744
2011-03-24,0.9897663451286409
2011-03-25,0.994159927818111
2011-03-28,0.9896134118396943
2011-03-29,0.9941105675193013
2011-03-30,1.0001268177707663
2011-03-31,0.9954110999366117
2011-04-01,0.9992337313869828
2011-04-04,0.9991943854950611
2011-04-05,0.9960058624560628
2011-04-06,0.9980406856967695
2011-04-07,1.0001867353384726
2011-04-08,0.9973187020174171
2011-04-11,0.9930947815493318
2011-04-12,0.9844074172534383
2011-04-13,0.9855949085318438
2011-04-14,0.9861910395050315
2011-04-15,0.9827469934382473
2011-04-18,0.9772362993687556
2011-04-19,0.9824981341899673
2011-04-20,0.994908551106447
2011-04-21,0.9987760533537803
2011-04-25,0.9983047655718743
2011-04-26,1.0074560392633998
2011-04-27,1.014856105583789
2011-04-28,1.0149416340933721
2011-04-29,1.0163312445282242
2011-05-02,1.0098669511411207
2011-05-03,1.0087076039329386
2011-05-04,1.0045078925090567
2011-05-05,0.9897805927998699
2011-05-06,0.9914387793741403
2011-05-09,0.9949622414491293
2011-05-10,0.9999671976992087
2011-05-11,0.9890845950215821
2011-05-12,0.9931775609272513
2011-05-13,0.9848905815893915
2011-05-16,0.9762445690888273
2011-05-17,0.9786483100152826
2011-05-18,0.9864635441876137
2011-05-19,0.9903458434243559
2011-05-20,0.9809582487602525
2011-05-23,0.9723433821464013
2011-05-24,0.9711015236680897
2011-05-25,0.9753386204140054
2011-05-26,0.9778116180527903
2011-05-27,0.9799415677322201
2011-05-31,0.9937603993827122
2011-06-01,0.9773278954571151
2011-06-02,0.972482263002451
2011-06-03,0.9659690398867203
2011-06-06,0.9583963881786263
2011-06-07,0.9537679405278554
2011-06-08,0.9549419224134552
2011-06-09,0.9577890763512814
2011-06-10,0.9445792515339797
2011-06-13,0.944055460385676
2011-06-14,0.9541257683892762
2011-06-15,0.9385095838159254
2011-06-16,0.944284366260337
2011-06-17,0.9427969938943153
2011-06-20,0.9454068030873677
2011-06-21,0.9566446987466459
2011-06-22,0.9497370498696165
2011-06-23,0.9463758179227149
2011-06-24,0.9329292092721831
2011-06-27,0.9456415731147774
2011-06-28,0.9585297368686568
2011-06-29,0.9615120845606223
2011-06-30,0.9727608504490275
2011-07-01,0.9854721215908133
2011-07-05,0.9881724145049613
2011-07-06,0.9919121562094169
2011-07-07,1.0034012737601885
2011-07-08,0.9994892899525464
2011-07-11,0.9884657567212046
2011-07-12,0.9876861861908574
2011-07-13,0.9936735936538885
2011-07-14,0.9900328429333655
2011-07-15,1.0057862908247555
2011-07-18,1.0057007575025938
2011-07-19,1.0234450622687563
2011-07-20,1.023586203767997
2011-07-21,1.0360256788242952
2011-07-22,1.040530636299159
2011-07-25,1.0375249287608355
2011-07-26,1.036121918112515
2011-07-27,1.0178475938344684
2011-07-28,1.0146254188572803
2011-07-29,1.0049560836120026
2011-08-01,1.0083757655144365
2011-08-02,0.9875843722682863
2011-08-03,0.9912613780218216
2011-08-04,0.9503223931624307
2011-08-05,0.9545424315575686
2011-08-08,0.9040170889983279
2011-08-09,0.9409839041864358
2011-08-10,0.9003490202900436
2011-08-11,0.9339612245036176
2011-08-12,0.9399287443508777
2011-08-15,0.9579927896754684
2011-08-16,0.9516808144771509
2011-08-17,0.952842003683245
2011-08-18,0.9187558084871371
2011-08-19,0.9034149530145112
2011-08-22,0.9061792358454289
2011-08-23,0.9392117009658022
2011-08-24,0.9453819124131775
2011-08-25,0.9318443739920599
2011-08-26,0.9452755532772523
2011-08-29,0.964522728069766
2011-08-30,0.9652890519243521
2011-08-31,0.9673993375186938
2011-09-01,0.9575410868643892
2011-09-02,0.9398300252683945
2011-09-06,0.9326536949980646
2011-09-07,0.9539671014440527
2011-09-08,0.9488920161238251
2011-09-09,0.9277878324576181
2011-09-12,0.9348600593292683
2011-09-13,0.9384785327096298
2011-09-14,0.9514373230374038
2011-09-15,0.9667746922641721
2011-09-16,0.9777789746937638
2011-09-19,0.976223237317227
2011-09-20,0.9763133462188537
2011-09-21,0.9543671054709482
2011-09-22,0.9259579081805412
2011-09-23,0.9300398608675147
2011-09-26,0.9519566017221137
2011-09-27,0.9603970578669079
2011-09-28,0.9497712904633797
2011-09-29,0.9597789460546758
2011-09-30,0.9405175047574014
2011-10-03,0.9237644860453774
2011-10-04,0.9386725992219656
2011-10-05,0.9511604119114366
2011-10-06,0.9583221404030549
2011-10-07,0.9542475450145231
2011-10-10,0.9868300111206523
2011-10-11,0.9897366724489579
2011-10-12,0.9974254947748096
2011-10-13,0.99863291949187
2011-10-14,1.0201762169005895
2011-10-17,1.0065033989794963
2011-10-18,1.0194143592647558
2011-10-19,1.0049670629898788
2011-10-20,1.008256044130081
2011-10-21,1.018421419079984
2011-10-24,1.0245079424731314
2011-10-25,1.0103053831833164
2011-10-26,1.0219556615277634
2011-10-27,1.0417249268619604
2011-10-28,1.0388306865364993
2011-10-31,1.0173604244707597
2011-11-01,0.9929808631218454
2011-11-02,1.0051396137732624
2011-11-03,1.0219769361985769
2011-11-04,1.0156613459811636
2011-11-07,1.023581100741138
2011-11-08,1.0357881707516732
2011-11-09,1.0050959727106492
2011-11-10,1.0075631565780374
2011-11-11,1.021722203391251
2011-11-14,1.0136948447236336
2011-11-15,1.016015508988492
2011-11-16,1.003077266572974
2011-11-17,0.992522988497849
2011-11-18,0.9900830615474767
2011-11-21,0.9728725807432254
2011-11-22,0.9727586408055698
2011-11-23,0.9552675095007519
2011-11-25,0.9494396446130806
2011-11-28,0.9750960664308722
2011-11-29,0.9782123078877188
2011-11-30,1.0148460251349236
2011-12-01,1.0143595805906913
2011-12-02,1.0160593766943093
2011-12-05,1.0252884490011775
2011-12-06,1.0298947322036438
2011-12-07,1.03152642003329
2011-12-08,1.0188467089445108
2011-12-09,1.0334733204936482
2011-12-12,1.022360148348574
2011-12-13,1.0222483007713847
2011-12-14,1.0111252976482212
2011-12-15,1.011896458382179
2011-12-16,1.0163323395573292
2011-12-19,1.008951890871159
2011-12-20,1.0357551089908612
2011-12-21,1.0378152013404807
2011-12-22,1.0460622025498287
2011-12-23,1.0572671393932733
2011-12-27,1.0585008910453673
2011-12-28,1.0493830347591462
2011-12-29,1.0587637259193303
2011-12-30,1.0536313680469012
2012-01-03,1.0726646044814636
2012-01-04,1.0747804114179156
2012-01-05,1.0737258726072216
2012-01-06,1.0717336031254625
2012-01-09,1.0690344099998907
2012-01-10,1.070024701032644
2012-01-11,1.0688659309879114
2012-01-12,1.0669155235408454
2012-01-13,1.0659626859709497
2012-01-17,1.071934030644642
2012-01-18,1.0793826374695563
2012-01-19,1.0826723139914505
2012-01-20,1.0841180856262813
2012-01-23,1.084395315111787
2012-01-24,1.0785532907154662
2012-01-25,1.0927734100727198
2012-01-26,1.0877434281618212
2012-01-27,1.083497914797268
2012-01-30,1.0849278000605542
2012-01-31,1.081165196173823
2012-02-01,1.0847003774442638
2012-02-02,1.0841563389002618
2012-02-03,1.096345364469125
2012-02-06,1.1027398400503359
2012-02-07,1.1071662255233548
2012-02-08,1.1107462428503723
2012-02-09,1.1168717039157383
2012-02-10,1.10970254569447
2012-02-13,1.118826680875478
2012-02-14,1.1209851510182023
2012-02-15,1.1107709892106912
2012-02-16,1.1250765488193601
2012-02-17,1.127512400080186
2012-02-21,1.134858624900628
2012-02-22,1.1297897528060312
2012-02-23,1.137367438081767
2012-02-24,1.143268913049779
2012-02-27,1.1431217647153755
2012-02-28,1.151358673068568
2012-02-29,1.15019921096542
2012-03-01,1.1544525669730337
2012-03-02,1.15234622133835
2012-03-05,1.148892035723955
2012-03-06,1.137365155690341
2012-03-07,1.1426171133024254
2012-03-08,1.1494554427950472
2012-03-09,1.1497203511585992
2012-03-12,1.1589939322256246
2012-03-13,1.1790745153484954
2012-03-14,1.187110310214083
2012-03-15,1.1891565205661792
2012-03-16,1.1885420379685538
2012-03-19,1.1962883853592585
2012-03-20,1.193483255006633
2012-03-21,1.1903134888841935
2012-03-22,1.1861154719867555
2012-03-23,1.1858859778165145
2012-03-26,1.2020512094777382
2012-03-27,1.2014113619218267
2012-03-28,1.200207551931948
2012-03-29,1.1960741868770248
2012-03-30,1.194455058460211
2012-04-02,1.2063430592986508
2012-04-03,1.2029079882188733
2012-04-04,1.1902294255375612
2012-04-05,1.1927444285872917
2012-04-09,1.1846299046805293
2012-04-10,1.1676553381217525
2012-04-11,1.169941983912375
2012-04-12,1.180315140073382
2012-04-13,1.1603480249341829
2012-04-16,1.1547760972189267
2012-04-17,1.1814384397972582
2012-04-18,1.1738547949440354
2012-04-19,1.1606482064471104
2012-04-20,1.162446154622564
2012-04-23,1.1543775719821354
2012-04-24,1.15307836656574
2012-04-25,1.178885746274199
2012-04-26,1.1836079681905607
2012-04-27,1.179867997270564
2012-04-30,1.1696571186065448
2012-05-01,1.1745524916031633
2012-05-02,1.1728122599255029
2012-05-03,1.169004413618706
2012-05-04,1.1496164559267237
2012-05-07,1.1526637827299853
2012-05-08,1.1492795534550353
2012-05-09,1.1451009897571665
2012-05-10,1.149534933471305
2012-05-11,1.1478204488532715
2012-05-14,1.1350574237094702
2012-05-15,1.1304915407829526
2012-05-16,1.13390367942683
2012-05-17,1.1264993236815912
2012-05-18,1.1181385251037435
2012-05-21,1.1402223010743073
2012-05-22,1.136490300320545
2012-05-23,1.1408266331794215
2012-05-24,1.1412213643126188
2012-05-25,1.1345472971139496
2012-05-29,1.1453403839353098
2012-05-30,1.1349240874452582
2012-05-31,1.131384190051725
2012-06-01,1.110982295273822
2012-06-04,1.1121339919658033
2012-06-05,1.1094909120028782
2012-06-06,1.1345883309314921
2012-06-07,1.1373821105267337
2012-06-08,1.1490857453300765
2012-06-11,1.134590862331602
2012-06-12,1.144834292119224
2012-06-13,1.13695488496596
2012-06-14,1.1474678666391362
2012-06-15,1.160685981650872
2012-06-18,1.162426142058467
2012-06-19,1.1730720638342886
2012-06-20,1.1720278457130768
2012-06-21,1.1466733862047276
2012-06-22,1.1535257369136984
2012-06-25,1.1386373113537218
2012-06-26,1.1467442960134475
2012-06-27,1.155798446647878
2012-06-28,1.1523214046776329
2012-06-29,1.1798207529443645
2012-07-02,1.1812394922623273
2012-07-03,1.1914170647889104
2012-07-05,1.192987601223009
2012-07-06,1.1815689350134346
2012-07-09,1.1822639740817684
2012-07-10,1.1733382722230419
2012-07-11,1.1729429032438234
2012-07-12,1.1677455012976738
2012-07-13,1.1847447054786888
2012-07-16,1.1826244325069615
2012-07-17,1.187897991541825
2012-07-18,1.194950289370334
2012-07-19,1.2028854608142776
2012-07-20,1.1978779758410087
2012-07-23,1.1914560099769238
2012-07-24,1.1851288012827212
2012-07-25,1.1754449980501125
2012-07-26,1.1899988571035531
2012-07-27,1.2078111366735462
2012-07-30,1.2120591824656168
2012-07-31,1.2136427750585927
2012-08-01,1.2100981427831736
2012-08-02,1.2038992728363525
2012-08-03,1.225214920785762
2012-08-06,1.2285920707562272
2012-08-07,1.2311968066102423
2012-08-08,1.233348813856804
2012-08-09,1.2360292340857137
2012-08-10,1.2380965467695
2012-08-13,1.2418192301735822
2012-08-14,1.2442454535187164
2012-08-15,1.2441750429583072
2012-08-16,1.2506325689679236
2012-08-17,1.2557261460313818
2012-08-20,1.2600919327246258
2012-08-21,1.2510021449670123
2012-08-22,1.2571270615317331
2012-08-23,1.2492224337960525
2012-08-24,1.2564331277366991
2012-08-27,1.259632416291577
2012-08-28,1.260086834267418
2012-08-29,1.2603803840455323
2012-08-30,1.2489438978561154
2012-08-31,1.2555608327211798
2012-09-04,1.256553142707034
2012-09-05,1.2564731875872894
2012-09-06,1.2804798306424512
2012-09-07,1.285048917836911
2012-09-10,1.274951102833529
2012-09-11,1.276047514517627
2012-09-12,1.2811665081306132
2012-09-13,1.301323326870957
2012-09-14,1.3092841075631119
2012-09-17,1.3108922793345
2012-09-18,1.3129701808114884
2012-09-19,1.3128457048783215
2012-09-20,1.318243352150904
2012-09-21,1.319442226295135
2012-09-24,1.3149351361660662
2012-09-25,1.3034177654190893
2012-09-26,1.2963810100234532
2012-09-27,1.3089947977500938
2012-09-28,1.300531434383942
2012-10-01,1.3018194439482609
2012-10-02,1.301520602510833
2012-10-03,1.3082789289646473
2012-10-04,1.3119439769761432
2012-10-05,1.308353936045944
2012-10-08,1.2991161763848016
2012-10-09,1.2873897689937535
2012-10-10,1.2802600204001782
2012-10-11,1.2762842537819008
2012-10-12,1.2773083400212695
2012-10-15,1.2869706533159626
2012-10-16,1.2985096339245927
2012-10-17,1.2993858553623143
2012-10-18,1.2812887930022387
2012-10-19,1.2543425475934296
2012-10-22,1.2589982251711356
2012-10-23,1.2356627336131185
2012-10-24,1.2362452780112372
2012-10-25,1.239486499322306
2012-10-26,1.237228366405097
2012-10-31,1.2356785076291348
2012-11-01,1.2446441790132545
2012-11-02,1.2269229396143724
2012-11-05,1.2321018296029498
2012-11-06,1.2382940181010234
2012-11-07,1.2076410493532308
2012-11-08,1.187342103269461
2012-11-09,1.1938150519233643
2012-11-12,1.1902349277098454
2012-11-13,1.181324243102134
2012-11-14,1.1675237549422517
2012-11-15,1.15747609285649
2012-11-16,1.160378836754906
2012-11-19,1.1921493214767014
2012-11-20,1.1889400004302857
2012-11-21,1.192926430997248
2012-11-23,1.2114169799550165
2012-11-26,1.2141895520897825
2012-11-27,1.2049948696296533
2012-11-28,1.2148177587803712
2012-11-29,1.217179215339415
2012-11-30,1.216710473886858
2012-12-03,1.2103528410613336
2012-12-04,1.204222300906174
2012-12-05,1.1937653537118251
2012-12-06,1.2013286185556313
2012-12-07,1.1983171035008657
2012-12-10,1.1979295893006383
2012-12-11,1.207877398555788
2012-12-12,1.2079465667333216
2012-12-13,1.2005790045395832
2012-12-14,1.1889073403363095
2012-12-17,1.202888499492769
2012-12-18,1.2144902056036473
2012-12-19,1.20158019185161
2012-12-20,1.2057260974557356
2012-12-21,1.1943925771475026
2012-12-24,1.1895485476205596
2012-12-26,1.1833092315654705
2012-12-27,1.184010340959419
2012-12-28,1.168318674131001
2012-12-31,1.1905289210601384
2013-01-02,1.2155106106600675
2013-01-03,1.2086186669175056
2013-01-04,1.205266017740737
2013-01-07,1.198167053414341
2013-01-08,1.198233350090975
2013-01-09,1.1953257792531877
2013-01-10,1.2035205948972683
2013-01-11,1.2063377084683073
2013-01-14,1.1972227554965813
2013-01-15,1.1935494633787438
2013-01-16,1.2001457861443117
2013-01-17,1.2026189403349021
2013-01-18,1.2067666288532253
2013-01-22,1.2104845177356012
2013-01-23,1.225275217567325
2013-01-24,1.2044459860162853
2013-01-25,1.2035118061735364
2013-01-28,1.2067792817672536
2013-01-29,1.2148351528173875
2013-01-30,1.208311136236728
2013-01-31,1.2041576452299865
2013-02-01,1.2144807157976234
2013-02-04,1.1972092043076223
2013-02-05,1.2113100345988146
2013-02-06,1.2119990268625942
2013-02-07,1.213438063769424
2013-02-08,1.2223593430113866
2013-02-11,1.2231570449044913
2013-02-12,1.2207295179566087
2013-02-13,1.2255640568349722
2013-02-14,1.226717788792809
2013-02-15,1.2225836413328495
2013-02-19,1.2318570586950657
2013-02-20,1.2200781606598206
2013-02-21,1.2186241412576349
2013-02-22,1.2278185328954931
2013-02-25,1.2079821027642776
2013-02-26,1.216720492620949
2013-02-27,1.2291673878996654
2013-02-28,1.226598984615214
2013-03-01,1.2257554062279634
2013-03-04,1.2281940980128974
2013-03-05,1.2421552117768249
2013-03-06,1.2393568070345742
2013-03-07,1.2412796055297677
2013-03-08,1.2435921728567993
2013-03-11,1.2466088613632942
2013-03-12,1.2403352941570782
2013-03-13,1.2422886367452286
2013-03-14,1.2501591982146893
2013-03-15,1.2481392688048951
2013-03-18,1.247386609439823
2013-03-19,1.2479692194108145
2013-03-20,1.2525619048409602
2013-03-21,1.2475981278162416
2013-03-22,1.2585219152730776
2013-03-25,1.2566648991277203
2013-03-26,1.2622729483063089
2013-03-27,1.2569198714137941
2013-03-28,1.2534445239794207
2013-04-01,1.2502153068370756
2013-04-02,1.2582301966928657
2013-04-03,1.250520974040802
2013-04-04,1.248707140534569
2013-04-05,1.2403821430518398
2013-04-08,1.2418576317129824
2013-04-09,1.248749921515675
2013-04-10,1.2622611255608664
2013-04-11,1.260917762042944
2013-04-12,1.2577529257671727
2013-04-15,1.2354078062565401
2013-04-16,1.249914558633433
2013-04-17,1.2301059651865314
2013-04-18,1.217479302259545
2013-04-19,1.2206616445569505
2013-04-22,1.2266315973930382
2013-04-23,1.2403741007051237
2013-04-24,1.245577575395117
2013-04-25,1.24824673843908
2013-04-26,1.2528611125873508
2013-04-29,1.2671794736898454
2013-04-30,1.2772968812813057
2013-05-01,1.2661981549596348
2013-05-02,1.2810064719672232
2013-05-03,1.2963460823456459
2013-05-06,1.303927947919255
2013-05-07,1.3035955308069413
2013-05-08,1.311995961152761
2013-05-09,1.306519882711101
2013-05-10,1.3082614685790226
2013-05-13,1.3076658473262086
2013-05-14,1.3152404457662008
2013-05-15,1.3174441835613808
2013-05-16,1.314686931152209
2013-05-17,1.325071792125903
2013-05-20,1.3318461823950138
2013-05-21,1.332245387795045
2013-05-22,1.3257222733364329
2013-05-23,1.319089134243803
2013-05-24,1.3185449807646725
2013-05-28,1.3277222080546012
2013-05-29,1.322392029648367
2013-05-30,1.3280927880331066
2013-05-31,1.3151012522222738
2013-06-03,1.324722237970407
2013-06-04,1.315774523343619
2013-06-05,1.3025017156238237
2013-06-06,1.3057508188851166
2013-06-07,1.3233886843936997
2013-06-10,1.3212909942134514
2013-06-11,1.309611789058479
2013-06-12,1.2997415541107464
2013-06-13,1.312086992497356
2013-06-14,1.3026046441363544
2013-06-17,1.3136107567270852
2013-06-18,1.322617860212892
2013-06-19,1.3060763342048751
2013-06-20,1.2779284793174805
2013-06-21,1.2790831746634241
2013-06-24,1.2684407672217766
2013-06-25,1.2740419924933195
2013-06-26,1.2824762133421403
2013-06-27,1.284021597724481
2013-06-28,1.2791921405481408
2013-07-01,1.2887985320072748
2013-07-02,1.2885619506699064
2013-07-03,1.2918512055921392
2013-07-05,1.3025840106934892
2013-07-08,1.3094020146880851
2013-07-09,1.3179628880128051
2013-07-10,1.316367037547987
2013-07-11,1.3332393019476776
2013-07-12,1.3331135118477047
2013-07-15,1.335960815118866
2013-07-16,1.335859594635361
2013-07-17,1.3350706324399868
2013-07-18,1.3398088627550844
2013-07-19,1.3295349501614562
2013-07-22,1.3346219119218747
2013-07-23,1.3308047032651937
2013-07-24,1.3367810282295982
2013-07-25,1.3340526532993522
2013-07-26,1.3356175537373736
2013-07-29,1.3329931151972123
2013-07-30,1.3358533416133185
2013-07-31,1.3345797568860296
2013-08-01,1.340573838918911
2013-08-02,1.3436523496102593
2013-08-05,1.3431588538200314
2013-08-06,1.333705695775667
2013-08-07,1.3322398545085634
2013-08-08,1.336023459928549
2013-08-09,1.327448518206455
2013-08-12,1.3316336063184344
2013-08-13,1.338977203394088
2013-08-14,1.3346708873087272
2013-08-15,1.3205993745827216
2013-08-16,1.320670422479186
2013-08-19,1.3179658319015832
2013-08-20,1.3144331036856969
2013-08-21,1.3118253878844082
2013-08-22,1.318447137273458
2013-08-23,1.3288356658871312
2013-08-26,1.3219159963523057
2013-08-27,1.3015683281489787
2013-08-28,1.3085125763163232
2013-08-29,1.3070869352798187
2013-08-30,1.3028362384658703
2013-09-03,1.3007601772012625
2013-09-04,1.3066983266971544
2013-09-05,1.3066394418173701
2013-09-06,1.306209688760217
2013-09-09,1.3202616408370562
2013-09-10,1.3246270826389643
2013-09-11,1.3234810338601726
2013-09-12,1.3204467967682765
2013-09-13,1.3196392895188531
2013-09-16,1.317809781181418
2013-09-17,1.32330370965495
2013-09-18,1.3416145780887203
2013-09-19,1.34335064708962
2013-09-20,1.3329593124563328
2013-09-23,1.33804628223686
2013-09-24,1.3314423820753536
2013-09-25,1.322970087887872
2013-09-26,1.3262006850548056
2013-09-27,1.320663314859247
2013-09-30,1.311366435923435
2013-10-01,1.3218087721831642
2013-10-02,1.3240060925588781
2013-10-03,1.3112730297618787
2013-10-04,1.3129504799958776
2013-10-07,1.3056791707173654
2013-10-08,1.293647272772647
2013-10-09,1.297288107171741
2013-10-10,1.3188677571386072
2013-10-11,1.3299687314101547
2013-10-14,1.3360756441802644
2013-10-15,1.3321140872951434
2013-10-16,1.3457874015392226
2013-10-17,1.3447837958101005
2013-10-18,1.3680709545616683
2013-10-21,1.3726494194800445
2013-10-22,1.3777534375540323
2013-10-23,1.375724030611672
2013-10-24,1.3835228621950484
2013-10-25,1.3848630772808903
2013-10-28,1.3898521457825983
2013-10-29,1.3934930046957164
2013-10-30,1.3926917910334637
2013-10-31,1.3890557299907795
2013-11-01,1.3901574794314067
2013-11-04,1.3986519416943597
2013-11-05,1.398137015654559
2013-11-06,1.413986000311281
2013-11-07,1.3994633989430552
2013-11-08,1.4149661521251795
2013-11-11,1.4160860588075452
2013-11-12,1.4113697547272237
2013-11-13,1.419079738633672
2013-11-14,1.4245409803353943
2013-11-15,1.4299824161454855
2013-11-18,1.425481235345407
2013-11-19,1.4257089948354988
2013-11-20,1.421389168174158
2013-11-21,1.4293692329524192
2013-11-22,1.432697957905854
2013-11-25,1.4335406452513344
2013-11-26,1.4360636963804154
2013-11-27,1.4431592209574888
2013-11-29,1.4475650574385903
2013-12-02,1.443038755556001
2013-12-03,1.4486311279774684
2013-12-04,1.45071044807698
2013-12-05,1.4433126234850855
2013-12-06,1.455234308322369
2013-12-09,1.4635404322810168
2013-12-10,1.4578121485792717
2013-12-11,1.4423418082689088
2013-12-12,1.4359942999104123
2013-12-13,1.4292866391479977
2013-12-16,1.4399754023263571
2013-12-17,1.431845491937109
2013-12-18,1.4507283333328407
2013-12-19,1.4479258715817551
2013-12-20,1.451745687047972
2013-12-23,1.4655351406920951
2013-12-24,1.4701271097393382
2013-12-26,1.479357257882312
2013-12-27,1.4786669746420036
2013-12-30,1.4728189382557733
2013-12-31,1.4812116097974073
2014-01-02,1.4582245339493805
2014-01-03,1.4520888219981025
2014-01-06,1.4498536677986182
2014-01-07,1.4593404643280492
2014-01-08,1.4550937471358902
2014-01-09,1.449367920591604
2014-01-10,1.447170349503745
2014-01-13,1.4334092114349353
2014-01-14,1.4496734194040182
2014-01-15,1.4610512352745315
2014-01-16,1.4585114970275832
2014-01-17,1.447530184021202
2014-01-21,1.4489634476263984
2014-01-22,1.4468178557478026
2014-01-23,1.4386307469944437
2014-01-24,1.4140127225709482
2014-01-27,1.4086607680319614
2014-01-28,1.400991720794314
2014-01-29,1.3908966781807401
2014-01-30,1.3995603891252224
2014-01-31,1.3963041761534722
2014-02-03,1.3654751805743002
2014-02-04,1.3702206537475619
2014-02-05,1.3683625171809497
2014-02-06,1.3835495681568502
2014-02-07,1.401342464431798
2014-02-10,1.404002003176859
2014-02-11,1.4233423854697185
2014-02-12,1.4229578608023712
2014-02-13,1.432824275963383
2014-02-14,1.4423939804194525
2014-02-18,1.4418745156413837
2014-02-19,1.4323497733930053
2014-02-20,1.433372565061403
2014-02-21,1.4276610074356542
2014-02-24,1.4356030078714532
2014-02-25,1.4351319591344567
2014-02-26,1.434298418520381
2014-02-27,1.4421635688524908
2014-02-28,1.4466123983600656
2014-03-03,1.4376416345048504
2014-03-04,1.4565121076914418
2014-03-05,1.4511016406183013
2014-03-06,1.4561065917537424
2014-03-07,1.4604846273355483
2014-03-10,1.4632297511100412
2014-03-11,1.4601749473260999
2014-03-12,1.4655868501494758
2014-03-13,1.4504768670773927
2014-03-14,1.439508399824556
2014-03-17,1.4535223507484896
2014-03-18,1.4677668799779813
2014-03-19,1.4569449699927126
2014-03-20,1.4687157742969008
2014-03-21,1.4723287427899432
2014-03-24,1.4720107495559798
2014-03-25,1.480106408394447
2014-03-26,1.4673020919137083
2014-03-27,1.4680069794528583
2014-03-28,1.476864009972594
2014-03-31,1.4833503918419808
2014-04-01,1.4897409552747318
2014-04-02,1.4919261299939093
2014-04-03,1.4911246680751755
2014-04-04,1.4722988107006179
2014-04-07,1.4601192875588844
2014-04-08,1.468629640022412
2014-04-09,1.4812636063337095
2014-04-10,1.4527809997581433
2014-04-11,1.4474290456969798
2014-04-14,1.457987682506341
2014-04-15,1.4685871310884402
2014-04-16,1.4847501700907886
2014-04-17,1.4859523184362582
2014-04-21,1.489652416982549
2014-04-22,1.4917439082985613
2014-04-23,1.4870995763167698
2014-04-24,1.5025311185254173
2014-04-25,1.5020862971232296
2014-04-28,1.5227847291708652
2014-04-29,1.5271245934646427
2014-04-30,1.5287063985597173
2014-05-01,1.5249974633569154
2014-05-02,1.5197000465763653
2014-05-05,1.5229355361548282
2014-05-06,1.507303454366662
2014-05-07,1.5172862786745966
2014-05-08,1.5148510772606492
2014-05-09,1.5174048256827657
2014-05-12,1.5295025384832555
2014-05-13,1.5362561103960055
2014-05-14,1.5305451717039233
2014-05-15,1.5140344640701326
2014-05-16,1.5187816970708772
2014-05-19,1.525214495137982
2014-05-20,1.5187890479421666
2014-05-21,1.5336055091118597
2014-05-22,1.5347675223915676
2014-05-23,1.540227526859597
2014-05-27,1.550088425362654
2014-05-28,1.545781503343214
2014-05-29,1.5540482903623958
2014-05-30,1.558490567670386
2014-06-02,1.5534655782328897
2014-06-03,1.5524454401419514
2014-06-04,1.554483452321013
2014-06-05,1.5690881030398776
2014-06-06,1.5755446854215964
2014-06-09,1.5819656212300885
2014-06-10,1.5838690536906905
2014-06-11,1.5785526217922432
2014-06-12,1.565741422421937
2014-06-13,1.5679451245840421
2014-06-16,1.5674174287251808
2014-06-17,1.5667665036637028
2014-06-18,1.5765285786334553
2014-06-19,1.5805638572115197
2014-06-20,1.5850551951507506
2014-06-23,1.5883664707090042
2014-06-24,1.5793691838142048
2014-06-25,1.5840439982602033
2014-06-26,1.5811271527725956
2014-06-27,1.5864119268061485
2014-06-30,1.5825148714617676
2014-07-01,1.5920046244715855
2014-07-02,1.5938396313513132
2014-07-03,1.6021313567196693
2014-07-07,1.6066893100327309
2014-07-08,1.597065067740788
2014-07-09,1.6025805421539365
2014-07-10,1.5952143466064608
2014-07-11,1.595811809544391
2014-07-14,1.6049810955464021
2014-07-15,1.5989170280660983
2014-07-16,1.6068699689107113
2014-07-17,1.5892179123205061
2014-07-18,1.6077259191557651
2014-07-21,1.6026948583473213
2014-07-22,1.6107180434187642
2014-07-23,1.6204191265073606
2014-07-24,1.6184787245831938
2014-07-25,1.6135224316706507
2014-07-28,1.6174167194729252
2014-07-29,1.6087100945714472
2014-07-30,1.608945206070087
2014-07-31,1.5706666193008811
2014-08-01,1.5674652463669723
2014-08-04,1.579493623255436
2014-08-05,1.5620184236130144
2014-08-06,1.5694304576616476
2014-08-07,1.5667574311181167
2014-08-08,1.5806084426336011
2014-08-11,1.58443233284946
2014-08-12,1.5822303692258448
2014-08-13,1.5963662263635618
2014-08-14,1.6019763206292972
2014-08-15,1.6006519681867746
2014-08-18,1.6161959742300083
2014-08-19,1.625752098378851
2014-08-20,1.6260670562693202
2014-08-21,1.6315492471913442
2014-08-22,1.628078959760943
2014-08-25,1.6309330142381318
2014-08-26,1.6292778905732759
2014-08-27,1.6314461958273823
2014-08-28,1.6294060055527215
2014-08-29,1.6356222578997017
2014-09-02,1.6352545722561413
2014-09-03,1.6249438193203793
2014-09-04,1.623622782963652
2014-09-05,1.6356569809965709
2014-09-08,1.6308276473793226
2014-09-09,1.6227471253698498
2014-09-10,1.63380753904243
2014-09-11,1.6345446836611357
2014-09-12,1.6266629880058596
2014-09-15,1.6284276091490544
2014-09-16,1.6387294822670715
2014-09-17,1.6424697741224548
2014-09-18,1.6494259731739103
2014-09-19,1.6560577887915937
2014-09-22,1.6451019874271147
2014-09-23,1.6400082056663627
2014-09-24,1.6454339065771644
2014-09-25,1.6108668476885992
2014-09-26,1.6285688295829934
2014-09-29,1.6206960608740384
2014-09-30,1.6223765697753907
2014-10-01,1.6003438078120655
2014-10-02,1.603596766595016
2014-10-03,1.616078674070038
2014-10-06,1.6163949696172784
2014-10-07,1.5927900841245508
2014-10-08,1.624092465944781
2014-10-09,1.59591990938664
2014-10-10,1.57771393823868
2014-10-13,1.560148153796959
2014-10-14,1.552273318925206
2014-10-15,1.5369539709484534
2014-10-16,1.52806328464761
2014-10-17,1.5430753410071691
2014-10-20,1.5592985811051074
2014-10-21,1.589184677589219
2014-10-22,1.585844089627432
2014-10-23,1.6067051041879288
2014-10-24,1.6153472010563856
2014-10-27,1.6134786544840014
2014-10-28,1.6325715721566545
2014-10-29,1.6341003707091253
2014-10-30,1.6334557137165673
2014-10-31,1.6530434002058152
2014-11-03,1.652432815266508
2014-11-04,1.6522873366709023
2014-11-05,1.6581638039037923
2014-11-06,1.6695413527175007
2014-11-07,1.6732089277827968
2014-11-10,1.677783960095411
2014-11-11,1.680238281883312
2014-11-12,1.681947239897875
2014-11-13,1.6927891160332178
2014-11-14,1.6960545449906979
2014-11-17,1.6937967311639623
2014-11-18,1.6981373382415321
2014-11-19,1.6983724592806908
2014-11-20,1.7038593346560602
2014-11-21,1.708595710860448
2014-11-24,1.711987207296615
2014-11-25,1.7042608220864472
2014-11-26,1.7096313899905566
2014-11-28,1.7007665034406985
2014-12-01,1.6897165441382287
2014-12-02,1.6969747483081945
2014-12-03,1.6993633006559528
2014-12-04,1.6990451378121971
2014-12-05,1.691027331384469
2014-12-08,1.6727589685606359
2014-12-09,1.6748317837126576
2014-12-10,1.6479474378622658
2014-12-11,1.6546626405086158
2014-12-12,1.6257320637643164
2014-12-15,1.6142126765028777
2014-12-16,1.5926991899446707
2014-12-17,1.6253361333654375
2014-12-18,1.66953921288041
2014-12-19,1.6741632247346219
2014-12-22,1.6866876867568024
2014-12-23,1.692745897793635
2014-12-24,1.6865567415591376
2014-12-26,1.692125479231487
2014-12-29,1.6901247993426842
2014-12-30,1.6824175660004212
2014-12-31,1.6628615236776225
2015-01-02,1.6503710049191844
2015-01-05,1.6214940075521505
2015-01-06,1.6081543527656568
2015-01-07,1.6261882930410505
2015-01-08,1.6589502330614336
2015-01-09,1.6447897220459018
2015-01-12,1.6270677656520447
2015-01-13,1.628623521119289
2015-01-14,1.6183698160166042
2015-01-15,1.6025327856736773
2015-01-16,1.6166201192550345
2015-01-20,1.6221783053115184
2015-01-21,1.6279756388290265
2015-01-22,1.662887064968196
2015-01-23,1.6571109465470482
2015-01-26,1.6585001549525271
2015-01-27,1.6133339071010928
2015-01-28,1.6043896140317018
2015-01-29,1.6246583387765816
2015-01-30,1.606444477767434
2015-02-02,1.6266406664208735
2015-02-03,1.6422013345930535
2015-02-04,1.638275369217885
2015-02-05,1.6552732431630575
2015-02-06,1.6528703887372174
2015-02-09,1.6476667233549833
2015-02-10,1.6628771734958756
2015-02-11,1.6656236475021329
2015-02-12,1.6792677032236694
2015-02-13,1.6897184091168889
2015-02-17,1.6912443835137956
2015-02-18,1.6871192895130853
2015-02-19,1.6784178885953076
2015-02-20,1.686455546460854
2015-02-23,1.693188743602558
2015-02-24,1.6970076156281357
2015-02-25,1.6916708274709216
2015-02-26,1.699466034542545
2015-02-27,1.6922995960693308
2015-03-02,1.7005578598543685
2015-03-03,1.6941304467942182
2015-03-04,1.6831231734392578
2015-03-05,1.682669386201387
2015-03-06,1.66470933961484
2015-03-09,1.6715283182107916
2015-03-10,1.6408160118433062
2015-03-11,1.630726173723311
2015-03-12,1.6483079019473312
2015-03-13,1.6385095698373224
2015-03-16,1.6595730392478825
2015-03-17,1.6581578310352287
2015-03-18,1.6787998412320997
2015-03-19,1.6649650457352885
2015-03-20,1.6710917340545695
2015-03-23,1.677416752346387
2015-03-24,1.6717911209295597
2015-03-25,1.6436742249704315
2015-03-26,1.6412367966574488
2015-03-27,1.6340551529637668
2015-03-30,1.6572423970682484
2015-03-31,1.6403206829119263
2015-04-01,1.630796325667773
2015-04-02,1.6316167309957983
2015-04-06,1.6459086501568898
2015-04-07,1.6415845392577553
2015-04-08,1.6394346464554155
2015-04-09,1.6490202154123457
2015-04-10,1.6682136844882147
2015-04-13,1.66121720680684
2015-04-14,1.6576372648100157
2015-04-15,1.6642336878140007
2015-04-16,1.6588170744472113
2015-04-17,1.6404278629039717
2015-04-20,1.660739509629338
2015-04-21,1.6535204963088148
2015-04-22,1.6669543410337846
2015-04-23,1.6740360959442016
2015-04-24,1.6984078365465989
2015-04-27,1.7012432530924135
2015-04-28,1.7043903349239071
2015-04-29,1.6946453501203198
2015-04-30,1.6741860948604899
2015-05-01,1.695447508951365
2015-05-04,1.6998310509545103
2015-05-05,1.6784803653168534
2015-05-06,1.665222728057191
2015-05-07,1.6736506543491152
2015-05-08,1.7016210971100056
2015-05-11,1.6844029066462394
2015-05-12,1.6802908993248393
2015-05-13,1.6802056530213145
2015-05-14,1.7041153478713107
2015-05-15,1.7013373293944773
2015-05-18,1.7067541802756805
2015-05-19,1.7051460808960228
2015-05-20,1.7045873615237976
2015-05-21,1.7082865034819052
2015-05-22,1.7038925990147435
2015-05-26,1.6838403122376733
2015-05-27,1.6998874617278719
2015-05-28,1.6987844730121189
2015-05-29,1.6818014356310218
2015-06-01,1.6869190615379548
2015-06-02,1.6850527174625014
2015-06-03,1.6889628082024142
2015-06-04,1.674120304915225
2015-06-05,1.6678446752949785
2015-06-08,1.6589946354309486
2015-06-09,1.6603096630373446
2015-06-10,1.679365455691165
2015-06-11,1.677281434313108
2015-06-12,1.6635634577508356
2015-06-15,1.6538275239251423
2015-06-16,1.6637280496332447
2015-06-17,1.6668669886280731
2015-06-18,1.6856196535848478
2015-06-19,1.6738529151240615
2015-06-22,1.681735818833363
2015-06-23,1.678590824937706
2015-06-24,1.6732103070249398
2015-06-25,1.6658600406273545
2015-06-26,1.662853528994904
2015-06-29,1.6328216682889125
2015-06-30,1.6333276396224412
2015-07-01,1.6455508895471191
2015-07-02,1.6479744319993492
2015-07-06,1.6421878326314305
2015-07-07,1.650256061670868
2015-07-08,1.626146119845985
2015-07-09,1.623304537576367
2015-07-10,1.6443054716123962
2015-07-13,1.6679632605493246
2015-07-14,1.6747899850914019
2015-07-15,1.6822947128434445
2015-07-16,1.7017655412345651
2015-07-17,1.7337145817083381
2015-07-20,1.7382046409325924
2015-07-21,1.7325222537571716
2015-07-22,1.7109921268624892
2015-07-23,1.69994144781226
2015-07-24,1.680598296277901
2015-07-27,1.6711979485823858
2015-07-28,1.6854358985563311
2015-07-29,1.6934835810021756
2015-07-30,1.6903586865601916
2015-07-31,1.675090944260563
2015-08-03,1.665734067353807
2015-08-04,1.654647143490888
2015-08-05,1.666709935241924
2015-08-06,1.6605738004054829
2015-08-07,1.6536235619725412
2015-08-10,1.6771613823926024
2015-08-11,1.6581055193378862
2015-08-12,1.6662611050999625
2015-08-13,1.66275223827811
2015-08-14,1.6702845547034033
2015-08-17,1.6782085891160057
2015-08-18,1.6676005642158356
2015-08-19,1.6524015994765706
2015-08-20,1.625384418199984
2015-08-21,1.5573514532418158
2015-08-24,1.5021902979907134
2015-08-25,1.48409180418619
2015-08-26,1.5593249676260348
2015-08-27,1.5981138677369886
2015-08-28,1.592451465597675
2015-08-31,1.5790961537198487
2015-09-01,1.525022231728484
2015-09-02,1.5631232759106022
2015-09-03,1.5573923266132674
2015-09-04,1.5323874934959931
2015-09-08,1.574438330910352
2015-09-09,1.5491657501298466
2015-09-10,1.5608677307616616
2015-09-11,1.5714262179372347
2015-09-14,1.5698657191010357
2015-09-15,1.5903459242309659
2015-09-16,1.6008294556364155
2015-09-17,1.589337142335718
2015-09-18,1.5653906932634138
2015-09-21,1.5822643164596855
2015-09-22,1.5659468256858777
2015-09-23,1.5676921283566636
2015-09-24,1.5699891908664698
2015-09-25,1.5685607359394054
2015-09-28,1.545426013711638
2015-09-29,1.5427065637969912
2015-09-30,1.5651131476911744
2015-10-01,1.5634186911906243
2015-10-02,1.581598398920059
2015-10-05,1.6095418574702742
2015-10-06,1.611792557595809
2015-10-07,1.6207191828406549
2015-10-08,1.6256913858482587
2015-10-09,1.6299905427750332
2015-10-12,1.6314884673641958
2015-10-13,1.6288473266146573
2015-10-14,1.6098364688382345
2015-10-15,1.633149273581237
2015-10-16,1.6423610931176613
2015-10-19,1.6420603402078588
2015-10-20,1.6409478565335744
2015-10-21,1.6337500136058853
2015-10-22,1.6656743869587876
2015-10-23,1.712283637895895
2015-10-26,1.7051438895351632
2015-10-27,1.6979294156987756
2015-10-28,1.721564429788609
2015-10-29,1.7259658088200798
2015-10-30,1.7098432550519602
2015-11-02,1.7347345127541014
2015-11-03,1.7474715100535507
2015-11-04,1.746790667544498
2015-11-05,1.7446725600045252
2015-11-06,1.749033419538449
2015-11-09,1.7321212553399201
2015-11-10,1.7262050086430956
2015-11-11,1.7274134792054
2015-11-12,1.7061933958739888
2015-11-13,1.6826642624321513
2015-11-16,1.710163737371781
2015-11-17,1.7057025212909147
2015-11-18,1.7360853751397807
2015-11-19,1.7395296100793187
2015-11-20,1.7474286988777472
2015-11-23,1.7432396472190346
2015-11-24,1.745808254444458
2015-11-25,1.7373356620148435
2015-11-27,1.7380990672302137
2015-11-30,1.731402562547426
2015-12-01,1.7479784609175624
2015-12-02,1.7334544215404972
2015-12-03,1.7152769026724497
2015-12-04,1.7543800062191441
2015-12-07,1.7459137123248876
2015-12-08,1.7324040254991038
2015-12-09,1.7174235159656202
2015-12-10,1.7223334401033366
2015-12-11,1.6954733041571421
2015-12-14,1.7098488049337095
2015-12-15,1.7220253443772309
2015-12-16,1.7438881341031327
2015-12-17,1.721583230395637
2015-12-18,1.6853756154912098
2015-12-21,1.6978333925046285
2015-12-22,1.709932442129739
2015-12-23,1.728917387914861
2015-12-24,1.722340359028081
2015-12-28,1.7225772676415343
2015-12-29,1.7426139310209818
2015-12-30,1.7305510443317176
2015-12-31,1.7120120198644606
2016-01-04,1.6765047261279435
2016-01-05,1.6736588675312902
2016-01-06,1.657663821720689
2016-01-07,1.6070177455885502
2016-01-08,1.594874452191419
2016-01-11,1.6011712863826904
2016-01-12,1.620644486489769
2016-01-13,1.5796244460986402
2016-01-14,1.6175067645733132
2016-01-15,1.5730662228615682
2016-01-19,1.5729817227882459
2016-01-20,1.5574634917516414
2016-01-21,1.5638386718134751
2016-01-22,1.6077648603001853
2016-01-25,1.582780152297862
2016-01-26,1.603224524667676
2016-01-27,1.5669964420096163
2016-01-28,1.6172551567036286
2016-01-29,1.6508369600961281
2016-02-01,1.6440389811439922
2016-02-02,1.618026723379763
2016-02-03,1.611798162433461
2016-02-04,1.612808660781012
2016-02-05,1.5669346465011122
2016-02-08,1.5578642853594393
2016-02-09,1.5554942858610816
2016-02-10,1.5570168629299947
2016-02-11,1.5519218490731888
2016-02-12,1.57175967531769
2016-02-16,1.59457877272897
2016-02-17,1.6208462293487211
2016-02-18,1.6081329916423048
2016-02-19,1.612892524529123
2016-02-22,1.6348356159233324
2016-02-23,1.608181645601132
2016-02-24,1.615520439948106
2016-02-25,1.6311856861370515
2016-02-26,1.6267728400912211
2016-02-29,1.6151533728697052
2016-03-01,1.6644488066342227
2016-03-02,1.6716371850014557
2016-03-03,1.6674667698955656
2016-03-04,1.670543869187793
2016-03-07,1.6568933989049743
2016-03-08,1.6481798310826128
2016-03-09,1.6597636761645433
2016-03-10,1.6569314539333855
2016-03-11,1.681182030838128
2016-03-14,1.6838887634294346
2016-03-15,1.6947701510566997
2016-03-16,1.702254169195967
2016-03-17,1.7071242815151246
2016-03-18,1.7037255373020441
2016-03-21,1.7077313833806023
2016-03-22,1.7121755161825603
2016-03-23,1.709615199690792
2016-03-24,1.7091947148089472
2016-03-28,1.7079306630828253
2016-03-29,1.729857470045903
2016-03-30,1.739439186615127
2016-03-31,1.7306720691718418
2016-04-01,1.742063692607562
2016-04-04,1.7334007079657137
2016-04-05,1.715524408007736
2016-04-06,1.7334379879630861
2016-04-07,1.7127540057664623
2016-04-08,1.7121733087355684
2016-04-11,1.7097590426891804
2016-04-12,1.7272431643465107
2016-04-13,1.745773661541539
2016-04-14,1.7491612004429349
2016-04-15,1.7433572454911346
2016-04-18,1.7509312446634715
2016-04-19,1.7541241224142965
2016-04-20,1.7564010224402267
2016-04-21,1.7534762995355164
2016-04-22,1.721258243556819
2016-04-25,1.722309237943953
2016-04-26,1.7114498568480745
2016-04-27,1.691461026471939
2016-04-28,1.6795135028058947
2016-04-29,1.6890158186600064
2016-05-02,1.7061663832028735
2016-05-03,1.6939959388099777
2016-05-04,1.6877864900641397
2016-05-05,1.6851200787314369
2016-05-06,1.6969176779868236
2016-05-09,1.6961139784865116
2016-05-10,1.7213162637038781
2016-05-11,1.7123817942302144
2016-05-12,1.7109013877905743
2016-05-13,1.697096686690365
2016-05-16,1.7140074938692882
2016-05-17,1.6958313860406358
2016-05-18,1.7038465940134409
2016-05-19,1.6961867573135494
2016-05-20,1.7066405293521616
2016-05-23,1.7013248517801287
2016-05-24,1.726094832666322
2016-05-25,1.7419775569482252
2016-05-26,1.7434724947603162
2016-05-27,1.7497299689451442
2016-05-31,1.7474543842961308
2016-06-01,1.7446991747279472
2016-06-02,1.7431211982909893
2016-06-03,1.7334175967631944
2016-06-06,1.7409040872420976
2016-06-07,1.7418951980153055
2016-06-08,1.7482440129551098
2016-06-09,1.7474426895444166
2016-06-10,1.732463195447369
2016-06-13,1.717174933505972
2016-06-14,1.7194142434282227
2016-06-15,1.7141220703100375
2016-06-16,1.7212850392434729
2016-06-17,1.6991930523261727
2016-06-20,1.7061046588280753
2016-06-21,1.718727542265119
2016-06-22,1.714586393284576
2016-06-23,1.7337430602463715
2016-06-24,1.6750268373330799
2016-06-27,1.6540725832031742
2016-06-28,1.687235000455086
2016-06-29,1.709652534981544
2016-06-30,1.7309700639345715
2016-07-01,1.7343431579144886
2016-07-05,1.7263884175241653
2016-07-06,1.7404767999320707
2016-07-07,1.7372808315254435
2016-07-08,1.757469942275594
2016-07-11,1.7667676567947197
2016-07-12,1.774591484207734
2016-07-13,1.7722268574526179
2016-07-14,1.7834011840570538
2016-07-15,1.7798144560612965
2016-07-18,1.794338886472737
2016-07-19,1.796463863697636
2016-07-20,1.8093716486028866
2016-07-21,1.8009214724877267
2016-07-22,1.802195159330662
2016-07-25,1.7919079706451642
2016-07-26,1.7870424173239392
2016-07-27,1.803150403634931
2016-07-28,1.8124297577676267
2016-07-29,1.8194015633747735
2016-08-01,1.82273206861805
2016-08-02,1.8153832943272217
2016-08-03,1.8188177263766936
2016-08-04,1.8255429951926052
2016-08-05,1.843255194059112
2016-08-08,1.8473946607500196
2016-08-09,1.851928789123626
2016-08-10,1.843535683555842
2016-08-11,1.8475147532456966
2016-08-12,1.8471852331596645
2016-08-15,1.8484749271747
2016-08-16,1.8409487830199682
2016-08-17,1.8484605496183901
2016-08-18,1.84767101870511
2016-08-19,1.842725869646909
2016-08-22,1.840321879714782
2016-08-23,1.842199798725909
2016-08-24,1.836725857080506
2016-08-25,1.8349091593683633
2016-08-26,1.8366763530926338
2016-08-29,1.8470175503327533
2016-08-30,1.8435483774707528
2016-08-31,1.841496555586609
2016-09-01,1.8423627558594249
2016-09-02,1.8504502478712581
2016-09-06,1.8616498605112497
2016-09-07,1.862042733548833
2016-09-08,1.852811596202915
2016-09-09,1.8114343534433812
2016-09-12,1.8345645319923392
2016-09-13,1.8158990210499457
2016-09-14,1.8231512471946814
2016-09-15,1.8460436184165168
2016-09-16,1.8398804671833349
2016-09-19,1.8324415019952194
2016-09-20,1.834270887385115
2016-09-21,1.8468186983538168
2016-09-22,1.858614091584595
2016-09-23,1.8458352118685577
2016-09-26,1.8314194932395045
2016-09-27,1.849593938265024
2016-09-28,1.8634844326445408
2016-09-29,1.8431840149368468
2016-09-30,1.8526693273349695
2016-10-03,1.8485544843253394
2016-10-04,1.8454914302831544
2016-10-05,1.8553851312797731
2016-10-06,1.8570028038418942
2016-10-07,1.8571096013395234
2016-10-10,1.8744064640857394
2016-10-11,1.8603626513037586
2016-10-12,1.8643193124879927
2016-10-13,1.8529012605137107
2016-10-14,1.8559380535951577
2016-10-17,1.8531295106566483
2016-10-18,1.8602705124639205
2016-10-19,1.8640474674274974
2016-10-20,1.8586775383519092
2016-10-21,1.8679570461343071
2016-10-24,1.8871483722161568
2016-10-25,1.8834135177835227
2016-10-26,1.8726813987873467
2016-10-27,1.864868128851786
2016-10-28,1.8524150219767643
2016-10-31,1.8488933099807994
2016-11-01,1.8367428382361983
2016-11-02,1.8186698993272488
2016-11-03,1.804076713076155
2016-11-04,1.7955736106903306
2016-11-07,1.8372542633529025
2016-11-08,1.8492215414745994
2016-11-09,1.8577890888445303
2016-11-10,1.844749153360681
2016-11-11,1.8402268490421203
2016-11-14,1.8148910126410531
2016-11-15,1.839669933165329
2016-11-16,1.8465927821298678
2016-11-17,1.8592473875508304
2016-11-18,1.8541369600059234
2016-11-21,1.8761208285264876
2016-11-22,1.8770620771477735
2016-11-23,1.8697490332471651
2016-11-25,1.875002264299687
2016-11-28,1.8661676766111814
2016-11-29,1.867185077125308
2016-11-30,1.8537120872145478
2016-12-01,1.8466208255272
2016-12-02,1.845057153054343
2016-12-05,1.860569943259335
2016-12-06,1.8669519139550703
2016-12-07,1.8918674302326213
2016-12-08,1.8945561865801102
2016-12-09,1.9135069295990759
2016-12-12,1.9141718070383835
2016-12-13,1.935217274232236
2016-12-14,1.9227238371275857
2016-12-15,1.9248106243857435
2016-12-16,1.9225935893056139
2016-12-19,1.9310061200385864
2016-12-20,1.93760187728843
2016-12-21,1.9340400846253818
2016-12-22,1.929384225478918
2016-12-23,1.9271042967530803
2016-12-27,1.93289241949824
2016-12-28,1.9217302182346157
2016-12-29,1.917166284554902
2016-12-30,1.9030387122856647
2017-01-03,1.9077597508448791
2017-01-04,1.907995392215791
2017-01-05,1.9150857203758915
2017-01-06,1.9312278734226778
2017-01-09,1.930984202536782
2017-01-10,1.9268723120838864
2017-01-11,1.937154420920705
2017-01-12,1.9339566023895103
2017-01-13,1.9385446800587913
2017-01-17,1.9311385356246566
2017-01-18,1.930183786477857
2017-01-19,1.9211753810313765
2017-01-20,1.924616565067431
2017-01-23,1.92861214996655
2017-01-24,1.9360732613401712
2017-01-25,1.9600589571025038
2017-01-26,1.9652908178664352
2017-01-27,1.965630107188039
2017-01-30,1.9499485855295
2017-01-31,1.9379741523576341
2017-02-01,1.9548487858249797
2017-02-02,1.9523041750399812
2017-02-03,1.9552480671364145
2017-02-06,1.9573066828669423
2017-02-07,1.9608399955936353
2017-02-08,1.9638418751269635
2017-02-09,1.974870644376607
2017-02-10,1.9799309829044571
2017-02-13,1.9958583586554552
2017-02-14,2.005961813309978
2017-02-15,2.0111175647456916
2017-02-16,2.013416511690788
2017-02-17,2.0160229156175147
2017-02-21,2.0252842232254067
2017-02-22,2.0276120188990014
2017-02-23,2.030157656088372
2017-02-24,2.0285171386742493
2017-02-27,2.0305092124155717
2017-02-28,2.026200227946149
2017-03-01,2.0638541091066527
2017-03-02,2.0505203932531675
2017-03-03,2.053045350789507
2017-03-06,2.049423593349719
2017-03-07,2.0493294457928473
2017-03-08,2.0490293541605347
2017-03-09,2.0540230298391045
2017-03-10,2.059634674141402
2017-03-13,2.0606435410284023
2017-03-14,2.0563038705687835
2017-03-15,2.068415399998883
2017-03-16,2.0681773782213493
2017-03-17,2.0644525820518624
2017-03-20,2.0656070518192298
2017-03-21,2.0378765171676885
2017-03-22,2.046547710734607
2017-03-23,2.041773363314468
2017-03-24,2.037737565481835
2017-03-27,2.0378584697573983
2017-03-28,2.055579082755102
2017-03-29,2.0624661298960967
2017-03-30,2.068817091417859
2017-03-31,2.0634564022944875
2017-04-03,2.0660769764279574
2017-04-04,2.0724107671050467
2017-04-05,2.066587609354119
2017-04-06,2.064047047437387
2017-04-07,2.059529428976979
2017-04-10,2.061276767304007
2017-04-11,2.052455214759395
2017-04-12,2.0500081334218723
2017-04-13,2.0355727599919446
2017-04-17,2.056205180329203
2017-04-18,2.046490867648183
2017-04-19,2.0421664468211658
2017-04-20,2.0594333254819825
2017-04-21,2.053596010186327
2017-04-24,2.082210321814918
2017-04-25,2.0953647687075008
2017-04-26,2.092530932480652
2017-04-27,2.095360592608043
2017-04-28,2.108739616133893
2017-05-01,2.131279559596732
2017-05-02,2.1351455399077968
2017-05-03,2.1376712860923166
2017-05-04,2.1335706635318816
2017-05-05,2.1376683507320715
2017-05-08,2.1538373243964917
2017-05-09,2.1518444783703474
2017-05-10,2.150000723763312
2017-05-11,2.1514945386350943
2017-05-12,2.157395081723506
2017-05-15,2.162671261247437
2017-05-16,2.170334133486401
2017-05-17,2.117687861854896
2017-05-18,2.1339881303853705
2017-05-19,2.1435156281707046
2017-05-22,2.15808781353928
2017-05-23,2.1640635501875725
2017-05-24,2.166953657682986
2017-05-25,2.180007000359494
2017-05-26,2.1809601782860284
2017-05-30,2.1800720476692446
2017-05-31,2.1686314191106812
2017-06-01,2.177133996523399
2017-06-02,2.195600873422964
2017-06-05,2.1998329134671892
2017-06-06,2.1991250638037787
2017-06-07,2.2047992593256667
2017-06-08,2.20638362183234
2017-06-09,2.172911148599045
2017-06-12,2.161534637534763
2017-06-13,2.177012695915819
2017-06-14,2.1695145688255697
2017-06-15,2.160958814831022
2017-06-16,2.1658669446982426
2017-06-19,2.191164966289017
2017-06-20,2.175156543441308
2017-06-21,2.1820611562105032
2017-06-22,2.1779608332459603
2017-06-23,2.189061789895593
2017-06-26,2.1769435092680567
2017-06-27,2.148615952588629
2017-06-28,2.1716483973324574
2017-06-29,2.1457971853701885
2017-06-30,2.1438743129753117
2017-07-03,2.1410819508558845
2017-07-05,2.1563420677079677
2017-07-06,2.1362818705018487
2017-07-07,2.1555354780322427
2017-07-10,2.1656733733004647
2017-07-11,2.1696877206213054
2017-07-12,2.1899257897253372
2017-07-13,2.1980446390671204
2017-07-14,2.20862858630648
2017-07-17,2.2113537215324075
2017-07-18,2.2259215354272786
2017-07-19,2.237483160247585
2017-07-20,2.238752308842262
2017-07-21,2.2297359758688065
2017-07-24,2.235319312006507
2017-07-25,2.232786654491544
2017-07-26,2.2344577886915156
2017-07-27,2.2258245478941165
2017-07-28,2.2199362004715564
2017-07-31,2.205403045496506
2017-08-01,2.2142587222027346
2017-08-02,2.2330824404938032
2017-08-03,2.2260510517570604
2017-08-04,2.2357891614260184
2017-08-07,2.2423106176571066
2017-08-08,2.2409209888751875
2017-08-09,2.2430993016155805
2017-08-10,2.203029167757966
2017-08-11,2.2135470057437603
2017-08-14,2.2388402283456825
2017-08-15,2.2424356689459137
2017-08-16,2.2418882535348255
2017-08-17,2.2064344728570937
2017-08-18,2.2056079375338284
2017-08-21,2.2022650142880895
2017-08-22,2.231288024284081
2017-08-23,2.223586101057134
2017-08-24,2.214368213769271
2017-08-25,2.2138627297033784
2017-08-28,2.216542604836093
2017-08-29,2.225842863952853
2017-08-30,2.2381860138608363
2017-08-31,2.25566393730978
2017-09-01,2.2533042024796344
2017-09-05,2.2289457372829897
2017-09-06,2.2361022141176528
2017-09-07,2.237296578267112
2017-09-08,2.2192184451059362
2017-09-11,2.244671823564355
2017-09-12,2.2474673136153123
2017-09-13,2.253512511873529
2017-09-14,2.24342283212049
2017-09-15,2.2502248741951987
2017-09-18,2.247423137755405
2017-09-19,2.255864022384232
2017-09-20,2.2516613905172407
2017-09-21,2.2373766593726736
2017-09-22,2.2282734181109047
2017-09-25,2.2062619927526708
2017-09-26,2.212595250579096
2017-09-27,2.2335811427266394
2017-09-28,2.236394577108121
2017-09-29,2.248098707431759
2017-10-02,2.2506614230171755
2017-10-03,2.2563062184554563
2017-10-04,2.2516763121364365
2017-10-05,2.279352427089598
2017-10-06,2.2841074855450043
2017-10-09,2.282828138605501
2017-10-10,2.2820231079734663
2017-10-11,2.2951013373112077
2017-10-12,2.2943728468254196
2017-10-13,2.30121136616846
2017-10-16,2.3175318120056714
2017-10-17,2.3267496863968935
2017-10-18,2.3231011354832627
2017-10-19,2.3100386068706973
2017-10-20,2.321734860401803
2017-10-23,2.3020299575689793
2017-10-24,2.307517103847954
2017-10-25,2.3011366208666404
2017-10-26,2.304293276989422
2017-10-27,2.3878607889421297
2017-10-30,2.3963524301715187
2017-10-31,2.393829723544328
2017-11-01,2.39667966907805
2017-11-02,2.3976610799037643
2017-11-03,2.413655569752483
2017-11-06,2.4195813956699777
2017-11-07,2.420099282550148
2017-11-08,2.425410045526764
2017-11-09,2.417184390893875
2017-11-10,2.41117720890049
2017-11-13,2.4052608752475915
2017-11-14,2.3912128864251083
2017-11-15,2.3776621487354457
2017-11-16,2.3911834172031305
2017-11-17,2.3755652148436135
2017-11-20,2.375798369929315
2017-11-21,2.4027271555614282
2017-11-22,2.407177844911995
2017-11-24,2.4195227223319353
2017-11-27,2.4280762812750667
2017-11-28,2.4407833838970157
2017-11-29,2.408473234240039
2017-11-30,2.4291824743211725
2017-12-01,2.419602785941609
2017-12-04,2.3947484207463803
2017-12-05,2.39780447945974
2017-12-06,2.410452566708747
2017-12-07,2.4204260884955593
2017-12-08,2.4306785030254257
2017-12-11,2.4464622276853936
2017-12-12,2.448019039126479
2017-12-13,2.447232257364853
2017-12-14,2.4440385233244513
2017-12-15,2.4707621991602386
2017-12-18,2.484782269744933
2017-12-19,2.469514971034051
2017-12-20,2.4601465489292487
2017-12-21,2.465789126794569
2017-12-22,2.4607410172696667
2017-12-26,2.4474235810495335
2017-12-27,2.452228331000894
2017-12-28,2.4555396706044936
2017-12-29,2.4391073790253404
2018-01-02,2.4617010943451656
2018-01-03,2.484451243050772
2018-01-04,2.4967656422523516
2018-01-05,2.5195224581743925
2018-01-08,2.527309002613385
2018-01-09,2.531322426391328
2018-01-10,2.5338914920925495
2018-01-11,2.5481559829192326
2018-01-12,2.5707498426199047
2018-01-16,2.562716402625197
2018-01-17,2.583090521474051
2018-01-18,2.5844094695852156
2018-01-19,2.587617068498333
2018-01-22,2.6189194470088064
2018-01-23,2.6287217434121586
2018-01-24,2.619143101982236
2018-01-25,2.624955596333172
2018-01-26,2.649056272841451
2018-01-29,2.6319287680847925
2018-01-30,2.6196548390357184
2018-01-31,2.630278321105949
2018-02-01,2.636234382525189
2018-02-02,2.566943820341321
2018-02-05,2.454770544563714
2018-02-06,2.520783351071685
2018-02-07,2.481212621287855
2018-02-08,2.378827096337437
2018-02-09,2.427339176220806
2018-02-12,2.471339181359662
2018-02-13,2.47931752616445
2018-02-14,2.525374454778541
2018-02-15,2.5616584180503335
2018-02-16,2.5532806069541754
2018-02-20,2.5542867513597836
2018-02-21,2.5523578093775265
2018-02-22,2.5578719803140983
2018-02-23,2.6021646052049796
2018-02-26,2.6445602354976776
2018-02-27,2.6163557252658056
2018-02-28,2.5929370295188945
2018-03-01,2.5475829890059813
2018-03-02,2.560696191499524
2018-03-05,2.5880687598004113
2018-03-06,2.5902756833121523
2018-03-07,2.596369788920411
2018-03-08,2.6121012401963015
2018-03-09,2.666824401152022
2018-03-12,2.675754497613508
2018-03-13,2.6415687949929008
2018-03-14,2.632539616036262
2018-03-15,2.6362055051459072
2018-03-16,2.6320893541023276
2018-03-19,2.573229414255559
2018-03-20,2.5779027195348894
2018-03-21,2.567889571141621
2018-03-22,2.494759659448284
2018-03-23,2.4276488646600085
2018-03-26,2.5178920951235604
2018-03-27,2.4403842113383094
2018-03-28,2.4196430390228056
2018-03-29,2.4662925518339596
2018-04-02,2.4028834561440506
2018-04-03,2.4341547521241
2018-04-04,2.4664822549306376
2018-04-05,2.4934116279074465
2018-04-06,2.4348813154532594
2018-04-09,2.450103762810936
2018-04-10,2.501565872279316
2018-04-11,2.4830494005147186
2018-04-12,2.510769614919128
2018-04-13,2.4979608971298806
2018-04-16,2.5152519361776986
2018-04-17,2.55753382045753
2018-04-18,2.5535154942164673
2018-04-19,2.561878607097984
2018-04-20,2.525706999864648
2018-04-23,2.5218734264749414
2018-04-24,2.4628953108721663
2018-04-25,2.463880072578516
2018-04-26,2.5157013322223425
2018-04-27,2.5181363927073406
2018-04-30,2.5007006903888738
2018-05-01,2.5280276547860683
2018-05-02,2.5272913390150027
2018-05-03,2.521931787489215
2018-05-04,2.5651281961281707
2018-05-07,2.586711776529764
2018-05-08,2.5891993408896217
2018-05-09,2.6314286697765255
2018-05-10,2.660420134595596
2018-05-11,2.658242701136462
2018-05-14,2.659145305951552
2018-05-15,2.632376177963407
2018-05-16,2.6392150451910537
2018-05-17,2.627080879963183
2018-05-18,2.611294452274268
2018-05-21,2.635009769802005
2018-05-22,2.6298673071725625
2018-05-23,2.6453428304151694
2018-05-24,2.6326412191539332
2018-05-25,2.6287050787054427
2018-05-29,2.6007749648974574
2018-05-30,2.631060830421528
2018-05-31,2.63405848417157
2018-06-01,2.674201695918581
2018-06-04,2.689532527557865
2018-06-05,2.69670050404904
2018-06-06,2.712462220172407
2018-06-07,2.700736356849715
2018-06-08,2.701715697546113
2018-06-11,2.7018031207639304
2018-06-12,2.7075318628058156
2018-06-13,2.6989904126952844
2018-06-14,2.709934665631565
2018-06-15,2.6928776991016243
2018-06-18,2.707163975251449
2018-06-19,2.698375686493831
2018-06-20,2.7129767902291415
2018-06-21,2.695186875888072
2018-06-22,2.689142345184557
2018-06-25,2.636367352466323
2018-06-26,2.653576111418044
2018-06-27,2.626546664131
2018-06-28,2.6549348205835432
2018-06-29,2.6484297324567243
2018-07-02,2.671338843880497
2018-07-03,2.636513695072197
2018-07-05,2.666209352842012
2018-07-06,2.6929332327146787
2018-07-09,2.728171419133096
2018-07-10,2.7291873593938267
2018-07-11,2.7207789889481258
2018-07-12,2.7645417612102716
2018-07-13,2.7731950401555583
2018-07-16,2.7806385220347263
2018-07-17,2.8039378169060147
2018-07-18,2.809219896097964
2018-07-19,2.786225702561863
2018-07-20,2.7965678234879023
2018-07-23,2.8146531463328635
2018-07-24,2.8522975874712095
2018-07-25,2.8875015007651803
2018-07-26,2.818602890266092
2018-07-27,2.7935876125280785
2018-07-30,2.7656963983761282
2018-07-31,2.763497962357497
2018-08-01,2.797018661001442
2018-08-02,2.8316364033499757
2018-08-03,2.839877864920001
2018-08-06,2.865629114556842
2018-08-07,2.8754277366485392
2018-08-08,2.8875796964294085
2018-08-09,2.8899535142100534
2018-08-10,2.8681892067930534
2018-08-13,2.8586995332403475
2018-08-14,2.8775432440409703
2018-08-15,2.8478015484774044
2018-08-16,2.858626233143063
2018-08-17,2.867658555455083
2018-08-20,2.8638449888719957
2018-08-21,2.8598279354842218
2018-08-22,2.8706227265390645
2018-08-23,2.8695314436720314
2018-08-24,2.885298065970268
2018-08-27,2.918707808575178
2018-08-28,2.919693991503777
2018-08-29,2.95536394353976
2018-08-30,2.956174118374991
2018-08-31,2.9526858966202902
2018-09-04,2.9479276011693156
2018-09-05,2.920013534056288
2018-09-06,2.8909920231906403
2018-09-07,2.8870488408848645
2018-09-10,2.8815838055581886
2018-09-11,2.9249187946438644
2018-09-12,2.9061013334003327
2018-09-13,2.9245145759616094
2018-09-14,2.919031101281732
2018-09-17,2.879690987983213
2018-09-18,2.8977106401884862
2018-09-19,2.9095602347699714
2018-09-20,2.9396627774742163
2018-09-21,2.9179210781286375
2018-09-24,2.930867990708781
2018-09-25,2.9428846839595666
2018-09-26,2.930611853745825
2018-09-27,2.9574586506253087
2018-09-28,2.941320741160212
2018-10-01,2.9538263894111947
2018-10-02,2.948466948849057
2018-10-03,2.959156736508084
2018-10-04,2.921040083136518
2018-10-05,2.8979731196342318
2018-10-08,2.888780686196269
2018-10-09,2.8998601275126243
2018-10-10,2.7739403557935756
2018-10-11,2.7328439182880424
2018-10-12,2.7902116007784867
2018-10-15,2.7525802492862526
2018-10-16,2.8229975860934946
2018-10-17,2.830253754009631
2018-10-18,2.7730888727331893
2018-10-19,2.7822768216694844
2018-10-22,2.7842170971679896
2018-10-23,2.771227908824816
2018-10-24,2.660076836625319
2018-10-25,2.750875866370202
2018-10-26,2.6815724567115686
2018-10-29,2.621975833766642
2018-10-30,2.647787041100715
2018-10-31,2.7186831334755337
2018-11-01,2.742323497385463
2018-11-02,2.7037350096814396
2018-11-05,2.6930473838449127
2018-11-06,2.7139406656939986
2018-11-07,2.796805319012209
2018-11-08,2.787296688285359
2018-11-09,2.743838192392733
2018-11-12,2.664442233602543
2018-11-13,2.658137706193678
2018-11-14,2.6268107075283513
2018-11-15,2.6671675912099113
2018-11-16,2.6672022437042298
2018-11-19,2.596749533187316
2018-11-20,2.5427776785440375
2018-11-21,2.5534134981971386
2018-11-23,2.5192732797122814
2018-11-26,2.584051040618093
2018-11-27,2.588878542266757
2018-11-28,2.674344850296194
2018-11-29,2.6675114041883177
2018-11-30,2.685379283614647
2018-12-03,2.7340885382913904
2018-12-04,2.6244966104798055
2018-12-06,2.6255119204645
2018-12-07,2.5526871054629847
2018-12-10,2.5654461683571865
2018-12-11,2.5685046513772316
2018-12-12,2.5835578161852424
2018-12-13,2.5912748728855775
2018-12-14,2.5167797654700137
2018-12-17,2.4594402916353917
2018-12-18,2.480859157423617
2018-12-19,2.426902740732735
2018-12-20,2.3907307755638367
2018-12-21,2.3131341869575386
2018-12-24,2.2543916387614886
2018-12-26,2.4009955289105216
2018-12-27,2.408291361715117
2018-12-28,2.4057321639864817
2018-12-31,2.422909601990946
2019-01-02,2.4384026014502798
2019-01-03,2.3409131804053334
2019-01-04,2.4373461566977506
2019-01-07,2.4532949510950446
2019-01-08,2.482375092061777
2019-01-09,2.4961146307676914
2019-01-10,2.493801389921945
2019-01-11,2.4762660190084036
2019-01-14,2.4588976859960274
2019-01-15,2.5104569141389983
2019-01-16,2.5184744537949437
2019-01-17,2.532976073201678
2019-01-18,2.5608661109945285
2019-01-22,2.5058857796608387
2019-01-23,2.508151247617024
2019-01-24,2.5075547032411953
2019-01-25,2.542347875875381
2019-01-28,2.510662006377247
2019-01-29,2.4842849080826004
2019-01-30,2.5667557366801343
2019-01-31,2.604125924154949
2019-02-01,2.5897843143294876
2019-02-04,2.6224451127485167
2019-02-05,2.647434839854509
2019-02-06,2.6247783150081307
2019-02-07,2.586620668228421
2019-02-08,2.5809310508424104
2019-02-11,2.5774928808577546
2019-02-12,2.6179185072800286
2019-02-13,2.619500094777458
2019-02-14,2.612468755426285
2019-02-15,2.6230773347002825
2019-02-19,2.630158262204752
2019-02-20,2.6308371684185223
2019-02-21,2.622821963484558
2019-02-22,2.642169592240152
2019-02-25,2.654789202953366
2019-02-26,2.658933327038287
2019-02-27,2.660803458526494
2019-02-28,2.6540573471336404
2019-03-01,2.6834930295174098
2019-03-04,2.6960799017403696
2019-03-05,2.7025087303107087
2019-03-06,2.6921362173535117
2019-03-07,2.6603223666013327
2019-03-08,2.6581735293131317
2019-03-11,2.716334111980177
2019-03-12,2.7323336229563466
2019-03-13,2.748875992616009
2019-03-14,2.746356891188116
2019-03-15,2.759369181222492
2019-03-18,2.773161931134834
2019-03-19,2.7791809820898914
2019-03-20,2.7965627184205224
2019-03-21,2.83402957933963
2019-03-22,2.7725732448713503
2019-03-25,2.766914638286
2019-03-26,2.774895000954617
2019-03-27,2.7596298996799753
2019-03-28,2.7652152349344967
2019-03-29,2.7803748160836124
2019-04-01,2.816442775583503
2019-04-02,2.8306174804324726
2019-04-03,2.8379907702380276
2019-04-04,2.8438493210920783
2019-04-05,2.8526736886033626
2019-04-08,2.8621561493753847
2019-04-09,2.852145247955788
2019-04-10,2.862885708059341
2019-04-11,2.8629626747928434
2019-04-12,2.8844456767270277
2019-04-15,2.886036071062658
2019-04-16,2.8970132153453902
2019-04-17,2.9172060084189617
2019-04-18,2.91976596538116
2019-04-22,2.9408556241906347
2019-04-23,2.9783764148324248
2019-04-24,2.9600356579917144
2019-04-25,2.9906103264444233
2019-04-26,3.0066359557158164
2019-04-29,3.019540137631124
2019-04-30,2.979857069460987
2019-05-01,2.97430245642053
2019-05-02,2.953840818494655
2019-05-03,3.001827212039917
2019-05-06,2.9798611064740084
2019-05-07,2.92739649767154
2019-05-08,2.923201870525359
2019-05-09,2.908503223532359
2019-05-10,2.9085670995549218
2019-05-13,2.8166933786871047
2019-05-14,2.830077048693374
2019-05-15,2.8738495541567004
2019-05-16,2.904746362246509
2019-05-17,2.8791011474267165
2019-05-20,2.8446126433116645
2019-05-21,2.862836469770676
2019-05-22,2.8561274779711967
2019-05-23,2.8137260147199163
2019-05-24,2.8162299894890968
2019-05-28,2.813622977661974
2019-05-29,2.7827594180062594
2019-05-30,2.7888487788088567
2019-05-31,2.742440596760253
2019-06-03,2.666852089380639
2019-06-04,2.7306854176556965
2019-06-05,2.7521326971517417
2019-06-06,2.779754879763717
2019-06-07,2.8346000540347895
2019-06-10,2.8698699689389366
2019-06-11,2.8779261616380643
2019-06-12,2.865049223891456
2019-06-13,2.877352820594588
2019-06-14,2.8776787632180083
2019-06-17,2.89615395498704
2019-06-18,2.928825694325899
2019-06-19,2.9300491343867834
2019-06-20,2.9560841993131155
2019-06-21,2.9576482674241102
2019-06-24,2.959546238265766
2019-06-25,2.9112788101853915
2019-06-26,2.922272474881293
2019-06-27,2.9274086183241628
2019-06-28,2.9352104208036196
2019-07-01,2.966943871456136
2019-07-02,2.983205174518957
2019-07-03,3.0039770078797043
2019-07-05,3.003409759623557
2019-07-08,2.9892359579466663
2019-07-09,3.0080668524752747
2019-07-10,3.0368935679388844
2019-07-11,3.0317261388823824
2019-07-12,3.039945757129753
2019-07-15,3.0437299642919347
2019-07-16,3.0284514752639247
2019-07-17,3.003812502896011
2019-07-18,3.0071855249476855
2019-07-19,2.982016045479393
2019-07-22,3.0111925049167394
2019-07-23,3.0294558459415475
2019-07-24,3.042378976296864
2019-07-25,3.020976647830883
2019-07-26,3.0587502041139953
2019-07-29,3.050077309498995
2019-07-30,3.034999388120358
2019-07-31,3.0051263662605567
2019-08-01,2.982676642431697
2019-08-02,2.949705491065973
2019-08-05,2.8471717791557523
2019-08-06,2.8895002437713186
2019-08-07,2.89477298082164
2019-08-08,2.959937016530545
2019-08-09,2.9316848485361025
2019-08-12,2.901012283877509
2019-08-13,2.961778458520947
2019-08-14,2.869611359889107
2019-08-15,2.8810212125864263
2019-08-16,2.9203582673286554
2019-08-19,2.961328276907788
2019-08-20,2.9360220616626878
2019-08-21,2.9603881700212997
2019-08-22,2.9520972062306794
2019-08-23,2.8599216575801107
2019-08-26,2.8993993062526995
2019-08-27,2.8925968219297666
2019-08-28,2.90138179568161
2019-08-29,2.9463692178979755
2019-08-30,2.9425383595850927
2019-09-03,2.9147615282060464
2019-09-04,2.949592091237654
2019-09-05,3.003133939803493
2019-09-06,2.994264696921135
2019-09-09,2.9932169643898385
2019-09-10,2.9912332115075757
2019-09-11,3.0192975557098976
2019-09-12,3.0355696639771454
2019-09-13,3.03266680253865
2019-09-16,3.014221883825896
2019-09-17,3.023503730660203
2019-09-18,3.033961318182811
2019-09-19,3.041632382762663
2019-09-20,3.016212785494777
2019-09-23,3.0135633587464135
2019-09-24,2.974673057825186
2019-09-25,3.0104579282203288
2019-09-26,2.9909452675122066
2019-09-27,2.9698346191772194
2019-09-30,2.9862173885570766
2019-10-01,2.9670830944587276
2019-10-02,2.9157210969382787
2019-10-03,2.944535259808979
2019-10-04,2.9933987983828017
2019-10-07,2.981164785295833
2019-10-08,2.9401434561942965
2019-10-09,2.971263208626132
2019-10-10,2.987767613380649
2019-10-11,3.025459217693966
2019-10-14,3.0249447880099605
2019-10-15,3.0660213252781876
2019-10-16,3.062149929974409
2019-10-17,3.0697593063078865
2019-10-18,3.0341756195037366
2019-10-21,3.070527942915218
2019-10-22,3.043456206347397
2019-10-23,3.0673779727068227
2019-10-24,3.082956411001446
2019-10-25,3.098492304545883
2019-10-28,3.134493599208175
2019-10-29,3.1009142046295097
2019-10-30,3.1141279146496674
2019-10-31,3.1214395030046753
2019-11-01,3.1629590228555187
2019-11-04,3.185167903609501
2019-11-05,3.187642646378714
2019-11-06,3.1805453777072614
2019-11-07,3.1974360107066744
2019-11-08,3.2047064008159754
2019-11-11,3.1985584607250077
2019-11-12,3.205424651110301
2019-11-13,3.2001362592588163
2019-11-14,3.2026318132672436
2019-11-15,3.23246222860068
2019-11-18,3.2381900384347286
2019-11-19,3.238158295485922
2019-11-20,3.2198924884357747
2019-11-21,3.2159388015648407
2019-11-22,3.2214251130460916
2019-11-25,3.25277237172352
2019-11-26,3.2590409741831405
2019-11-27,3.2820723094912756
2019-11-29,3.2679200341117123
2019-12-02,3.2392080238713907
2019-12-03,3.219025720265719
2019-12-04,3.23954200175062
2019-12-05,3.2510250679272734
2019-12-06,3.2887055408133237
2019-12-09,3.2785499401503655
2019-12-10,3.275584492995323
2019-12-11,3.2892412450655795
2019-12-12,3.307200491636966
2019-12-13,3.3141291187365223
2019-12-16,3.3460269634722732
2019-12-17,3.3503717634032104
2019-12-18,3.3474326483223416
2019-12-19,3.3638764797778324
2019-12-20,3.37078676965676
2019-12-23,3.3815778443975986
2019-12-24,3.377616959385938
2019-12-26,3.4284857968269002
2019-12-27,3.4268374558848453
2019-12-30,3.406136835560727
2019-12-31,3.416193791604889
2020-01-02,3.4567259344731123
2020-01-03,3.4231348074344874
2020-01-06,3.4537956120346
2020-01-07,3.4405033728311194
2020-01-08,3.4673577555822024
2020-01-09,3.5072589085350376
2020-01-10,3.4988458713134696
2020-01-13,3.536939068883567
2020-01-14,3.5142629717511684
2020-01-15,3.5208599588624048
2020-01-16,3.5545373273848386
2020-01-17,3.578591747996306
2020-01-21,3.577911176194697
2020-01-22,3.5774694733484393
2020-01-23,3.580109022207262
2020-01-24,3.5459508041870897
2020-01-27,3.4839334919265674
2020-01-28,3.5393553623056366
2020-01-29,3.5766914505221523
2020-01-30,3.587148769798147
2020-01-31,3.5387556676022056
2020-02-03,3.5746041734765126
2020-02-04,3.6347954068112927
2020-02-05,3.6497189664848095
2020-02-06,3.685243033524228
2020-02-07,3.68122074833014
2020-02-10,3.7286485087767174
2020-02-11,3.7040497579819913
2020-02-12,3.734602992542063
2020-02-13,3.724621056695119
2020-02-14,3.733826857485706
2020-02-18,3.7371697816942517
2020-02-19,3.7593738620102704
2020-02-20,3.7269587802386233
2020-02-21,3.6579151240124466
2020-02-24,3.5104860188760356
2020-02-25,3.424676782737266
2020-02-26,3.4409150189507525
2020-02-27,3.2614536824695732
2020-02-28,3.2698865371783112
2020-03-02,3.452573350230593
2020-03-03,3.326299384887917
2020-03-04,3.455311826232331
2020-03-05,3.3444028908353323
2020-03-06,3.287554491830072
2020-03-09,3.0723267596342456
2020-03-10,3.249811252572959
2020-03-11,3.105905921515933
2020-03-12,2.8352283662338813
2020-03-13,3.143211556073871
2020-03-16,2.786995855349514
2020-03-17,2.9530326288193294
2020-03-18,2.869032688778093
2020-03-19,2.8964416116118796
2020-03-20,2.7856920522999498
2020-03-23,2.7381771787001785
2020-03-24,2.948685339338413
2020-03-25,2.9200335996059317
2020-03-26,3.0598584737053947
2020-03-27,2.945158174960971
2020-03-30,3.0709161004195744
2020-03-31,3.0486990918269674
2020-04-01,2.9296468190458795
2020-04-02,2.980844099819705
2020-04-03,2.9426592173422317
2020-04-06,3.147971679131434
2020-04-07,3.135061330514682
2020-04-08,3.20456924873543
2020-04-09,3.2221352518801063
2020-04-13,3.250748945559224
2020-04-14,3.380268306943614
2020-04-15,3.349923201621994
2020-04-16,3.394569952292007
2020-04-17,3.4212252443578755
2020-04-20,3.375556378912153
2020-04-21,3.2709634803987733
2020-04-22,3.3658580535301943
2020-04-23,3.370410789557077
2020-04-24,3.4145355264668087
2020-04-27,3.408941284866552
2020-04-28,3.345703821620563
2020-04-29,3.469528076250046
2020-04-30,3.517187331091079
2020-05-01,3.4188650176965805
2020-05-04,3.4508286692439474
2020-05-05,3.4817574956480954
2020-05-06,3.4932812789122454
2020-05-07,3.5245078070583316
2020-05-08,3.5648624127099278
2020-05-11,3.590641331030797
2020-05-12,3.527977847297945
2020-05-13,3.4871227245300167
2020-05-14,3.514237828601472
2020-05-15,3.5411777175168058
2020-05-18,3.5992599947710544
2020-05-19,3.58373459266658
2020-05-20,3.6591932286302646
2020-05-21,3.6264578203492057
2020-05-22,3.6323083898384896
2020-05-26,3.6340604288021976
2020-05-27,3.643625475109632
2020-05-28,3.6371790964213595
2020-05-29,3.6582362260620025
2020-06-01,3.6786356311666872
2020-06-02,3.6998043642669844
2020-06-03,3.7165294576363115
2020-06-04,3.68077533775971
2020-06-05,3.759969228525726
2020-06-08,3.7851541422584125
2020-06-09,3.8304543008879857
2020-06-10,3.879414335192389
2020-06-11,3.693078113309595
2020-06-12,3.720756945341147
2020-06-15,3.750083975585404
2020-06-16,3.819278950816065
2020-06-17,3.822348337837365
2020-06-18,3.825066312986219
2020-06-19,3.820621702727767
2020-06-22,3.88246558005391
2020-06-23,3.928961365960046
2020-06-24,3.8503412718232854
2020-06-25,3.88801171236149
2020-06-26,3.7599210546579434
2020-06-29,3.807496184580577
2020-06-30,3.875266548464135
2020-07-01,3.927270060149347
2020-07-02,3.9428921064821294
2020-07-06,4.051853330978651
2020-07-07,4.0255224255107045
2020-07-08,4.088247340844209
2020-07-09,4.12245977189896
2020-07-10,4.149970062299295
2020-07-13,4.083638199793549
2020-07-14,4.119806090610931
2020-07-15,4.112962169876279
2020-07-16,4.08489420894494
2020-07-17,4.070441802590901
2020-07-20,4.1982606910827425
2020-07-21,4.159091616562396
2020-07-22,4.1656243288180095
2020-07-23,4.039024946731055
2020-07-24,4.027992717773258
2020-07-27,4.073830224798507
2020-07-28,4.0305028691271945
2020-07-29,4.0786574801237645
2020-07-30,4.087222683206956
2020-07-31,4.209382886249466
2020-08-03,4.263575258964409
2020-08-04,4.2632808984568555
2020-08-05,4.291706398478254
2020-08-06,4.375498274800463
2020-08-07,4.335625474735699
2020-08-10,4.3292944257367
2020-08-11,4.25389906574716
2020-08-12,4.346217013648398
2020-08-13,4.361683808394163
2020-08-14,4.353590852680167
2020-08-17,4.366992143343921
2020-08-18,4.42494990283758
2020-08-19,4.403964611673586
2020-08-20,4.471148094514289
2020-08-21,4.516469377384789
2020-08-24,4.55917444646936
2020-08-25,4.5919123180709205
2020-08-26,4.692989076468134
2020-08-27,4.687688309873716
2020-08-28,4.712622811891103
2020-08-31,4.733664093749678
2020-09-01,4.818977235169728
2020-09-02,4.86166743351891
2020-09-03,4.6119654916750905
2020-09-04,4.551822894127124
2020-09-08,4.350680707230897
2020-09-09,4.4739112028194965
2020-09-10,4.367720384066495
2020-09-11,4.332558076447944
2020-09-14,4.371067901662157
2020-09-15,4.4101583170264735
2020-09-16,4.327512837666303
2020-09-17,4.262944304824703
2020-09-18,4.1933375408121885
2020-09-21,4.1985505242564995
2020-09-22,4.294230348242203
2020-09-23,4.157138891084592
2020-09-24,4.186400806126001
2020-09-25,4.276248748541748
2020-09-28,4.346269208199155
2020-09-29,4.326973591242036
2020-09-30,4.365135926226371
2020-10-01,4.418519630034557
2020-10-02,4.313514564667548
2020-10-05,4.403299245407837
2020-10-06,4.304099719211058
2020-10-07,4.370753497997215
2020-10-08,4.394997466663734
2020-10-09,4.472602646393856
2020-10-12,4.6337272621618375
2020-10-13,4.600913950627087
2020-10-14,4.559801757641491
2020-10-15,4.5357026869571095
2020-10-16,4.51047538809822
2020-10-19,4.4129885099863895
2020-10-20,4.45005391317098
2020-10-21,4.463527060645974
2020-10-22,4.46520070674594
2020-10-23,4.491994652800851
2020-10-26,4.425260818298988
2020-10-27,4.474505565939635
2020-10-28,4.277551302919997
2020-10-29,4.369813429712758
2020-10-30,4.256159968043358
2020-11-02,4.26137158024354
2020-11-03,4.328329729866648
2020-11-04,4.5139281561427875
2020-11-05,4.623676098684597
2020-11-06,4.62563488034054
2020-11-09,4.579179742510042
2020-11-10,4.520248907228247
2020-11-11,4.602330489621307
2020-11-12,4.577324471367421
2020-11-13,4.610321944066642
2020-11-16,4.643705267092352
2020-11-17,4.6071573481447246
2020-11-18,4.5557272426179924
2020-11-19,4.5794600184842515
2020-11-20,4.532762293116681
2020-11-23,4.508365985366572
2020-11-24,4.577850845176056
2020-11-25,4.598325829175195
2020-11-27,4.618359494139693
2020-11-30,4.610312224229318
2020-12-01,4.6971232943610275
2020-12-02,4.705650189815972
2020-12-03,4.684087702474786
2020-12-04,4.678536479348629
2020-12-07,4.689915152127305
2020-12-08,4.705745074360973
2020-12-09,4.626422304276509
2020-12-10,4.623615874555774
2020-12-11,4.624835857706851
2020-12-14,4.614010224439696
2020-12-15,4.681034686979954
2020-12-16,4.712698965159698
2020-12-17,4.723360860833725
2020-12-18,4.691054193091712
2020-12-21,4.721028917157522
2020-12-22,4.734011489553939
2020-12-23,4.719385419717556
2020-12-24,4.738924824663788
2020-12-28,4.851701269329651
2020-12-29,4.839080167500644
2020-12-30,4.804636249281075
2020-12-31,4.806120590258813
2021-01-04,4.702125266683917
2021-01-05,4.7298387615803685
2021-01-06,4.650976131511379
2021-01-07,4.766828882221581
2021-01-08,4.82011914888138
2021-01-11,4.711876027979435
2021-01-12,4.700354006199597
2021-01-13,4.739023657636414
2021-01-14,4.680140254087207
2021-01-15,4.652358922903307
2021-01-19,4.717474190154673
2021-01-20,4.86360651575349
2021-01-21,4.918944985665425
2021-01-22,4.942189318277532
2021-01-25,5.007967675715641
2021-01-26,5.045534790502194
2021-01-27,4.9460274304323555
2021-01-28,4.927234183849754
2021-01-29,4.797759297167174
2021-02-01,4.925810397889692
2021-02-02,4.977600798460461
2021-02-03,5.001704807145006
2021-02-04,5.042035845234205
2021-02-05,5.063248381181301
2021-02-08,5.061593115986571
2021-02-09,5.055186445743041
2021-02-10,5.029458678784059
2021-02-11,5.032364353727246
2021-02-12,5.047433156438286
2021-02-16,5.025427182087564
2021-02-17,5.024850156209888
2021-02-18,4.991754958992707
2021-02-19,4.9362278186841
2021-02-22,4.830979603916468
2021-02-23,4.831447800694143
2021-02-24,4.856953461928446
2021-02-25,4.7047836694761065
2021-02-26,4.717921385893786
2021-03-01,4.860356578959228
2021-03-02,4.789453272541671
2021-03-03,4.679312970211957
2021-03-04,4.637180089750681
2021-03-05,4.709504553567415
2021-03-08,4.595943915296592
2021-03-09,4.757225635765055
2021-03-10,4.752021199256909
2021-03-11,4.844018470340225
2021-03-12,4.799884977168427
2021-03-15,4.826113891868101
2021-03-16,4.855640469935048
2021-03-17,4.8696848634705265
2021-03-18,4.735077167632306
2021-03-19,4.744863658186975
2021-03-22,4.8155249930262976
2021-03-23,4.816878240794701
2021-03-24,4.7520582581973025
2021-03-25,4.736884219694455
2021-03-26,4.7706701402134195
2021-03-29,4.794602037732642
2021-03-30,4.765478470885772
2021-03-31,4.8305600254597785
2021-04-01,4.903547957689808
2021-04-05,5.035583460615622
2021-04-06,5.027484109916597
2021-04-07,5.0725730292517355
2021-04-08,5.118978335880798
2021-04-09,5.172420253623199
2021-04-12,5.1631408962305185
2021-04-13,5.2259967679382395
2021-04-14,5.15529738545069
2021-04-15,5.2319272995328845
2021-04-16,5.242271434934821
2021-04-19,5.216466413208963
2021-04-20,5.191886461776433
2021-04-21,5.229008856488797
2021-04-22,5.1588665129871805
2021-04-23,5.231837950272003
2021-04-26,5.2571191107130915
2021-04-27,5.239878559134287
2021-04-28,5.239135077224022
2021-04-29,5.28127705519057
2021-04-30,5.25078326295738
2021-05-03,5.231303003202149
2021-05-04,5.1404252728575495
2021-05-05,5.123548541840909
2021-05-06,5.179968619567696
2021-05-07,5.201192676040096
2021-05-10,5.0728353421477435
2021-05-11,5.046856922088757
2021-05-12,4.924485866703311
2021-05-13,4.977265593037743
2021-05-14,5.078365243996146
2021-05-17,5.063659957077149
2021-05-18,5.021458544652418
2021-05-19,5.020667543360367
2021-05-20,5.090765538022889
2021-05-21,5.0505947707564625
2021-05-24,5.144291682141409
2021-05-25,5.150581586155082
2021-05-26,5.1592841316013125
2021-05-27,5.137734730206902
2021-05-28,5.123766115608216
2021-06-01,5.114114248827279
2021-06-02,5.115748313297087
2021-06-03,5.061268571182983
2021-06-04,5.138446227073236
2021-06-07,5.156493065273392
2021-06-08,5.165892973892493
2021-06-09,5.174443862971679
2021-06-10,5.213034260936741
2021-06-11,5.223096669903226
2021-06-14,5.277183937659029
2021-06-15,5.247371437719996
2021-06-16,5.237920928721009
2021-06-17,5.2998475191216485
2021-06-18,5.2518633204767395
2021-06-21,5.295314086861912
2021-06-22,5.347381408713613
2021-06-23,5.352734439970223
2021-06-24,5.363412749024618
2021-06-25,5.345243453824043
2021-06-28,5.403173473431619
2021-06-29,5.4165111938058255
2021-06-30,5.416284770080117
2021-07-01,5.432493664899684
2021-07-02,5.520935046585316
2021-07-06,5.5691216778511565
2021-07-07,5.59901776628442
2021-07-08,5.5656634946952135
2021-07-09,5.6019929904525885
2021-07-12,5.618899077186839
2021-07-13,5.628729650139009
2021-07-14,5.662100831700483
2021-07-15,5.627562232542205
2021-07-16,5.585396281176257
2021-07-19,5.498404148431257
2021-07-20,5.575515723937934
2021-07-21,5.596937267633166
2021-07-22,5.646414497825435
2021-07-23,5.7396129710565456
2021-07-26,5.769688115138272
2021-07-27,5.703266317464467
2021-07-28,5.715449233567534
2021-07-29,5.709015307488632
2021-07-30,5.632326557266986
2021-08-02,5.6279554114371155
2021-08-03,5.669699303009721
2021-08-04,5.662688479041551
2021-08-05,5.703104853868523
2021-08-06,5.686417064220967
2021-08-09,5.69435500320435
2021-08-10,5.679697705919795
2021-08-11,5.6722687741753965
2021-08-12,5.72296453074889
2021-08-13,5.735466811633808
2021-08-16,5.761929359282861
2021-08-17,5.705305954621496
2021-08-18,5.6455813771926655
2021-08-19,5.662733410696946
2021-08-20,5.728097255953811
2021-08-23,5.791944262479711
2021-08-24,5.80073693673489
2021-08-25,5.795447179512785
2021-08-26,5.760455225973679
2021-08-27,5.813913832740081
2021-08-30,5.904907042722737
2021-08-31,5.898926407748552
2021-09-01,5.9132439929742135
2021-09-02,5.890223538444602
2021-09-03,5.902295401408453
2021-09-07,5.937533711681249
2021-09-08,5.922173238043325
2021-09-09,5.884491051769551
2021-09-10,5.803541914046699
2021-09-13,5.8191279881413385
2021-09-14,5.811035528988921
2021-09-15,5.859452127508
2021-09-16,5.856193741025601
2021-09-17,5.7758707859821286
2021-09-20,5.657712291760574
2021-09-21,5.669460692020586
2021-09-22,5.708220506465353
2021-09-23,5.750232378873106
2021-09-24,5.780659443976831
2021-09-27,5.743027998996554
2021-09-28,5.587416258474654
2021-09-29,5.587028884848252
2021-09-30,5.544106739603417
2021-10-01,5.608507675632361
2021-10-04,5.486167729977204
2021-10-05,5.560009224461629
2021-10-06,5.611003022096941
2021-10-07,5.658150463576136
2021-10-08,5.653850306154138
2021-10-11,5.6219981410555135
2021-10-12,5.587789275376821
2021-10-13,5.612999824431212
2021-10-14,5.704844614461072
2021-10-15,5.763546104991761
2021-10-18,5.830998262178962
2021-10-19,5.872616488214953
2021-10-20,5.8615867870100935
2021-10-21,5.8938490575879365
2021-10-22,5.820077607717609
2021-10-25,5.875575906554996
2021-10-26,5.892070900023389
2021-10-27,5.96369758805004
2021-10-28,6.028888469028426
2021-10-29,6.055100558765321
2021-11-01,6.049766909947296
2021-11-02,6.065756894716997
2021-11-03,6.128706246124332
2021-11-04,6.179531113356978
2021-11-05,6.20525940724628
2021-11-08,6.168661641576073
2021-11-09,6.111089370501446
2021-11-10,6.038516842670625
2021-11-11,6.031596032127342
2021-11-12,6.104510765054965
2021-11-15,6.10137842686903
2021-11-16,6.124751878343449
2021-11-17,6.148168568054922
2021-11-18,6.236310559793371
2021-11-19,6.277849753357791
2021-11-22,6.231916391718166
2021-11-23,6.20874433262067
2021-11-24,6.228285989806226
2021-11-26,6.073386303788
2021-11-29,6.188116342519888
2021-11-30,6.139904709460371
2021-12-01,6.064505022089469
2021-12-02,6.069282926305545
2021-12-03,5.97837816182044
2021-12-06,6.064266610477651
2021-12-07,6.227435609599143
2021-12-08,6.283012614378507
2021-12-09,6.236619923256753
2021-12-10,6.318510930549452
2021-12-13,6.240859929926698
2021-12-14,6.178921051786448
2021-12-15,6.301262466796524
2021-12-16,6.150899793811566
2021-12-17,6.104653872447841
2021-12-20,6.03081225741122
2021-12-21,6.151680523842514
2021-12-22,6.24818258399107
2021-12-23,6.293515245507608
2021-12-27,6.388171661178881
2021-12-28,6.37572183564525
2021-12-29,6.369228869317756
2021-12-30,6.341203172061711
2021-12-31,6.288629099989168
2022-01-03,6.333143671376742
2022-01-04,6.2540266637195385
2022-01-05,6.050889807375129
2022-01-06,6.01770420157931
2022-01-07,5.987937465311351
2022-01-10,6.007294298077237
2022-01-11,6.0754409665669105
2022-01-12,6.124066098052286
2022-01-13,5.953467585552387
2022-01-14,5.999279188822012
2022-01-18,5.857309451880729
2022-01-19,5.782839902733447
2022-01-20,5.711558983858677
2022-01-21,5.554094996955716
2022-01-24,5.560474525743522
2022-01-25,5.448585405125244
2022-01-26,5.496786940739557
2022-01-27,5.443238899860835
2022-01-28,5.641895440814552
2022-01-31,5.804539933950918
2022-02-01,5.826731008196163
2022-02-02,5.922867884478409
2022-02-03,5.636208223699804
2022-02-04,5.761820986593319
2022-02-07,5.697863155836874
2022-02-08,5.770157118122833
2022-02-09,5.857863845787012
2022-02-10,5.730512544681701
2022-02-11,5.5652364072277605
2022-02-14,5.583560686822467
2022-02-15,5.702016653120994
2022-02-16,5.7088132120237445
2022-02-17,5.53564343230844
2022-02-18,5.47152008841179
2022-02-22,5.404929606550094
2022-02-23,5.254639342962326
2022-02-24,5.423719834827228
2022-02-25,5.508144528125396
2022-02-28,5.544324566376395
2022-03-01,5.464642959162893
2022-03-02,5.552025940229765
2022-03-03,5.482893485216601
2022-03-04,5.399683768218603
2022-03-07,5.194985712515526
2022-03-08,5.171320819874482
2022-03-09,5.374460623849694
2022-03-10,5.342272294675458
2022-03-11,5.2303462934926435
2022-03-14,5.128113331549582
2022-03-15,5.297395332880058
2022-03-16,5.470810710013667
2022-03-17,5.542902597631556
2022-03-18,5.662304835461669
2022-03-21,5.681114983457764
2022-03-22,5.806397642555668
2022-03-23,5.766720765753968
2022-03-24,5.885342174267391
2022-03-25,5.89955035484761
2022-03-28,5.995457166879038
2022-03-29,6.057234210186962
2022-03-30,6.0151356432342045
2022-03-31,5.903938642309445
2022-04-01,5.902840256975996
2022-04-04,6.033836809701972
2022-04-05,5.91545142242845
2022-04-06,5.755332109739726
2022-04-07,5.761791475885268
2022-04-08,5.68525610033555
2022-04-11,5.518527174391569
2022-04-12,5.505025236837504
2022-04-13,5.598521088894694
2022-04-14,5.456142877692964
2022-04-18,5.488748234644029
2022-04-19,5.59390358802383
2022-04-20,5.515748312095538
2022-04-21,5.417135089865771
2022-04-22,5.272903533308086
2022-04-25,5.341390582737627
2022-04-26,5.106670411752147
2022-04-27,5.104843089047562
2022-04-28,5.299522913317243
2022-04-29,5.044079259533771
2022-05-02,5.120294701261519
2022-05-03,5.134522145210457
2022-05-04,5.311311485813079
2022-05-05,5.025033637650388
2022-05-06,4.999957861356826
2022-05-09,4.796476766975654
2022-05-10,4.8556015947842575
2022-05-11,4.685988708565859
2022-05-12,4.628833188082736
2022-05-13,4.7850836137830335
2022-05-16,4.729172223609241
2022-05-17,4.8531492215018845
2022-05-18,4.60788823441802
2022-05-19,4.5685893409651275
2022-05-20,4.5390933601058565
2022-05-23,4.655056003312397
2022-05-24,4.534551625757694
2022-05-25,4.5852403588638175
2022-05-26,4.705935489778143
2022-05-27,4.874224913925748
2022-05-31,4.885499041777221
2022-06-01,4.866486421177258
2022-06-02,4.983332022703729
2022-06-03,4.8260221965323025
2022-06-06,4.865964957838234
2022-06-07,4.901508830092189
2022-06-08,4.873067173508706
2022-06-09,4.734914708704308
2022-06-10,4.545666374773092
2022-06-13,4.336222037301843
2022-06-14,4.344853311536848
2022-06-15,4.470845671700089
2022-06-16,4.298841413060438
2022-06-17,4.347699135181271
2022-06-21,4.487776132686178
2022-06-22,4.478485308056155
2022-06-23,4.542899977637164
2022-06-24,4.707543980267607
2022-06-27,4.667630008641716
2022-06-28,4.5123691906802685
2022-06-29,4.539909942156324
2022-06-30,4.460739751359881
2022-07-01,4.503733358092313
2022-07-05,4.597250332684431
2022-07-06,4.636650032979887
2022-07-07,4.742235291672023
2022-07-08,4.754410245912689
2022-07-11,4.640288500559063
2022-07-12,4.583713537744172
2022-07-13,4.566511863696429
2022-07-14,4.57805822891241
2022-07-15,4.66108330708409
2022-07-18,4.61240715688784
2022-07-19,4.756666424977103
2022-07-20,4.821683909946034
2022-07-21,4.899532632182271
2022-07-22,4.796759633742643
2022-07-25,4.768566015338447
2022-07-26,4.656160112904286
2022-07-27,4.89170201213692
2022-07-28,4.9414024597263335
2022-07-29,5.098826564051006
2022-08-01,5.069714340754424
2022-08-02,5.0427163290232615
2022-08-03,5.19080474537513
2022-08-04,5.208303675316898
2022-08-05,5.160108791875355
2022-08-08,5.132252590024356
2022-08-09,5.109945651153243
2022-08-10,5.254858368677476
2022-08-11,5.2148616648641966
2022-08-12,5.3346383631077625
2022-08-15,5.368456204500063
2022-08-16,5.368581071051108
2022-08-17,5.331531715314647
2022-08-18,5.331212981974982
2022-08-19,5.2218995647082425
2022-08-22,5.082352342594847
2022-08-23,5.078608278171936
2022-08-24,5.0872497266443455
2022-08-25,5.17592901153737
2022-08-26,4.96175742052377
2022-08-29,4.908584197968101
2022-08-30,4.852493789267941
2022-08-31,4.813697044154933
2022-09-01,4.826619258260757
2022-09-02,4.753137413816283
2022-09-06,4.721607914448691
2022-09-07,4.809002734944371
2022-09-08,4.815878831103756
2022-09-09,4.919777823760485
2022-09-12,5.005395778092921
2022-09-13,4.718484418065314
2022-09-14,4.753141920617651
2022-09-15,4.686618559693014
2022-09-16,4.6525283724467075
2022-09-19,4.7067553225036205
2022-09-20,4.683769879557991
2022-09-21,4.5876216871222635
2022-09-22,4.5608186900492145
2022-09-23,4.479931530015174
2022-09-26,4.467108744980502
2022-09-27,4.472588633924138
2022-09-28,4.538489137818632
2022-09-29,4.391705570167754
2022-09-30,4.311092331134229
2022-10-03,4.393862481975158
2022-10-04,4.530803040300212
2022-10-05,4.51764965667364
2022-10-06,4.484387271180908
2022-10-07,4.298926160918849
2022-10-10,4.264208702807685
2022-10-11,4.208627414729136
2022-10-12,4.208164466148296
2022-10-13,4.3205155539185585
2022-10-14,4.1882518372902
2022-10-17,4.3554326752497134
2022-10-18,4.395633807078686
2022-10-19,4.372926560791378
2022-10-20,4.344742532656569
2022-10-21,4.456054408012017
2022-10-24,4.506972231906914
2022-10-25,4.591462869017989
2022-10-26,4.410990810099005
2022-10-27,4.2860454750440935
2022-10-28,4.42108349783025
2022-10-31,4.357989079872449
2022-11-01,4.274703576172267
2022-11-02,4.124509113617093
2022-11-03,4.017579084547173
2022-11-04,4.073855321940333
2022-11-07,4.111807579820751
2022-11-08,4.1208962350826255
2022-11-09,4.008473064205222
2022-11-10,4.332931535901075
2022-11-11,4.41642446703255
2022-11-14,4.358749597163769
2022-11-15,4.400365848446741
2022-11-16,4.364932936826305
2022-11-17,4.355115991474369
2022-11-18,4.354072296762412
2022-11-21,4.285518505865759
2022-11-22,4.348179298562473
2022-11-23,4.407371463653173
2022-11-25,4.375673672636453
2022-11-28,4.301378135527458
2022-11-29,4.259591547702126
2022-11-30,4.478539889910572
2022-12-01,4.469325610545301
2022-12-02,4.457221198074367
2022-12-05,4.37747825655288
2022-12-06,4.280786674506913
2022-12-07,4.244273069847185
2022-12-08,4.286672082109865
2022-12-09,4.266868202934669
2022-12-12,4.3193167461146835
2022-12-13,4.366537739606272
2022-12-14,4.330081581987947
2022-12-15,4.178511754732785
2022-12-16,4.126329327514045
2022-12-19,4.060742647764593
2022-12-20,4.055773822056329
2022-12-21,4.1191145065110195
2022-12-22,4.006090859455685
2022-12-23,4.024258620209571
2022-12-27,3.948829161412047
2022-12-28,3.8954305528805713
2022-12-29,4.004072397750147
2022-12-30,4.0034859802351175
2023-01-03,3.9494814553856776
2023-01-04,3.921939800476242
2023-01-05,3.862307501784635
2023-01-06,3.9445419672105895
2023-01-09,3.9534618460082998
2023-01-10,3.983083693452034
2023-01-11,4.080649615020814
2023-01-12,4.091005428979969
2023-01-13,4.1218172767321795
2023-01-17,4.110260863516901
2023-01-18,4.059219886070646
2023-01-19,4.049448442279609
2023-01-20,4.154895443641083
2023-01-23,4.199482741175945
2023-01-24,4.196623600429281
2023-01-25,4.179355337851273
2023-01-26,4.250339350985652
2023-01-27,4.287484684367477
2023-01-30,4.2089533204823635
2023-01-31,4.2770158103386215
2023-02-01,4.318415583730503
2023-02-02,4.458987080716772
2023-02-03,4.4036414012987875
2023-02-06,4.361498678882957
2023-02-07,4.46219273941969
2023-02-08,4.375353266107852
2023-02-09,4.317732363742841
2023-02-10,4.3280466498777965
2023-02-13,4.39353087371973
2023-02-14,4.386737158479151
2023-02-15,4.409741027880124
2023-02-16,4.340629565919746
2023-02-17,4.306117184000108
2023-02-21,4.212904046177365
2023-02-22,4.211366237008281
2023-02-23,4.22708484083287
2023-02-24,4.163600976259672
2023-02-27,4.182996853242084
2023-02-28,4.174772442323192
2023-03-01,4.138661397732594
2023-03-02,4.172672064697482
2023-03-03,4.263995341187918
2023-03-06,4.303862093762864
2023-03-07,4.24641497592986
2023-03-08,4.250640490955393
2023-03-09,4.185596428087723
2023-03-10,4.137065633243331
2023-03-13,4.175475807574888
2023-03-14,4.255473838211371
2023-03-15,4.265733126886896
2023-03-16,4.375639531171104
2023-03-17,4.362574361590782
2023-03-20,4.367292923133863
2023-03-21,4.4422745871129505
2023-03-22,4.388429787715544
2023-03-23,4.423912296845338
2023-03-24,4.440850608097545
2023-03-27,4.410568481865253
2023-03-28,4.386025188216061
2023-03-29,4.451375330148826
2023-03-30,4.481094356461551
2023-03-31,4.548637279493482
2023-04-03,4.579063008555623
2023-04-04,4.578802152664234
2023-04-05,4.562155531814527
2023-04-06,4.618020624903527
2023-04-10,4.580588964172894
2023-04-11,4.540535064905891
2023-04-12,4.523572882137194
2023-04-13,4.6365336253769245
2023-04-14,4.6406315827011735
2023-04-17,4.633339058746027
2023-04-18,4.63160420868641
2023-04-19,4.638141251648545
2023-04-20,4.629540223187563
2023-04-21,4.629573311530326
2023-04-24,4.626434078144143
2023-04-25,4.555420298730895
2023-04-26,4.615750386389575
2023-04-27,4.741748543058204
2023-04-28,4.749368491913064
2023-05-01,4.7262908842213776
2023-05-02,4.693779333825674
2023-05-03,4.667163925997423
2023-05-04,4.644471759735368
2023-05-05,4.753130987771807
2023-05-08,4.7624047445228195
2023-05-09,4.741936293298565
2023-05-10,4.809370122693192
2023-05-11,4.835004057277555
2023-05-12,4.819375227344005
2023-05-15,4.816882682918783
2023-05-16,4.840966621823781
2023-05-17,4.8904112878867645
2023-05-18,4.950273079758898
2023-05-19,4.942483407713112
2023-05-22,4.945431294434577
2023-05-23,4.879340001327987
2023-05-24,4.8708060352011895
2023-05-25,4.919722549477427
2023-05-26,4.996291564028635
2023-05-30,5.002357603943912
2023-05-31,4.979079136952389
2023-06-01,5.043052613042197
2023-06-02,5.093789655576472
2023-06-05,5.093876770191829
2023-06-06,5.100794028647623
2023-06-07,5.006437903289568
2023-06-08,5.047846983765407
2023-06-09,5.05239616681674
2023-06-12,5.111102708863668
2023-06-13,5.119497889224414
2023-06-14,5.116389495687636
2023-06-15,5.195373590179172
2023-06-16,5.148577055221477
2023-06-20,5.13048582794938
2023-06-21,5.0937570792347415
2023-06-22,5.17409634557823
2023-06-23,5.142956346188615
2023-06-26,5.076786400135167
2023-06-27,5.12948386363127
2023-06-28,5.148989484418731
2023-06-29,5.157196964253685
2023-06-30,5.236725159145579
2023-07-03,5.216917472600223
2023-07-05,5.216010222524392
2023-07-06,5.198565959021163
2023-07-07,5.172502949648717
2023-07-10,5.116130250289776
2023-07-11,5.135105407860425
2023-07-12,5.183307275788207
2023-07-13,5.2520922314832115
2023-07-14,5.275602365513062
2023-07-17,5.301829907304627
2023-07-18,5.342283611501066
2023-07-19,5.339765053970564
2023-07-20,5.276526964763941
2023-07-21,5.263670991021973
2023-07-24,5.291990980178278
2023-07-25,5.320892284232655
2023-07-26,5.319436241498811
2023-07-27,5.2827562640215815
2023-07-28,5.364954189371949
2023-07-31,5.373292805818872
2023-08-01,5.353544875997058
2023-08-02,5.260114385196955
2023-08-03,5.260242559094719
2023-08-04,5.238612126173734
2023-08-07,5.280143363845246
2023-08-08,5.258846318046662
2023-08-09,5.208068570225561
2023-08-10,5.21233983862277
2023-08-11,5.214536653606018
2023-08-14,5.2614652722303
2023-08-15,5.196814598909739
2023-08-16,5.162153403086198
2023-08-17,5.1307374658429135
2023-08-18,5.118833707484526
2023-08-21,5.151377728728516
2023-08-22,5.155843133900076
2023-08-23,5.226410297188969
2023-08-24,5.131774640691142
2023-08-25,5.176593382406142
2023-08-28,5.1983785733870445
2023-08-29,5.279644079338171
2023-08-30,5.318542694034429
2023-08-31,5.3197689704613165
2023-09-01,5.34003744557514
2023-09-05,5.350458322466797
2023-09-06,5.281297534949626
2023-09-07,5.25282503033239
2023-09-08,5.285044855967691
2023-09-11,5.333974569804503
2023-09-12,5.285719709768484
2023-09-13,5.308995906795592
2023-09-14,5.341430845537036
2023-09-15,5.275627201538589
2023-09-18,5.305188164892921
2023-09-19,5.295406067444479
2023-09-20,5.204505219276697
2023-09-21,5.1311294246513315
2023-09-22,5.121249776238585
2023-09-25,5.152248267541107
2023-09-26,5.0536693593454665
2023-09-27,5.06007075432221
2023-09-28,5.080058491154159
2023-09-29,5.06825899905622
2023-10-02,5.134520561485688
2023-10-03,5.053680271489979
2023-10-04,5.104832326557584
2023-10-05,5.113272567991369
2023-10-06,5.1892385573479665
2023-10-09,5.222282263762525
2023-10-10,5.220907342877251
2023-10-11,5.259523338807689
2023-10-12,5.253386529816116
2023-10-13,5.2235786009413046
2023-10-16,5.26589560848953
2023-10-17,5.251506371730543
2023-10-18,5.198067759753804
2023-10-19,5.190582444912193
2023-10-20,5.117262730615287
2023-10-23,5.127919858406762
2023-10-24,5.162238889841931
2023-10-25,5.071498061889132
2023-10-26,4.958306428158416
2023-10-27,4.988442662029441
2023-10-30,5.081662799971891
2023-10-31,5.099412535899343
2023-11-01,5.185451266492758
2023-11-02,5.253902713612305
2023-11-03,5.276177380452576
2023-11-06,5.313456097644542
2023-11-07,5.362022146032801
2023-11-08,5.378172123324949
2023-11-09,5.346575471944429
2023-11-10,5.4462016321587825
2023-11-13,5.418224029289501
2023-11-14,5.483320922013551
2023-11-15,5.486564105828736
2023-11-16,5.538538953971033
2023-11-17,5.523121226022578
2023-11-20,5.575227017631705
2023-11-21,5.5531590285328605
2023-11-22,5.599424660037362
2023-11-24,5.584175006684977
2023-11-27,5.58363465322726
2023-11-28,5.600399569666861
2023-11-29,5.559664760119625
2023-11-30,5.566234850639217
2023-12-01,5.562198470985786
2023-12-04,5.504735041753965
2023-12-05,5.5596510470143405
2023-12-06,5.511921956366891
2023-12-07,5.583881648207314
2023-12-08,5.600897901112728
2023-12-11,5.55943663257683
2023-12-12,5.589448260686469
2023-12-13,5.628974494310439
2023-12-14,5.58784155840785
2023-12-15,5.610527598258904
2023-12-18,5.647329707648547
2023-12-19,5.6702596313918585
2023-12-20,5.6256070304296175
2023-12-21,5.663548845337162
2023-12-22,5.664045225743868
2023-12-26,5.664043855172815
2023-12-27,5.657462166459008
2023-12-28,5.665618418394421
2023-12-29,5.65000982774541
2024-01-02,5.453801059137726
2024-01-03,5.434874113844629
2024-01-04,5.386148676748652
2024-01-05,5.397929237528907
2024-01-08,5.5252450180259345
2024-01-09,5.5460291561526915
2024-01-10,5.6166164218468095
2024-01-11,5.616549380968986
2024-01-12,5.6273910051325
2024-01-16,5.617014227133039
2024-01-17,5.587450060456727
2024-01-18,5.6710082733549845
2024-01-19,5.764337244419803
2024-01-22,5.7660745958548745
2024-01-23,5.80099613820481
2024-01-24,5.84305321252521
2024-01-25,5.84493833872272
2024-01-26,5.838974379332207
2024-01-29,5.901741117891845
2024-01-30,5.8642048227614625
2024-01-31,5.701682871859998
2024-02-01,5.78958136430772
2024-02-02,5.976226194259773
2024-02-05,5.9899510478028715
2024-02-06,5.990218429864857
2024-02-07,6.077518027224488
2024-02-08,6.069263602810692
2024-02-09,6.157692383191138
2024-02-12,6.107185560960475
2024-02-13,6.024685191630596
2024-02-14,6.090022053103856
2024-02-15,6.078295927916037
2024-02-16,6.045798155359106
2024-02-20,5.980638063459239
2024-02-21,5.976722839886732
2024-02-22,6.194086153626577
2024-02-23,6.175217374460224
2024-02-26,6.127732528356345
2024-02-27,6.136946025212009
2024-02-28,6.108158014345824
2024-02-29,6.160354630982961
2024-03-01,6.209025819273026
2024-03-04,6.160648031955961
2024-03-05,6.055713645564834
2024-03-06,6.069172060528518
2024-03-07,6.170626883675496
2024-03-08,6.109935661582334
2024-03-11,6.071900897877416
2024-03-12,6.208688260423684
2024-03-13,6.188062626957783
2024-03-14,6.218234277338816
2024-03-15,6.150142838735775
2024-03-18,6.2285971157485855
2024-03-19,6.27212368482558
2024-03-20,6.346914518913785
2024-03-21,6.313955640616876
2024-03-22,6.3551158385022015
2024-03-25,6.328360714731045
2024-03-26,6.292731843057862
2024-03-27,6.3061149608075375
2024-03-28,6.286344578474616
2024-04-01,6.294260312713929
2024-04-02,6.258656707079971
2024-04-03,6.280958165380539
2024-04-04,6.2047176654051555
2024-04-05,6.303348841074589
2024-04-08,6.294871769998913
2024-04-09,6.293868362644221
2024-04-10,6.280137013057792
2024-04-11,6.408289430243888
2024-04-12,6.333489618837709
2024-04-15,6.208869550469667
2024-04-16,6.19109756361876
2024-04-17,6.134201312687065
2024-04-18,6.106117652663911
2024-04-19,5.938915296527286
2024-04-22,6.004953528946219
2024-04-23,6.103217004342711
2024-04-24,6.098750915589973
2024-04-25,6.029455339466241
2024-04-26,6.2007322088604475
2024-04-29,6.211058531123125
2024-04-30,6.093036867497134
2024-05-01,6.096342184885652
2024-05-02,6.188902919854125
2024-05-03,6.322000587287398
2024-05-06,6.416189446887648
2024-05-07,6.410804366898173
2024-05-08,6.402924903491971
2024-05-09,6.413727251030949
2024-05-10,6.405864826713367
2024-05-13,6.4199312827109685
2024-05-14,6.463890838042388
2024-05-15,6.557511293685571
2024-05-16,6.534169636728672
2024-05-17,6.5326145541983855
2024-05-20,6.570928419883484
2024-05-21,6.615801775981777
2024-05-22,6.593895939386876
2024-05-23,6.605811306680642
2024-05-24,6.686853922157594
2024-05-28,6.765198641709581
2024-05-29,6.763087059151714
2024-05-30,6.657458172212479
2024-05-31,6.653324405700478
2024-06-03,6.734112511119792
2024-06-04,6.7599797494872735
2024-06-05,6.887457600810979
2024-06-06,6.895784494519545
2024-06-07,6.900454161860748
2024-06-10,6.918118133095122
2024-06-11,7.018507272247328
2024-06-12,7.13299568747366
2024-06-13,7.164843264410169
2024-06-14,7.178833888528131
2024-06-17,7.235741348574938
2024-06-18,7.238319468306612
2024-06-20,7.180536856287439
2024-06-21,7.1601434923317635
2024-06-24,7.069954634389565
2024-06-25,7.208473501136877
2024-06-26,7.282027347878026
2024-06-27,7.2939838866772195
2024-06-28,7.1947622094292045
2024-07-01,7.30478899103557
2024-07-02,7.375409491815581
2024-07-03,7.45122427310068
2024-07-05,7.559492414894045
2024-07-08,7.564419500374481
2024-07-09,7.599387738975927
2024-07-10,7.702533612063583
2024-07-11,7.465909865233135
2024-07-12,7.501886871901435
2024-07-15,7.533556677036808
2024-07-16,7.490598185774678
2024-07-17,7.275866747117422
2024-07-18,7.22162378754615
2024-07-19,7.161471237977649
2024-07-22,7.28151323904622
2024-07-23,7.296165707619533
2024-07-24,6.976548694107381
2024-07-25,6.872028067612378
2024-07-26,6.926396002140904
2024-07-29,6.952514388194384
2024-07-30,6.848334129716293
2024-07-31,7.041361045531393
2024-08-01,6.931917875621995
2024-08-02,6.77590281379157
2024-08-05,6.483910098278125
2024-08-06,6.556956045393949
2024-08-07,6.502446562154235
2024-08-08,6.687683267205929
2024-08-09,6.7539795587412765
2024-08-12,6.791312629554246
2024-08-13,6.9652166436044265
2024-08-14,6.981008721993011
2024-08-15,7.129945416443224
2024-08-16,7.145978447161708
2024-08-19,7.243209440130409
2024-08-20,7.242021616134815
2024-08-21,7.260666174445173
2024-08-22,7.134330973747767
2024-08-23,7.231000257127676
2024-08-26,7.176137521975819
2024-08-27,7.185061191212113
2024-08-28,7.114478966822751
2024-08-29,7.0703620483734335
2024-08-30,7.157496177593564
2024-09-03,6.9331321441626725
2024-09-04,6.897027783126853
2024-09-05,6.929013195430654
2024-09-06,6.749498069789029
2024-09-09,6.822770544313536
2024-09-10,6.8845180006727
2024-09-11,7.0561087827448965
2024-09-12,7.138795175757024
2024-09-13,7.153206358974031
2024-09-16,7.102050878779766
2024-09-17,7.122061721137121
2024-09-18,7.110029821529276
2024-09-19,7.29991735382381
2024-09-20,7.275114643042522
2024-09-23,7.282030200008363
2024-09-24,7.31551707733937
2024-09-25,7.33807738614869
2024-09-26,7.34207873965656
2024-09-27,7.302413528714764
2024-09-30,7.356465206775538
2024-10-01,7.241893960088539
2024-10-02,7.232133280731988
2024-10-03,7.245394780715232
2024-10-04,7.330321932588024
2024-10-07,7.2336944118870825
2024-10-08,7.35940531420462
2024-10-09,7.384858216284672
2024-10-10,7.3917427749998375
2024-10-11,7.391327689055413
2024-10-14,7.461460867884309
2024-10-15,7.407286659154346
2024-10-16,7.425288588196983
2024-10-17,7.434999711056323
2024-10-18,7.474616835225188
2024-10-21,7.533194822588688
2024-10-22,7.564896473183639
2024-10-23,7.425350951081482
2024-10-24,7.495056304954478
2024-10-25,7.552616338154605
2024-10-28,7.563426272163395
2024-10-29,7.622234656607351
2024-10-30,7.596450590950204
2024-10-31,7.341735305972898
2024-11-01,7.405098290285832
2024-11-04,7.354447496237718
2024-11-05,7.453961811102014
2024-11-06,7.662911283412635
2024-11-07,7.802645223729616
2024-11-08,7.806185587171898
2024-11-11,7.7934081712577505
2024-11-12,7.820827723165951
2024-11-13,7.816454630737766
2024-11-14,7.780359024865792
2024-11-15,7.604119496481541
2024-11-18,7.636966888628294
2024-11-19,7.75132619260255
2024-11-20,7.725108196646893
2024-11-21,7.662475325252804
2024-11-22,7.632895762675987
2024-11-25,7.6254823223165085
2024-11-26,7.729586240513596
2024-11-27,7.685116264369162
2024-11-29,7.760794629471266
2024-12-02,7.856848867684124
2024-12-03,7.91280861188264
2024-12-04,8.025956849740806
2024-12-05,8.051285197160125
2024-12-06,8.105935958808349
2024-12-09,8.07595651297123
2024-12-10,8.102939025557658
2024-12-11,8.268006886642734
2024-12-12,8.219562758602054
2024-12-13,8.18128920530425
2024-12-16,8.279535219895559
2024-12-17,8.292428008924844
2024-12-18,8.022598197370687
2024-12-19,8.058659851036039
2024-12-20,8.12686398172961
2024-12-23,8.231181060254247
2024-12-24,8.344660035135318
2024-12-26,8.317819642807128
2024-12-27,8.177872849797337
2024-12-30,8.090421742460784
2024-12-31,7.998748089277281
2025-01-02,7.929884029098227
2025-01-03,8.076611682782918
2025-01-06,8.20942983153598
2025-01-07,8.017427189384987
2025-01-08,8.0180877259551
2025-01-10,7.898064254748947
2025-01-13,7.851065836085226
2025-01-14,7.778746223008091
2025-01-15,8.007175622071662
2025-01-16,7.882211599040649
2025-01-17,8.004646288962316
2025-01-21,8.031065343172639
2025-01-22,8.162429144921783
2025-01-23,8.176530918432315
2025-01-24,8.148699731391249
2025-01-27,7.842894156293768
2025-01-28,8.077067258968063
2025-01-29,8.003081227134508
2025-01-30,7.9879049665811666
2025-01-31,7.971581624381592
2025-02-03,7.8374096816624235
2025-02-04,7.966268538597324
2025-02-05,7.939282082217463
2025-02-06,8.014819029460135
2025-02-07,7.880146831336601
2025-02-10,7.946378996873988
2025-02-11,7.9340717003488965
2025-02-12,7.932260624064339
2025-02-13,8.055966571476995
2025-02-14,8.083531578212844
2025-02-18,8.054313206942217
2025-02-19,8.077693491167588
2025-02-20,8.06007214352024
2025-02-21,7.883813325389706
2025-02-24,7.801373004864786
2025-02-25,7.684913213585661
2025-02-26,7.706275554319141
2025-02-27,7.469817060606479
2025-02-28,7.620548875434418
2025-03-03,7.380770723839719
2025-03-04,7.351095659598236
2025-03-05,7.468601510549445
2025-03-06,7.280560212922325
2025-03-07,7.317790545341379
2025-03-10,6.990323905537463
2025-03-11,6.993032121929029
2025-03-12,7.110889926305279
2025-03-13,6.968713446757381
2025-03-14,7.157112466933061
2025-03-17,7.117283649335171
2025-03-18,6.977322444107702
2025-03-19,7.085143585080176
2025-03-20,7.077776750583908
2025-03-21,7.138118010062724
2025-03-24,7.312939692621739
2025-03-25,7.366674308105031
2025-03-26,7.170921504336809
2025-03-27,7.131926551843189
2025-03-28,6.922759634589317
2025-03-31,6.914950297337395
2025-04-01,6.98848379137828
2025-04-02,7.041889547569535
2025-04-03,6.588748861479876
2025-04-04,6.210960349033371
2025-04-07,6.228696467821709
2025-04-08,6.110687381806344
2025-04-09,6.917575044772117
2025-04-10,6.60467342418488
2025-04-11,6.764471402247216
2025-04-14,6.778883411610506
2025-04-15,6.754555527126204
2025-04-16,6.497183508064664
2025-04-17,6.489047021526168
2025-04-21,6.298985313113899
2025-04-22,6.471250480530574
2025-04-23,6.661919412744432
2025-04-24,6.859431150358321
2025-04-25,7.00632921365246
2025-04-28,6.9770743017980665
2025-04-29,7.007131606948858
2025-04-30,6.987183004425333
2025-05-01,7.128525017962855
2025-05-02,7.213237212064281
2025-05-05,7.120713266356478
2025-05-06,7.061247111032794
2025-05-07,7.064404654695037
2025-05-08,7.119949675800156
2025-05-09,7.123895264958654
2025-05-12,7.483523448097944
2025-05-13,7.627835476210175
2025-05-14,7.711358167629692
2025-05-15,7.666342640860806
2025-05-16,7.700275747476147
2025-05-19,7.695948924111774
2025-05-20,7.645004497928773
2025-05-21,7.559638252384734
2025-05-22,7.594907033876754
2025-05-23,7.495221849475211
2025-05-27,7.703011055352922
2025-05-28,7.673153634471034
2025-05-29,7.729291971214609
2025-05-30,7.688673940712872
2025-06-02,7.74611612990121
2025-06-03,7.786937032311664
2025-06-04,7.821372168485478
2025-06-05,7.737971984441682
2025-06-06,7.839501338386357
2025-06-09,7.87685906987683
2025-06-10,7.947366696660958
2025-06-11,7.8997177210927285
2025-06-12,7.932141522395874
2025-06-13,7.8506851022038475
2025-06-16,7.955060667004861
2025-06-17,7.883188128985713
2025-06-18,7.8942235937440275
2025-06-20,7.829999133360029
2025-06-23,7.9103966163131485
2025-06-24,8.004804520592447
2025-06-25,8.076034340440371
2025-06-26,8.154141559639747
2025-06-27,8.222003168399858
2025-06-30,8.235374485497696
2025-07-01,8.134846026147498
2025-07-02,8.223997544508553
2025-07-03,8.310483286787777
2025-07-07,8.224400516044009
2025-07-08,8.213868065047405
2025-07-09,8.317034948340693
2025-07-10,8.34227714018223
2025-07-11,8.36367880964746
2025-07-14,8.361640438708209
2025-07-15,8.416638137472187
2025-07-16,8.434148606510883
2025-07-17,8.469474447110999
2025-07-18,8.49637193920511
2025-07-21,8.544365170357624
2025-07-22,8.486434526840839
2025-07-23,8.55108470573812
2025-07-24,8.5937845769766
2025-07-25,8.621831110177984
2025-07-28,8.673409264149802
2025-07-29,8.6150235611231
2025-07-30,8.64054621409031
2025-07-31,8.706989185105602
2025-08-01,8.486924895488846
2025-08-04,8.64271910531507
2025-08-05,8.588809825661974
2025-08-06,8.729539426379358
2025-08-07,8.72694876288104
2025-08-08,8.841939220777729
2025-08-11,8.825518814531298
2025-08-12,8.932782158984944
2025-08-13,8.915950693383495
2025-08-14,8.965037945940765
2025-08-15,8.934118309150415
2025-08-18,8.923064086733099
2025-08-19,8.780908853821304
2025-08-20,8.698501749701883
2025-08-21,8.666020820059716
2025-08-22,8.828263258687548
2025-08-25,8.839914997326794
2025-08-26,8.895876951032045
2025-08-27,8.9154490693168
2025-08-28,8.96980088105246
2025-08-29,8.85234391581429
2025-09-02,8.770429997104406
2025-09-03,8.933266131090967
2025-09-04,9.036368077425445
2025-09-05,9.012719415866709
2025-09-08,9.047329262717106
2025-09-09,9.088176186665173
2025-09-10,9.12379341928273
2025-09-11,9.161293739219934
2025-09-12,9.247782870372188
2025-09-15,9.373592561004111
2025-09-16,9.371807237182392
2025-09-17,9.294550057226317
2025-09-18,9.341560914123523
2025-09-19,9.439044670420166
2025-09-22,9.520504173611567
2025-09-23,9.391379144172388
2025-09-24,9.371622875859748
2025-09-25,9.327670570669431
2025-09-26,9.368786577660869
2025-09-29,9.395631655957592
2025-09-30,9.44966568587071
2025-10-01,9.50614904420375
2025-10-02,9.516106114579655
2025-10-03,9.486815102768114
2025-10-06,9.554039494959966
2025-10-07,9.491200761449516
2025-10-08,9.5772935314601
2025-10-09,9.586275189164448
2025-10-10,9.234130891823334
2025-10-13,9.451875509577837
2025-10-14,9.326131047120889
2025-10-15,9.39147806385443
2025-10-16,9.373935960419665
2025-10-17,9.430740496477036
2025-10-20,9.551626166915572
2025-10-21,9.513769699138313
2025-10-22,9.47401266906297
2025-10-23,9.540350098707114
2025-10-24,9.659420886890874
2025-10-27,9.870690415838302
2025-10-28,10.016521795317832
2025-10-29,10.132531192785503
2025-10-30,9.946202457720155
2025-10-31,9.995755938157265
2025-11-03,10.082091828942431
2025-11-04,9.907786958688062
2025-11-05,9.942244860431229
2025-11-06,9.780816596774697
2025-11-07,9.721342150465313
2025-11-10,9.989259984747486
2025-11-11,9.968993082487925
2025-11-12,9.921968966833454
2025-11-13,9.712194937967576
2025-11-14,9.743190309261847
2025-11-17,9.698643581853828
2025-11-18,9.549328701715114
2025-11-19,9.653431028055119
2025-11-20,9.493846110111633
2025-11-21,9.549675008582213
2025-11-24,9.858036552903446
2025-11-25,9.91836304122516
2025-11-26,9.980456403487844
2025-11-28,10.013676059696252
2025-12-01,9.979543655294647
2025-12-02,10.019255434320508
2025-12-03,9.969195779208164
2025-12-04,9.995533739420358
2025-12-05,10.02945126864389
2025-12-08,10.01392521618975
2025-12-09,10.023584830926604
2025-12-10,10.03016350488763
2025-12-11,9.9647002446924
2025-12-12,9.795701741837249
2025-12-15,9.75864069341856
2025-12-16,9.79371645687932
2025-12-17,9.594863990950062
2025-12-18,9.747127836752158
2025-12-19,9.860283069869118
2025-12-22,9.90602023831181
2025-12-23,10.022006474967753
2025-12-24,10.034717193157155
2025-12-26,10.031612246463434
2025-12-29,9.982131112889212
2025-12-30,9.980155616463302
2025-12-31,9.919406349765852
2026-01-02,9.827370433754199
2026-01-05,9.840283333980414
2026-01-06,9.831194119800202
2026-01-07,9.882835781050128
2026-01-08,9.833554732060101
2026-01-09,9.89077530920685
2026-01-12,9.911726284938592
2026-01-13,9.892008864548451
2026-01-14,9.74193182804072
2026-01-15,9.75223672406344
2026-01-16,9.74697579163516
2026-01-20,9.449393796380322
2026-01-21,9.52940048762881
2026-01-22,9.649017315301807
2026-01-23,9.719204791981467
2026-01-26,9.79386649999505
2026-01-27,9.890164613584787
2026-01-28,9.901316568861253
2026-01-29,9.833068460614882
2026-01-30,9.807552863899607
2026-02-02,9.822100641800821
2026-02-03,9.653142412746757
2026-02-04,9.564687513490588
2026-02-05,9.393075190518815
2026-02-06,9.533174610458065
2026-02-09,9.628357276759242
2026-02-10,9.567712357611715
2026-02-11,9.523510615768872
2026-02-12,9.327356520267646
2026-02-13,9.210954028440932
2026-02-17,9.268880112035422
2026-02-18,9.328695092754998
2026-02-19,9.305153295700922
2026-02-20,9.424222770024416
2026-02-23,9.34721692256324
2026-02-24,9.421280554045232
2026-02-25,9.54657043119699
2026-02-26,9.383455455199659
2026-02-27,9.24781991461762
2026-03-02,9.26429481581824
2026-03-03,9.217441406023523
2026-03-04,9.317109939689804
2026-03-05,9.348053234061586
2026-03-06,9.207049874264342
2026-03-09,9.341927614563986
2026-03-10,9.360438965006516
2026-03-11,9.378344100064616
2026-03-12,9.22323745888808
2026-03-13,9.073132386121276
2026-03-16,9.191736390085103
2026-03-17,9.199363847178862
2026-03-18,9.062746082648562
2026-03-19,9.002860149420554
2026-03-20,8.827765058294515
2026-03-23,8.956658764586956
2026-03-24,8.839743559579665
2026-03-25,8.903095240269465
2026-03-26,8.664688407048347
2026-03-27,8.44886912334234
2026-03-30,8.421181171537963
2026-03-31,8.781046580118463
2026-04-01,8.888069402227668
2026-04-02,8.87181111545418
2026-04-06,8.90598166340048
2026-04-07,8.93781872934752
2026-04-08,9.172662055023602
2026-04-09,9.288143020447713
2026-04-10,9.36904025408355
2026-04-13,9.455413918671995
2026-04-14,9.68052573976928
2026-04-15,9.88573354868747
2026-04-16,9.89706028882017
2026-04-17,10.05372712067526
2026-04-20,9.984847785124506
2026-04-21,9.9142416274625
2026-04-22,10.110124645870247
2026-04-23,9.99230825210436
2026-04-24,10.1645001463038
2026-04-27,10.233209411297572
2026-04-28,10.184687650661305
2026-04-29,10.139555495074491
2026-04-30,10.154236149691355
2026-05-01,10.25730079338153
2026-05-04,10.234213809545887
2026-05-05,10.294696426307048
2026-05-06,10.496945906830357
2026-05-07,10.532970701982563
2026-05-08,10.642196689527212
2026-05-11,10.61970220027888
2026-05-12,10.59510226550808
2026-05-13,10.776212127626994
2026-05-14,10.898593544300452
2026-05-15,10.759157392155576
2026-05-18,10.69801053999846
2026-05-19,10.57475944114584
2026-05-20,10.693834019929382
2026-05-21,10.682337201646638
2026-05-22,10.659506456813846
2026-05-26,10.688946366107926
2026-05-27,10.73608576185297
2026-05-28,10.842833718314123
2026-05-29,10.843944542085724
2026-06-01,10.863594764244755
2026-06-02,10.80266141421738
2026-06-03,10.644127809947115
2026-06-04,10.6667961838527
2026-06-05,10.306014827464214
2026-06-08,10.304047636306603
2026-06-09,10.183161455226683
2026-06-10,9.95912309560094
2026-06-11,10.078428615019334
2026-06-12,10.046749363080792
