Date,^SP500TR
2006-01-03,1.0
2006-01-04,1.003871917008267
2006-01-05,1.0038979346213641
2006-01-06,1.0135803034582433
2006-01-09,1.0172854278466068
2006-01-10,1.01697277120022
2006-01-11,1.0206362292399804
2006-01-12,1.0142369142220289
2006-01-13,1.015466739439648
2006-01-17,1.011782416419213
2006-01-18,1.0079470131271262
2006-01-19,1.0135594384775688
2006-01-20,0.9949920865744027
2006-01-23,0.9968472886975418
2006-01-24,0.9992600565390086
2006-01-25,0.997561214545436
2006-01-26,1.0047995180698366
2006-01-27,1.012704801235614
2006-01-30,1.0139138250853046
2006-01-31,1.009885611560217
2006-02-01,1.011876245219502
2006-02-02,1.0029756134177092
2006-02-03,0.9976758447136536
2006-02-06,0.9984783831166684
2006-02-07,0.9904218924537471
2006-02-08,0.9994163530558291
2006-02-09,0.9979885013600405
2006-02-10,1.000541980595568
2006-02-13,0.997425719396544
2006-02-14,1.0075561764159562
2006-02-15,1.011323832133597
2006-02-16,1.018812324587853
2006-02-17,1.0171290677170404
2006-02-21,1.0138043475495098
2006-02-22,1.0215221003402009
2006-02-23,1.017931606120055
2006-02-24,1.0193751065513494
2006-02-27,1.0232521761920392
2006-02-28,1.0126266211708308
2006-03-01,1.0212667587779227
2006-03-02,1.0196147993781217
2006-03-03,1.0181244163530558
2006-03-06,1.0110684905713188
2006-03-07,1.0092342170416002
2006-03-08,1.0115740210634525
2006-03-09,1.0066546565802297
2006-03-10,1.0140545364793654
2006-03-13,1.0163786917657116
2006-03-14,1.0269417154576428
2006-03-15,1.0313972157973348
2006-03-16,1.0332472016753054
2006-03-17,1.0347740348038055
2006-03-20,1.0330596076874732
2006-03-21,1.026858319147691
2006-03-22,1.0330596076874732
2006-03-23,1.0303967145288968
2006-03-24,1.0314128645328406
2006-03-27,1.0303445520772105
2006-03-28,1.023715976722824
2006-03-29,1.0315535759269012
2006-03-30,1.0295159960610987
2006-03-31,1.025232440973733
2006-04-03,1.027603542466597
2006-04-04,1.0341382890206945
2006-04-05,1.0386928344058441
2006-04-06,1.0369523260636688
2006-04-07,1.0262330058549172
2006-04-10,1.0271345256906437
2006-04-11,1.0193646740610123
2006-04-12,1.0205997155238
2006-04-13,1.0213918214364777
2006-04-17,1.0183901904056711
2006-04-18,1.0360716712086167
2006-04-19,1.0379789085579498
2006-04-20,1.039224382511075
2006-04-21,1.0390993198525202
2006-04-24,1.0366031557011015
2006-04-25,1.0315535759269012
2006-04-26,1.034565639448045
2006-04-27,1.0382655475912397
2006-04-28,1.0389951221746399
2006-05-01,1.034701134596937
2006-05-02,1.0410587196535395
2006-05-03,1.037004424902609
2006-05-04,1.0405323877934773
2006-05-05,1.0512673567377349
2006-05-08,1.0504856833153946
2006-05-09,1.0508817362717333
2006-05-10,1.0495216321503906
2006-05-11,1.036269697686786
2006-05-12,1.0246540102747308
2006-05-15,1.0273533535367414
2006-05-16,1.0254461161874082
2006-05-17,1.00845254361926
2006-05-18,1.0017509408325127
2006-05-19,1.0058938481385638
2006-05-22,1.0019593998010192
2006-05-23,0.9976133133843762
2006-05-24,0.9992287590679969
2006-05-25,1.010714167576329
2006-05-26,1.0166288170828213
2006-05-30,1.0005888631893396
2006-05-31,1.0090935056475396
2006-06-01,1.0215325328305382
2006-06-02,1.023528382734992
2006-06-05,1.0053518675429958
2006-06-06,1.0042575374742686
2006-06-07,0.9983376717226077
2006-06-08,0.9998071897669992
2006-06-09,0.9953360406918014
2006-06-12,0.9827250682564764
2006-06-13,0.9728811866576083
2006-06-14,0.97796206390282
2006-06-15,0.9987493734144524
2006-06-16,0.9950806991295232
2006-06-19,0.9860132747078266
2006-06-20,0.9860184909529953
2006-06-21,0.9956539135833569
2006-06-22,0.9906303514222538
2006-06-23,0.9897652816899617
2006-06-26,0.9945804484953041
2006-06-27,0.9855546904222106
2006-06-28,0.9911514670371473
2006-06-29,1.0125745223318905
2006-06-30,1.0104588260140508
2006-07-03,1.018515253064226
2006-07-05,1.0112509319267282
2006-07-06,1.0140388877438595
2006-07-07,1.0071862046854605
2006-07-10,1.008681803955695
2006-07-11,1.0128715938555177
2006-07-12,1.0019073009620791
2006-07-13,0.9889367256738498
2006-07-14,0.9840903886229876
2006-07-17,0.982730220888899
2006-07-18,0.9846375218509782
2006-07-19,1.0030120635211437
2006-07-20,0.9945074846756895
2006-07-21,0.9874827927522182
2006-07-24,1.0039292320923758
2006-07-25,1.0102764482713873
2006-07-26,1.009901196682977
2006-07-27,1.005919865751661
2006-07-28,1.0181869476823333
2006-07-31,1.0166965646572672
2006-08-01,1.012121154291443
2006-08-02,1.018353740302237
2006-08-03,1.0200369335603037
2006-08-04,1.0193282239575778
2006-08-07,1.0165037544242665
2006-08-08,1.01316338552123
2006-08-09,1.0090361905634309
2006-08-10,1.0138877438594616
2006-08-11,1.0099898092380974
2006-08-14,1.0112248507008852
2006-08-15,1.0251699096444555
2006-08-16,1.0332732829011484
2006-08-17,1.0349564761592152
2006-08-18,1.0388075281868077
2006-08-21,1.0349929262626494
2006-08-22,1.0360299412472678
2006-08-23,1.0314701796169494
2006-08-24,1.0339402625425251
2006-08-25,1.0332732829011484
2006-08-28,1.038614717953807
2006-08-29,1.0407772968654183
2006-08-30,1.0412306649058658
2006-08-31,1.0408867744012131
2006-09-01,1.046645063778139
2006-09-05,1.0484846171657722
2006-09-06,1.0382811963267455
2006-09-07,1.0333358142304256
2006-09-08,1.0372493339745499
2006-09-11,1.0377965308152863
2006-09-12,1.0486513461729299
2006-09-13,1.0529088836471987
2006-09-14,1.0515383470355188
2006-09-15,1.0543992666722646
2006-09-18,1.055462362882726
2006-09-19,1.0531798739449827
2006-09-20,1.0586932542499676
2006-09-21,1.053216324048417
2006-09-22,1.050615962219118
2006-09-25,1.0598814131189838
2006-09-26,1.067870092594713
2006-09-27,1.0682713617962203
2006-09-28,1.0703349592751201
2006-09-29,1.067708516219978
2006-10-02,1.0641128693674093
2006-10-03,1.0663484757113812
2006-10-04,1.079464915026094
2006-10-05,1.0821642582881046
2006-10-06,1.0792565196703332
2006-10-09,1.0801215257898795
2006-10-10,1.08236234837902
2006-10-11,1.0796993916076976
2006-10-12,1.0900122899825193
2006-10-13,1.0922426800813225
2006-10-16,1.0950046182853566
2006-10-17,1.0909972697409434
2006-10-18,1.092628300547324
2006-10-19,1.093467352666519
2006-10-20,1.0947910066844273
2006-10-23,1.1015446446973687
2006-10-24,1.1018260674854898
2006-10-25,1.1057240021068542
2006-10-26,1.1112216700635873
2006-10-27,1.1019770841443959
2006-10-30,1.1024877672689521
2006-10-31,1.1024981997592893
2006-11-01,1.0945356651221492
2006-11-02,1.0944522051994514
2006-11-03,1.0920915361969248
2006-11-06,1.104520194502332
2006-11-07,1.1069954936730764
2006-11-08,1.1095697742765323
2006-11-09,1.1038896649643897
2006-11-10,1.1059428299529521
2006-11-13,1.1090225774357956
2006-11-14,1.1162035658760874
2006-11-15,1.119147945435531
2006-11-16,1.1217378747744928
2006-11-17,1.122899952417666
2006-11-20,1.122357971822098
2006-11-21,1.1242652091714314
2006-11-22,1.126990633659285
2006-11-24,1.122983285114872
2006-11-27,1.1077197883985619
2006-11-28,1.1118105968656729
2006-11-29,1.1225299806871702
2006-11-30,1.1234678870135852
2006-12-01,1.1203204555690414
2006-12-04,1.1302997687040557
2006-12-05,1.134859530334374
2006-12-06,1.1336609389750205
2006-12-07,1.1291898535125686
2006-12-08,1.131258667236637
2006-12-11,1.13384338033043
2006-12-12,1.1326865189324256
2006-12-13,1.1342185683060944
2006-12-14,1.1441562787052517
2006-12-15,1.1454486352521482
2006-12-18,1.1417486634962075
2006-12-19,1.1442656926283006
2006-12-20,1.1426814808029455
2006-12-21,1.138747032465401
2006-12-22,1.1328531843268372
2006-12-26,1.1377933501779884
2006-12-27,1.1460113536028986
2006-12-28,1.144369890306181
2006-12-29,1.1392264181189458
2007-01-03,1.1380747729661096
2007-01-04,1.1394714544163784
2007-01-05,1.1325353750480276
2007-01-08,1.1354067271751107
2007-01-09,1.1348230166181938
2007-01-10,1.1371576043948775
2007-01-11,1.1443803227965181
2007-01-12,1.149935369450106
2007-01-16,1.1508734030020127
2007-01-17,1.1499458019404432
2007-01-18,1.1465585504436353
2007-01-19,1.149893766714249
2007-01-22,1.1438487746912873
2007-01-23,1.1478978531970494
2007-01-24,1.1576896359569775
2007-01-25,1.1446513130943021
2007-01-26,1.1432702803795391
2007-01-29,1.1421342839622088
2007-01-30,1.1487472105810896
2007-01-31,1.1564545308814436
2007-02-01,1.1629268733317557
2007-02-02,1.1648965783976204
2007-02-05,1.1638804283936763
2007-02-06,1.1647038317773655
2007-02-07,1.1668039429724455
2007-02-08,1.1654542077286942
2007-02-09,1.1572518530392897
2007-02-12,1.1535311435281665
2007-02-13,1.162504739149574
2007-02-14,1.1716762976364048
2007-02-15,1.173015600389819
2007-02-16,1.172025531611718
2007-02-20,1.1753658369020084
2007-02-21,1.1737764088314848
2007-02-22,1.1730468978608306
2007-02-23,1.1689978193550685
2007-02-26,1.167679381582329
2007-02-27,1.1272304537115492
2007-02-28,1.1338329478400928
2007-03-01,1.1309094332613236
2007-03-02,1.1180170380378776
2007-03-05,1.1075479067589815
2007-03-06,1.124755154540805
2007-03-07,1.1223005931252432
2007-03-08,1.1303726689109244
2007-03-09,1.1311440370684194
2007-03-12,1.1342081358157572
2007-03-13,1.111414543909334
2007-03-14,1.1189289903639412
2007-03-15,1.1230979152830893
2007-03-16,1.1187987114602178
2007-03-19,1.1309928931840214
2007-03-20,1.1381686653791447
2007-03-21,1.1576374735052912
2007-03-22,1.1572309880586154
2007-03-23,1.1585026068503295
2007-03-26,1.159617738286985
2007-03-27,1.1524576148273677
2007-03-28,1.1435256219418173
2007-03-29,1.1478509069905318
2007-03-30,1.1465169477077783
2007-04-02,1.1495029300030788
2007-04-03,1.1603994117093255
2007-04-04,1.1617022007465592
2007-04-05,1.1655844866324176
2007-04-09,1.1662723948672147
2007-04-10,1.1693469261048899
2007-04-11,1.1617959659341024
2007-04-12,1.169018684335743
2007-04-13,1.1730938440673482
2007-04-16,1.1857204652381788
2007-04-17,1.1881488182024056
2007-04-18,1.1889826540764319
2007-04-19,1.187575540135826
2007-04-20,1.1986076442164564
2007-04-23,1.1958717872382654
2007-04-24,1.1954496530560836
2007-04-25,1.2076854375157442
2007-04-26,1.2068568178868864
2007-04-27,1.2067474039638375
2007-04-30,1.1973048551792225
2007-05-01,1.2004835840947778
2007-05-02,1.2083837782408786
2007-05-03,1.2139596898751408
2007-05-04,1.2166017816657888
2007-05-07,1.2197648618458383
2007-05-08,1.21844120782793
2007-05-09,1.222693592669776
2007-05-10,1.2058302353926051
2007-05-11,1.217576201708384
2007-05-14,1.2154656580229668
2007-05-15,1.2139962035913212
2007-05-16,1.2248300903555445
2007-05-17,1.2238087241064317
2007-05-18,1.2319016648727872
2007-05-21,1.2338089022221204
2007-05-22,1.2330117072897662
2007-05-23,1.2315473418777974
2007-05-24,1.2197439968651638
2007-05-25,1.2264038696905621
2007-05-29,1.2284726834146305
2007-05-30,1.2387387628084263
2007-05-31,1.239082653313079
2007-06-01,1.2437100989050973
2007-06-04,1.2460551191721183
2007-06-05,1.2394421925532375
2007-06-06,1.2287645386930888
2007-06-07,1.2072320058625507
2007-06-08,1.2209634532051918
2007-06-11,1.2221568283193767
2007-06-12,1.2091028567211954
2007-06-13,1.227758821179482
2007-06-14,1.2337516507507575
2007-06-15,1.2418028615557641
2007-06-18,1.240302109653107
2007-06-19,1.2424751210550555
2007-06-20,1.2255962422678708
2007-06-21,1.2334389304916247
2007-06-22,1.2175396879922036
2007-06-25,1.213631320880502
2007-06-26,1.2097490349946438
2007-06-27,1.2208905529983232
2007-06-28,1.2204006076289493
2007-06-29,1.2184985865247848
2007-07-02,1.2315421256326287
2007-07-03,1.2362008686956587
2007-07-05,1.236643867858515
2007-07-06,1.2410837830754473
2007-07-09,1.2422354282282833
2007-07-10,1.2246112625094465
2007-07-11,1.2317713859690638
2007-07-12,1.2552581023554528
2007-07-13,1.2591612532219856
2007-07-16,1.2567484217677727
2007-07-17,1.256623359109218
2007-07-18,1.2541637086739796
2007-07-19,1.2597969990050966
2007-07-20,1.2444032233850633
2007-07-23,1.250489818143882
2007-07-24,1.2257265211715942
2007-07-25,1.2314587929354228
2007-07-26,1.2027244066839184
2007-07-27,1.1836671730241246
2007-07-30,1.1958300572769165
2007-07-31,1.1807177044450043
2007-08-01,1.1893421933165904
2007-08-02,1.194808691027804
2007-08-03,1.1631196199520106
2007-08-06,1.1912337819304177
2007-08-07,1.1986180767067935
2007-08-08,1.2158877922051485
2007-08-09,1.1800663099263873
2007-08-10,1.1805145253344123
2007-08-13,1.1801080398877362
2007-08-14,1.1588099836388017
2007-08-15,1.143014938817261
2007-08-16,1.1467722892700565
2007-08-17,1.174948918964995
2007-08-20,1.1746311096861857
2007-08-21,1.175913033742745
2007-08-22,1.189753895008435
2007-08-23,1.1884979249522267
2007-08-24,1.2023283537275797
2007-08-27,1.1921145640109618
2007-08-28,1.1641879324076407
2007-08-29,1.1900092365707131
2007-08-30,1.1851002409650817
2007-08-31,1.1984147703707095
2007-09-04,1.2109841400701775
2007-09-05,1.1976070157225263
2007-09-06,1.202917280529665
2007-09-07,1.1825781228133119
2007-09-10,1.181113757401343
2007-09-11,1.1972161790113562
2007-09-12,1.197596583232189
2007-09-13,1.2077531214774442
2007-09-14,1.2080033740200455
2007-09-17,1.201822886848192
2007-09-18,1.2369355959114816
2007-09-19,1.244502204817775
2007-09-20,1.2364041750317427
2007-09-21,1.2421103655697285
2007-09-24,1.2355807716480536
2007-09-25,1.2351847186917149
2007-09-26,1.2420947168342227
2007-09-27,1.2469879364788563
2007-09-28,1.2432359294967215
2007-10-01,1.259765701534085
2007-10-02,1.2594478922552754
2007-10-03,1.2539657458085562
2007-10-04,1.256623359109218
2007-10-05,1.2689998549629393
2007-10-08,1.2649196062116574
2007-10-09,1.2751855583799614
2007-10-10,1.2730958796752188
2007-10-11,1.2665975832245555
2007-10-12,1.2726269265120114
2007-10-15,1.2619700104070453
2007-10-16,1.2536791067752664
2007-10-17,1.2560032620616128
2007-10-18,1.2550860934903805
2007-10-19,1.2229437179868856
2007-10-22,1.2276128935402528
2007-10-23,1.238420826304125
2007-10-24,1.23541397902815
2007-10-25,1.2342258201591336
2007-10-26,1.2512351050755337
2007-10-29,1.2560606407584676
2007-10-30,1.2479729162372806
2007-10-31,1.2630122416368323
2007-11-01,1.229942265071768
2007-11-02,1.230984496301555
2007-11-05,1.2249812342399422
2007-11-06,1.239760129057539
2007-11-07,1.203990682004972
2007-11-08,1.2033497199766923
2007-11-09,1.1861946346465548
2007-11-12,1.1743496868980643
2007-11-13,1.2089153263461092
2007-11-14,1.2006816741856932
2007-11-15,1.1848761968738153
2007-11-16,1.1910982867815259
2007-11-19,1.1703266896181455
2007-11-20,1.1756472596901295
2007-11-21,1.1569860789866744
2007-11-23,1.1766529772037364
2007-11-26,1.1493152724025006
2007-11-27,1.1665277364294928
2007-11-28,1.2002178100421625
2007-11-29,1.200874420805948
2007-11-30,1.210207682893006
2007-12-03,1.2031204596402572
2007-12-04,1.1952567792103368
2007-12-05,1.2140482388175153
2007-12-06,1.2324227804876808
2007-12-07,1.2302445528405637
2007-12-10,1.2395256524759353
2007-12-11,1.2082169856209748
2007-12-12,1.2156846130945564
2007-12-13,1.2172166624682255
2007-12-14,1.2005409627916326
2007-12-17,1.182536392851963
2007-12-18,1.1899675066093642
2007-12-19,1.1883885110291779
2007-12-20,1.1945168357493454
2007-12-21,1.214621516884095
2007-12-24,1.224444469889543
2007-12-26,1.2254555308738102
2007-12-27,1.2083211832988552
2007-12-28,1.2100878364796197
2007-12-31,1.2018124543578548
2008-01-02,1.1847094042539115
2008-01-03,1.1847094042539115
2008-01-04,1.1556208222329092
2008-01-07,1.1593571804795384
2008-01-08,1.1384656096772798
2008-01-09,1.1540626916333971
2008-01-10,1.1632603313460712
2008-01-11,1.1475122327310479
2008-01-14,1.1599929262626494
2008-01-15,1.1310866583715646
2008-01-16,1.1248697847090225
2008-01-17,1.0921854286099597
2008-01-18,1.0856088884817674
2008-01-22,1.0735762831326987
2008-01-23,1.0966201275817233
2008-01-24,1.107688618153042
2008-01-25,1.090111271415231
2008-01-28,1.1092674865077365
2008-01-29,1.1161515306498933
2008-01-30,1.1109090770299463
2008-01-31,1.129726490637476
2008-02-01,1.1435517031676603
2008-02-04,1.131607773986458
2008-02-05,1.0955048689195757
2008-02-06,1.0875943695086296
2008-02-07,1.0964376862263139
2008-02-08,1.0918466271249838
2008-02-11,1.0983292748401412
2008-02-12,1.1063597478899652
2008-02-13,1.1218368562072045
2008-02-14,1.1068182685628354
2008-02-15,1.1078136808115968
2008-02-19,1.1069121609758703
2008-02-20,1.1162035658760874
2008-02-21,1.1022272094615053
2008-02-22,1.1110289234433326
2008-02-25,1.1263966178375229
2008-02-26,1.1341977033254198
2008-02-27,1.133426462393417
2008-02-28,1.123426284277728
2008-02-29,1.0930295697488315
2008-03-03,1.0936340180609307
2008-03-04,1.0898715785884585
2008-03-05,1.096124965967181
2008-03-06,1.072164080172416
2008-03-07,1.0631644669379114
2008-03-10,1.0467701264366938
2008-03-11,1.0856714834237906
2008-03-12,1.076213158678178
2008-03-13,1.0817734215769346
2008-03-14,1.0593186311554874
2008-03-17,1.0499854326811755
2008-03-18,1.094540754141826
2008-03-19,1.0679742902725933
2008-03-20,1.0935402528733877
2008-03-24,1.1102994124726784
2008-03-25,1.112863260585797
2008-03-26,1.103165243013412
2008-03-27,1.0907523606690026
2008-03-28,1.0821278717974163
2008-03-31,1.088308231743778
2008-04-01,1.127371037880118
2008-04-02,1.1254168543242673
2008-04-03,1.1268916522265733
2008-04-04,1.127803604552637
2008-04-07,1.1295754739785702
2008-04-08,1.1241923089645627
2008-04-09,1.1151821996269748
2008-04-10,1.1202265631560064
2008-04-11,1.0974747012109323
2008-04-14,1.09377994570016
2008-04-15,1.0988192202095148
2008-04-16,1.1238743724602611
2008-04-17,1.1246092269015757
2008-04-18,1.1450160685796291
2008-04-21,1.1432599751146937
2008-04-22,1.1332128507924877
2008-04-23,1.1365062098762604
2008-04-24,1.143827909710613
2008-04-25,1.15127467220352
2008-04-28,1.1501125945603468
2008-04-29,1.1456726793434147
2008-04-30,1.1413108805785197
2008-05-01,1.1610925361892912
2008-05-02,1.1648497594165947
2008-05-05,1.1596751169838397
2008-05-06,1.168586117663224
2008-05-07,1.1478978531970494
2008-05-08,1.1521605433037407
2008-05-09,1.1446513130943021
2008-05-12,1.1572987992458073
2008-05-13,1.1571163578903978
2008-05-14,1.1619523260636688
2008-05-15,1.1744695333114505
2008-05-16,1.1759702852141078
2008-05-19,1.177064678895581
2008-05-20,1.16614733220866
2008-05-21,1.1475070164858792
2008-05-22,1.1507274753627834
2008-05-23,1.135537006078834
2008-05-27,1.1433172265860565
2008-05-28,1.1480698620621217
2008-05-29,1.1543336819311811
2008-05-30,1.1560949916412853
2008-06-02,1.143989486085348
2008-06-03,1.1374129459571556
2008-06-04,1.1376006035577337
2008-06-05,1.1598678636040947
2008-06-06,1.1241714439838881
2008-06-09,1.1251042612906264
2008-06-10,1.1223631880672666
2008-06-11,1.10363953964728
2008-06-12,1.1073393841777288
2008-06-13,1.1240255163446589
2008-06-16,1.124119281532202
2008-06-17,1.1165162861352202
2008-06-18,1.1056927046358425
2008-06-19,1.1101326198527746
2008-06-20,1.0895589855548176
2008-06-23,1.089621453271349
2008-06-24,1.0865677870143484
2008-06-25,1.0929723182774687
2008-06-26,1.0611998508917235
2008-06-27,1.0572862675348533
2008-06-30,1.0586307229206902
2008-07-01,1.0628986928852961
2008-07-02,1.0436069826438983
2008-07-03,1.0447690602870716
2008-07-07,1.0360247250020993
2008-07-08,1.0541282763744806
2008-07-09,1.030229921908993
2008-07-10,1.0374265590847906
2008-07-11,1.026003681905736
2008-07-14,1.0167382310058701
2008-07-15,1.00567495667972
2008-07-16,1.0310115953313332
2008-07-17,1.0434298211464035
2008-07-18,1.0437320453024532
2008-07-21,1.0432004971972224
2008-07-22,1.0572967000251907
2008-07-23,1.0615906876028935
2008-07-24,1.0370669562318862
2008-07-25,1.041402673770938
2008-07-28,1.0220275672195887
2008-07-29,1.0459884530143535
2008-07-30,1.0634979885649727
2008-07-31,1.0497300911188974
2008-08-01,1.0438779729416823
2008-08-04,1.0345343419770332
2008-08-05,1.0643473459490131
2008-08-06,1.0684068569451124
2008-08-07,1.0493496868980643
2008-08-08,1.0744205514970624
2008-08-11,1.0821435205329222
2008-08-12,1.0691520166512725
2008-08-13,1.0663849258148157
2008-08-14,1.0723100078116452
2008-08-15,1.0768125179706007
2008-08-18,1.0606266364378898
2008-08-19,1.0508400699231304
2008-08-20,1.0574217626837454
2008-08-21,1.0601315384360934
2008-08-22,1.0722682778502963
2008-08-25,1.0512309066343004
2008-08-26,1.055113192520159
2008-08-27,1.0637220326562393
2008-08-28,1.0796786538525152
2008-08-29,1.0649154077704241
2008-09-02,1.060595338966878
2008-09-03,1.0589746770380888
2008-09-04,1.0273116871881385
2008-09-05,1.0319027462894685
2008-09-08,1.05324240527426
2008-09-09,1.0172906440917753
2008-09-10,1.0236013465546066
2008-09-11,1.0380623048679019
2008-09-12,1.040282262476368
2008-09-15,0.991250512082605
2008-09-16,1.008614056381249
2008-09-17,0.9610987702383951
2008-09-18,1.0030693786052525
2008-09-19,1.0434401900239947
2008-09-22,1.0035957104653146
2008-09-23,0.9879205756699059
2008-09-24,0.9859768246043923
2008-09-25,1.0053570837881645
2008-09-26,1.0087704165108153
2008-09-29,0.9201442482627359
2008-09-30,0.970025419653285
2008-10-01,0.9657627295465938
2008-10-02,0.9270125800566408
2008-10-03,0.9145110215443648
2008-10-06,0.8792992038228716
2008-10-07,0.82883960173332
2008-10-08,0.8198920237250097
2008-10-09,0.7574519787380758
2008-10-10,0.7486138782655604
2008-10-13,0.8353118805708862
2008-10-14,0.830871965353954
2008-10-15,0.755878199403058
2008-10-16,0.7880362236420587
2008-10-17,0.7831533728750162
2008-10-20,0.8204965356498551
2008-10-21,0.7952328608178564
2008-10-22,0.7468733063106389
2008-10-23,0.7563315674435055
2008-10-24,0.7302341203502263
2008-10-27,0.7070392592422958
2008-10-28,0.7833201654949199
2008-10-29,0.7747582079526111
2008-10-30,0.7948941229456263
2008-10-31,0.8071091060373585
2008-11-03,0.8050767424167246
2008-11-04,0.8379539087487882
2008-11-05,0.794289611020781
2008-11-06,0.7545806266109928
2008-11-07,0.7766238425660873
2008-11-10,0.7668945911354367
2008-11-11,0.75
2008-11-12,0.7114009943944448
2008-11-13,0.7607349689442574
2008-11-14,0.7291449429139217
2008-11-17,0.7103535469194892
2008-11-18,0.7174823729080948
2008-11-19,0.673677427398773
2008-11-20,0.6284862965422656
2008-11-21,0.6683776586947173
2008-11-24,0.7116511197115544
2008-11-25,0.7164245565555479
2008-11-26,0.7420165367694395
2008-11-28,0.7491975252097313
2008-12-01,0.6823435826189622
2008-12-02,0.7096500535619321
2008-12-03,0.7283737019819188
2008-12-04,0.7070549079778017
2008-12-05,0.7328761485281283
2008-12-08,0.7611414543909334
2008-12-09,0.7435694511237828
2008-12-10,0.75249094790625
2008-12-11,0.7312294053734959
2008-12-12,0.7363728139479851
2008-12-15,0.7270656966995163
2008-12-16,0.7644088594743551
2008-12-17,0.7571184571110144
2008-12-18,0.7411253858113043
2008-12-19,0.7433141095615046
2008-12-22,0.7297807523097788
2008-12-23,0.7228290242059221
2008-12-24,0.7273523357328061
2008-12-26,0.7312398378638331
2008-12-29,0.7286499085248713
2008-12-30,0.7465762983997578
2008-12-31,0.7571705559499545
2009-01-02,0.7812409192805144
2009-01-05,0.7776139113441882
2009-01-06,0.7836901372254156
2009-01-07,0.7606099062857027
2009-01-08,0.7632259168505076
2009-01-09,0.7469723513560965
2009-01-12,0.7301194265692629
2009-01-13,0.7314535130775083
2009-01-14,0.7070444754874645
2009-01-15,0.7080085266524683
2009-01-16,0.7133656104406327
2009-01-20,0.6756941422839011
2009-01-21,0.7052413722032657
2009-01-22,0.6945637183431169
2009-01-23,0.6983053564476607
2009-01-26,0.702187642333519
2009-01-27,0.70985329628527
2009-01-28,0.7337672358735176
2009-01-29,0.7095197746582087
2009-01-30,0.6933495418610036
2009-02-02,0.6929847863756765
2009-02-03,0.7039698806370435
2009-02-04,0.6992173087737243
2009-02-05,0.710707869914479
2009-02-06,0.7301142739368401
2009-02-09,0.7312241891283273
2009-02-10,0.6953245903975288
2009-02-11,0.7011610598392378
2009-02-12,0.702542028941255
2009-02-13,0.6956007333277354
2009-02-17,0.6640367885232428
2009-02-18,0.6635313216438551
2009-02-19,0.6559907303506589
2009-02-20,0.6486430129032094
2009-02-23,0.6261517087655819
2009-02-24,0.6512694559583515
2009-02-25,0.6444845204743984
2009-02-26,0.634453044887698
2009-02-27,0.6195230697984494
2009-03-02,0.5906480993783763
2009-03-03,0.5868700111703982
2009-03-04,0.6010286817148979
2009-03-05,0.575509665320621
2009-03-06,0.5763538700722386
2009-03-09,0.5706424632890843
2009-03-10,0.6070110787958362
2009-03-11,0.6086994882990715
2009-03-12,0.6336088401360804
2009-03-13,0.6385333572517258
2009-03-16,0.6362978145204998
2009-03-17,0.6567568186502393
2009-03-18,0.6704777698897972
2009-03-19,0.6617803808113424
2009-03-20,0.648715976722824
2009-03-23,0.6947565285761177
2009-03-24,0.6805926417864495
2009-03-25,0.6871482533212214
2009-03-26,0.7031777747243659
2009-03-27,0.6890138243219518
2009-03-30,0.6650581547723554
2009-03-31,0.6737920575669906
2009-04-01,0.6850742233519846
2009-04-02,0.7047932204079868
2009-04-03,0.7116667684470602
2009-04-06,0.705778136553665
2009-04-07,0.689389075910362
2009-04-08,0.697528899270489
2009-04-09,0.7240849306493844
2009-04-13,0.7259817991211263
2009-04-14,0.7114270120075419
2009-04-15,0.7203693737706837
2009-04-16,0.7315890082264003
2009-04-17,0.7352159525499805
2009-04-20,0.7037770704040427
2009-04-21,0.7187330631063885
2009-04-22,0.7133656104406327
2009-04-23,0.7204527700806355
2009-04-24,0.7325530593914041
2009-04-27,0.725174044472943
2009-04-28,0.7232146446719236
2009-04-29,0.7389367256738498
2009-04-30,0.7382801149100643
2009-05-01,0.7422823108220548
2009-05-04,0.7674157067503301
2009-05-05,0.7646068859525246
2009-05-06,0.7781871894107678
2009-05-07,0.7679472548555609
2009-05-08,0.7864364266939438
2009-05-11,0.7697919608756167
2009-05-12,0.7690780350277224
2009-05-13,0.7487076434531034
2009-05-14,0.7562273697656252
2009-05-15,0.7480510326893179
2009-05-18,0.7708550570860783
2009-05-19,0.7696564657267247
2009-05-20,0.7657637473505291
2009-05-21,0.7531579911603729
2009-05-22,0.7520427961109711
2009-05-26,0.7718243244962507
2009-05-27,0.7573269160795211
2009-05-28,0.7691353501118312
2009-05-29,0.7795733111452076
2009-06-01,0.7997300911188973
2009-06-02,0.8013142393315064
2009-06-03,0.7904698564642
2009-06-04,0.7996987936478857
2009-06-05,0.797729024969275
2009-06-08,0.7970932155734181
2009-06-09,0.7999281175970667
2009-06-10,0.7971818281285384
2009-06-11,0.8022574891285817
2009-06-12,0.8034039180362491
2009-06-15,0.7843102978857668
2009-06-16,0.7743361373831752
2009-06-17,0.773283473663051
2009-06-18,0.7798964002819317
2009-06-19,0.7823248168589044
2009-06-22,0.7585046424582
2009-06-23,0.76026601578105
2009-06-24,0.7652478479808043
2009-06-25,0.7816629898499503
2009-06-26,0.7806728574591034
2009-06-29,0.7877704495894433
2009-06-30,0.7811210092543823
2009-07-01,0.7846125220418165
2009-07-02,0.7617668312964532
2009-07-06,0.7637365999750638
2009-07-07,0.7487076434531034
2009-07-08,0.7479051050500887
2009-07-09,0.7505628455762424
2009-07-10,0.7475403495647616
2009-07-13,0.7662640615974942
2009-07-14,0.7703339414711847
2009-07-15,0.7931848484617166
2009-07-16,0.8000688289911273
2009-07-17,0.799761324977163
2009-07-20,0.8089069294636427
2009-07-21,0.8118512454103404
2009-07-22,0.8115698226222192
2009-07-23,0.8304759123976153
2009-07-24,0.8330033104072997
2009-07-27,0.8354838258232126
2009-07-28,0.833310750808518
2009-07-29,0.8296160589104917
2009-07-30,0.8395902194130833
2009-07-31,0.8401999475830974
2009-08-03,0.853097559051712
2009-08-04,0.8556874883906739
2009-08-05,0.8534883957628823
2009-08-06,0.8488035078612631
2009-08-07,0.8602211687951491
2009-08-10,0.8573706816487406
2009-08-11,0.8467659916082065
2009-08-12,0.8568339172983412
2009-08-13,0.8627902967661825
2009-08-14,0.8554321468283957
2009-08-17,0.8348585125304387
2009-08-18,0.8434777215441104
2009-08-19,0.8493767859278428
2009-08-20,0.8587203532797459
2009-08-21,0.8748697210962766
2009-08-24,0.8744007043203232
2009-08-25,0.8764747979023061
2009-08-26,0.8766676081353069
2009-08-27,0.8792054386353285
2009-08-28,0.8775847767065391
2009-08-31,0.8705340671699707
2009-09-01,0.851310104503019
2009-09-02,0.8487201751640573
2009-09-03,0.8560262262629038
2009-09-04,0.8673135446803205
2009-09-08,0.8751198464133861
2009-09-09,0.8819777457169539
2009-09-10,0.8911806652875424
2009-09-11,0.8901592990384297
2009-09-14,0.8958186069826439
2009-09-15,0.8986377966580408
2009-09-16,0.9124265590847908
2009-09-17,0.9097636659262143
2009-09-18,0.9121764337676812
2009-09-21,0.9090705414462485
2009-09-22,0.9150738035078613
2009-09-23,0.9058656676921041
2009-09-24,0.8973715213369873
2009-09-25,0.8919050236257738
2009-09-28,0.9079501301516782
2009-09-29,0.905949064002056
2009-09-30,0.9030203967908642
2009-10-01,0.879768220598825
2009-10-02,0.875838988506449
2009-10-05,0.888882527614293
2009-10-06,0.9010818619705193
2009-10-07,0.9040000966913738
2009-10-08,0.9107537347043152
2009-10-09,0.9159127920143103
2009-10-12,0.9199306366618066
2009-10-13,0.9174292562652193
2009-10-14,0.9335629753462442
2009-10-15,0.9374401085996799
2009-10-16,0.9298526347127121
2009-10-19,0.9385917537525159
2009-10-20,0.9327605005559754
2009-10-21,0.9246310460734396
2009-10-22,0.9345374590015852
2009-10-23,0.9231563117838795
2009-10-26,0.9123431627748388
2009-10-27,0.909320666763358
2009-10-28,0.8916756996765928
2009-10-29,0.911827263405114
2009-10-30,0.8862457156815596
2009-11-02,0.8919675549550512
2009-11-03,0.8941354137245772
2009-11-04,0.8953860403101248
2009-11-05,0.912707918260166
2009-11-06,0.9151154698564642
2009-11-09,0.9356943840123357
2009-11-10,0.9358715455098308
2009-11-11,0.9405772347793783
2009-11-12,0.9310564423172342
2009-11-13,0.93640830986023
2009-11-16,0.9501449098352939
2009-11-17,0.9511298259809722
2009-11-18,0.9508327544573452
2009-11-19,0.9380706381376224
2009-11-20,0.9352201509912138
2009-11-23,0.9479979160464423
2009-11-24,0.9475497642511634
2009-11-25,0.9519427332615782
2009-11-27,0.9357672842192044
2009-11-30,0.9394047246458679
2009-12-01,0.9507963043539108
2009-12-02,0.9512444561491897
2009-12-03,0.9432870105317263
2009-12-04,0.9484877341903243
2009-12-07,0.9461895965170749
2009-12-08,0.9366063363383994
2009-12-09,0.9401446681068593
2009-12-10,0.9457258595990361
2009-12-11,0.9492120925285558
2009-12-14,0.9560126767480146
2009-12-15,0.9507076917987903
2009-12-16,0.9517915893771803
2009-12-17,0.9405928199021382
2009-12-18,0.9460072187744114
2009-12-21,0.9560334781159431
2009-12-22,0.9594624595740999
2009-12-23,0.9618752274155667
2009-12-24,0.9669300234349356
2009-12-28,0.9681754973880606
2009-12-29,0.9669873385190444
2009-12-30,0.967263545061997
2009-12-31,0.9575499423668522
2010-01-04,0.9729541504772228
2010-01-05,0.9759974478566321
2010-01-06,0.9769510665312987
2010-01-07,0.980916748727109
2010-01-08,0.983746434505589
2010-01-11,0.9854609252346674
2010-01-12,0.97621627570273
2010-01-13,0.9844394953728088
2010-01-14,0.9868470469691071
2010-01-15,0.9762059068251387
2010-01-19,0.9884103938137877
2010-01-20,0.9780819103162063
2010-01-21,0.9595770897423175
2010-01-22,0.9383259796999005
2010-01-25,0.9426616972389523
2010-01-26,0.9387063839207335
2010-01-27,0.9433286768803292
2010-01-28,0.9322601863090104
2010-01-29,0.9231042129449394
2010-02-01,0.936272814711338
2010-02-02,0.9484252028610468
2010-02-03,0.9435527845843416
2010-02-04,0.9141931486528093
2010-02-05,0.9168403930758798
2010-02-08,0.9090184426073084
2010-02-09,0.9209051203171477
2010-02-10,0.9190863682974431
2010-02-11,0.9281121263705366
2010-02-12,0.9257618898583472
2010-02-16,0.9425522197031575
2010-02-17,0.9467107121319684
2010-02-18,0.9530214782075455
2010-02-19,0.9552518046936028
2010-02-22,0.9542721047930932
2010-02-23,0.9427242285682298
2010-02-24,0.9520730121653015
2010-02-25,0.9503272875779574
2010-02-26,0.9516978241896372
2010-03-01,0.9613905619041077
2010-03-02,0.9636313844932481
2010-03-03,0.964188950211576
2010-03-04,0.9678158945351563
2010-03-05,0.9814066304837368
2010-03-08,0.9814118467289054
2010-03-09,0.983136706335575
2010-03-10,0.9877121167013992
2010-03-11,0.9920374017501139
2010-03-12,0.9918341590267759
2010-03-15,0.9923031121899832
2010-03-16,1.0000312974710117
2010-03-17,1.0058677669127207
2010-03-18,1.0055603265115025
2010-03-19,1.0004377829176876
2010-03-22,1.005565542756671
2010-03-23,1.012892395223446
2010-03-24,1.0073373485698582
2010-03-25,1.0056228578407798
2010-03-26,1.0063680811596858
2010-03-29,1.012272298175841
2010-03-30,1.0124286583054074
2010-03-31,1.0091299557509739
2010-04-01,1.0166496820634956
2010-04-05,1.024742559217105
2010-04-06,1.0264726986816894
2010-04-07,1.0208863545570899
2010-04-08,1.024367371241441
2010-04-09,1.0312148380546713
2010-04-12,1.0330596076874732
2010-04-13,1.0338464973549821
2010-04-14,1.0453892209474227
2010-04-15,1.0462646595573062
2010-04-16,1.029390933402544
2010-04-19,1.0340601089559114
2010-04-20,1.0424031750393763
2010-04-21,1.041350574931998
2010-04-22,1.0437581265282962
2010-04-23,1.0511891766729515
2010-04-26,1.046686793739488
2010-04-27,1.0222203774525893
2010-04-28,1.029010529181711
2010-04-29,1.042408391284545
2010-04-30,1.0250604957214067
2010-05-03,1.0385156729083493
2010-05-04,1.0137626812009068
2010-05-05,1.007446762492907
2010-05-06,0.9749812342399422
2010-05-07,0.9600616916410307
2010-05-10,1.0023085701635865
2010-05-11,0.9991089126546108
2010-05-12,1.013179034256736
2010-05-13,1.0009380335519067
2010-05-14,0.9821309888219683
2010-05-17,0.9834024803881904
2010-05-18,0.9696137815741864
2010-05-19,0.964730930807144
2010-05-20,0.9272210390251474
2010-05-21,0.9411608817235492
2010-05-24,0.9290292949417689
2010-05-25,0.9293576003236617
2010-05-26,0.9242767230784498
2010-05-27,0.9550016793764933
2010-05-28,0.943208830466943
2010-06-01,0.9270594626504124
2010-06-02,0.9511662760844065
2010-06-03,0.955058994460602
2010-06-04,0.92222871072231
2010-06-07,0.9098001160296486
2010-06-08,0.9199202041714695
2010-06-09,0.9145110215443648
2010-06-10,0.9414943397378646
2010-06-11,0.9459603361806398
2010-06-14,0.9442719266774044
2010-06-15,0.9664662229041509
2010-06-16,0.9659503235344259
2010-06-17,0.9673208601461057
2010-06-18,0.9685975679574965
2010-06-21,0.9648716422012046
2010-06-22,0.9494987315618456
2010-06-23,0.9466846945188714
2010-06-24,0.9307802357742816
2010-06-25,0.933443128932858
2010-06-28,0.931723421958611
2010-06-29,0.9028588840288752
2010-06-30,0.8938331259557815
2010-07-01,0.8909878550545416
2010-07-02,0.8868658127291649
2010-07-06,0.8916131683473154
2010-07-07,0.9199879517459154
2010-07-08,0.9286801245792017
2010-07-09,0.9353712312628657
2010-07-12,0.9360800044783373
2010-07-13,0.9505513316692239
2010-07-14,0.9504210527655005
2010-07-15,0.9515571127955766
2010-07-16,0.9241620929102322
2010-07-19,0.9297015544410603
2010-07-20,0.9403426945850286
2010-07-21,0.928419566771755
2010-07-22,0.9493475876774478
2010-07-23,0.957159105655682
2010-07-26,0.9678836421096022
2010-07-27,0.9668727083508268
2010-07-28,0.9602389167512716
2010-07-29,0.9563982972140161
2010-07-30,0.9564556122981249
2010-08-02,0.9775347134754696
2010-08-03,0.9728551054317651
2010-08-04,0.9790772589522218
2010-08-05,0.9778786675928682
2010-08-06,0.9743663534375056
2010-08-09,0.9797286534708386
2010-08-10,0.9739025529067208
2010-08-11,0.9469348198359809
2010-08-12,0.9419737890041552
2010-08-13,0.938211349531683
2010-08-16,0.938372862293672
2010-08-17,0.9500875947511851
2010-08-18,0.9516300766151913
2010-08-19,0.9355275913924321
2010-08-20,0.9321038897921898
2010-08-23,0.9283518191973089
2010-08-24,0.9148966420103664
2010-08-25,0.9180076869642216
2010-08-26,0.9109830586534963
2010-08-27,0.9263351043121808
2010-08-30,0.9128851433704068
2010-08-31,0.9132811963267456
2010-09-01,0.9403322620946913
2010-09-02,0.9489411022307718
2010-09-03,0.9615104083174938
2010-09-07,0.9505409627916326
2010-09-08,0.9568776828675608
2010-09-09,0.9615051920723251
2010-09-10,0.9662004488515354
2010-09-13,0.9773054531390346
2010-09-14,0.9766071124139002
2010-09-15,0.9800829764658285
2010-09-16,0.9798901662328278
2010-09-17,0.9807031371261797
2010-09-20,0.9956434810930197
2010-09-21,0.9931108668381666
2010-09-22,0.9884364750396307
2010-09-23,0.9802028228792147
2010-09-24,1.0009796999005096
2010-09-27,0.9953203919562955
2010-09-28,1.0003283053818928
2010-09-29,0.9978530062111485
2010-09-30,0.9947836276058961
2010-10-01,0.9991975252097313
2010-10-04,0.9912400795922678
2010-10-05,1.0119126953229365
2010-10-06,1.0117459663157788
2010-10-07,1.0100836380383864
2010-10-08,1.0162692778426627
2010-10-11,1.0164203581143147
2010-10-12,1.020302707612919
2010-10-13,1.0276816589186342
2010-10-14,1.0239400844268365
2010-10-15,1.0260088981509048
2010-10-18,1.0334608768889806
2010-10-19,1.0170457350198345
2010-10-20,1.0279057666226465
2010-10-21,1.0297869863588827
2010-10-22,1.0322414205489525
2010-10-25,1.034471810647756
2010-10-26,1.0344822431380931
2010-10-27,1.0318349987150226
2010-10-28,1.0330856253005702
2010-10-29,1.0326374735052912
2010-11-01,1.033617173405801
2010-11-02,1.041637150352542
2010-11-03,1.0456601476324607
2010-11-04,1.0660045215939828
2010-11-05,1.070251626577914
2010-11-08,1.0681254341569912
2010-11-09,1.0598709806286466
2010-11-10,1.0647225975374235
2010-11-11,1.0601992860105394
2010-11-12,1.0477393938468662
2010-11-15,1.0465304336099215
2010-11-16,1.0298599501784973
2010-11-17,1.0302455706444988
2010-11-18,1.046077065569474
2010-11-19,1.0487920575669907
2010-11-22,1.0471922606188757
2010-11-23,1.0322727180199642
2010-11-24,1.0477342412144437
2010-11-26,1.0401624160629817
2010-11-29,1.0390159235425684
2010-11-30,1.0327677524090146
2010-12-01,1.0552434714238823
2010-12-02,1.0687872611659452
2010-12-03,1.071622099576848
2010-12-06,1.07026727531342
2010-12-07,1.0708352099093392
2010-12-08,1.075077162260848
2010-12-09,1.0792930333865136
2010-12-10,1.0857808973468397
2010-12-13,1.086004941438106
2010-12-14,1.0870106589517128
2010-12-15,1.081466044788462
2010-12-16,1.088188385330392
2010-12-17,1.0891055539016241
2010-12-20,1.0919040058218386
2010-12-21,1.0986472113444428
2010-12-22,1.1025190647399639
2010-12-23,1.1007890525008714
2010-12-27,1.1014664010198396
2010-12-28,1.102326318119709
2010-12-29,1.1036343234021115
2010-12-30,1.102003165370239
2010-12-31,1.1017895537693096
2011-01-03,1.114301544771923
2011-01-04,1.1128580443406284
2011-01-05,1.1185746673689514
2011-01-06,1.1166257000582693
2011-01-07,1.1145673188245382
2011-01-10,1.1130300532057007
2011-01-11,1.1171781131441745
2011-01-12,1.1273607326152726
2011-01-13,1.1254325030597732
2011-01-14,1.1337807853884068
2011-01-18,1.1353649972137618
2011-01-19,1.1240307325898276
2011-01-20,1.122576799668196
2011-01-21,1.125312656646387
2011-01-24,1.131878764284242
2011-01-25,1.1322122222985576
2011-01-26,1.1370325417363227
2011-01-27,1.1396433360559588
2011-01-28,1.1193302595654486
2011-01-31,1.1279025859853486
2011-02-01,1.146735775553876
2011-02-02,1.1438174772202756
2011-02-03,1.1466731806118529
2011-02-04,1.1499979643921294
2011-02-07,1.1571893853227584
2011-02-08,1.162395325226525
2011-02-09,1.159294585537515
2011-02-10,1.160269132805602
2011-02-11,1.1668195917079514
2011-02-14,1.1698471767391088
2011-02-15,1.1662045836800228
2011-02-16,1.1737087248697846
2011-02-17,1.1774190018905708
2011-02-18,1.1796963381958916
2011-02-22,1.1554957595743545
2011-02-23,1.1484814365284743
2011-02-24,1.1476164304089282
2011-02-25,1.1600294399788296
2011-02-28,1.1665433851649987
2011-03-01,1.1481844922303392
2011-03-02,1.1502272247285643
2011-03-03,1.1700765643010358
2011-03-04,1.1614520754294497
2011-03-07,1.1518010040635822
2011-03-08,1.1622962165683213
2011-03-09,1.1608892298532072
2011-03-10,1.138976292801836
2011-03-11,1.1473976025628303
2011-03-14,1.1404928206654912
2011-03-15,1.1277254881005998
2011-03-16,1.1057760373330483
2011-03-17,1.1206226161123451
2011-03-18,1.125448151795279
2011-03-21,1.1423323740531244
2011-03-22,1.1384135744510857
2011-03-23,1.1417434472510388
2011-03-24,1.1524054523756817
2011-03-25,1.1560532616799364
2011-03-28,1.152874532764381
2011-03-29,1.1612592015837029
2011-03-30,1.1691489632394663
2011-03-31,1.1670071220830376
2011-04-01,1.1728124212792268
2011-04-04,1.1733647071396403
2011-04-05,1.1731667442742166
2011-04-06,1.1762153215115407
2011-04-07,1.1744695333114505
2011-04-08,1.1697690602870716
2011-04-11,1.1665225201843243
2011-04-12,1.1574603756205424
2011-04-13,1.1577990498800264
2011-04-14,1.157913680048244
2011-04-15,1.1624525766978877
2011-04-18,1.1496591629071533
2011-04-19,1.1562826492418632
2011-04-20,1.1719368554438516
2011-04-21,1.178159072577054
2011-04-25,1.1762830054732407
2011-04-26,1.1868460291651717
2011-04-27,1.1944646732976594
2011-04-28,1.1988056070818798
2011-04-29,1.2015675452859138
2011-05-02,1.1994622178456653
2011-05-03,1.1954131393399032
2011-05-04,1.1874296124965966
2011-05-05,1.1767207883909283
2011-05-06,1.1813534502281153
2011-05-09,1.1867366152421228
2011-05-10,1.196335524156304
2011-05-11,1.183698470495136
2011-05-12,1.1896236161047116
2011-05-13,1.1800767424167244
2011-05-16,1.1728280700147327
2011-05-17,1.1726925748658408
2011-05-18,1.1832295173319287
2011-05-19,1.185907995613265
2011-05-20,1.1767884723526283
2011-05-23,1.1627705132021893
2011-05-24,1.1618220471599454
2011-05-25,1.165605351613092
2011-05-26,1.1704933550125571
2011-05-27,1.1755013320509005
2011-05-31,1.1879663768469961
2011-06-01,1.1610247250020993
2011-06-02,1.1596699007386713
2011-06-03,1.1484398337926174
2011-06-06,1.1361049406747532
2011-06-07,1.1350679256901346
2011-06-08,1.1305603265115025
2011-06-09,1.1389086088401361
2011-06-10,1.1230041500955463
2011-06-13,1.1241244977773706
2011-06-14,1.1383666282445681
2011-06-15,1.1185485861431084
2011-06-16,1.1207008597898744
2011-06-17,1.124119281532202
2011-06-20,1.1301955710261753
2011-06-21,1.1454902379880052
2011-06-22,1.1381321516629643
2011-06-23,1.13491169278606
2011-06-24,1.1216023796256007
2011-06-27,1.131904845510085
2011-06-28,1.1468086757607447
2011-06-29,1.1564597471266123
2011-06-30,1.1681639834810422
2011-07-01,1.1851524034167678
2011-07-05,1.183604705307593
2011-07-06,1.1852357361139736
2011-07-07,1.1976852594000555
2011-07-08,1.1893526258069276
2011-07-11,1.1678566066925697
2011-07-12,1.1626870532794915
2011-07-13,1.1664078900161068
2011-07-14,1.1585911557927038
2011-07-15,1.1650320735465123
2011-07-18,1.1555999572522346
2011-07-19,1.1744434520856075
2011-07-20,1.1738233550380022
2011-07-21,1.1898267952153037
2011-07-22,1.1909264051419455
2011-07-25,1.1842195861100298
2011-07-26,1.1793627529560844
2011-07-27,1.1554644621033427
2011-07-28,1.1518375177797624
2011-07-29,1.1444116202675298
2011-08-01,1.1396798497721392
2011-08-02,1.1105495377897878
2011-08-03,1.116521502380389
2011-08-04,1.0631800520606713
2011-08-05,1.0625756037485719
2011-08-08,0.991927924214319
2011-08-09,1.038979473439134
2011-08-10,0.9935225685300112
2011-08-11,1.039698615532197
2011-08-12,1.0451859782240849
2011-08-15,1.068031668969448
2011-08-16,1.0578230318852528
2011-08-17,1.059120604677318
2011-08-18,1.0119648577746225
2011-08-19,0.9967743248779272
2011-08-22,0.9970348826853739
2011-08-23,1.0312304867901771
2011-08-24,1.0449045554359635
2011-08-25,1.0286613588191438
2011-08-26,1.044373007330733
2011-08-29,1.074045363521398
2011-08-30,1.0768177342157694
2011-08-31,1.0822425019656339
2011-09-01,1.0694856018910797
2011-09-02,1.0424917875944968
2011-09-06,1.0347636659262143
2011-09-07,1.0646652824533147
2011-09-08,1.053393549158658
2011-09-09,1.0252793235675046
2011-09-12,1.0324863932336394
2011-09-13,1.0422728961356529
2011-09-14,1.0563222163698496
2011-09-15,1.0746706768141718
2011-09-16,1.0808250827601824
2011-09-19,1.0702359778424084
2011-09-20,1.0684901896423182
2011-09-21,1.037124271315995
2011-09-22,1.004064727241268
2011-09-23,1.0103024658844844
2011-09-26,1.0338777312132477
2011-09-27,1.0449357892942293
2011-09-28,1.0235752653287633
2011-09-29,1.0319287639025656
2011-09-30,1.0061648384363477
2011-10-03,0.9775868123144098
2011-10-04,0.999702992089119
2011-10-05,1.0180879662496216
2011-10-06,1.0368168309147767
2011-10-07,1.0283799996437686
2011-10-10,1.0634719073391297
2011-10-11,1.064065986773638
2011-10-12,1.074655028078666
2011-10-13,1.0715491993699793
2011-10-14,1.0901686501120857
2011-10-17,1.069089548934741
2011-10-18,1.0909190260634143
2011-10-19,1.0772919036241453
2011-10-20,1.082226853230128
2011-10-21,1.1026077409078303
2011-10-24,1.116818446678524
2011-10-25,1.0944313402187769
2011-10-26,1.1059741274239636
2011-10-27,1.1439634048595049
2011-10-28,1.144437574267881
2011-10-31,1.1161306656692187
2011-11-01,1.0849470614728132
2011-11-02,1.1025242809851323
2011-11-03,1.1234575817487398
2011-11-04,1.1164068722121714
2011-11-07,1.12352526571044
2011-11-08,1.137392208201973
2011-11-09,1.0957602104818538
2011-11-10,1.105359119396035
2011-11-11,1.1269020847169107
2011-11-14,1.116276593308448
2011-11-15,1.121857721187879
2011-11-16,1.1035352147439077
2011-11-17,1.085014872660005
2011-11-18,1.0846604224395233
2011-11-21,1.0644880573430737
2011-11-22,1.0601628359071051
2011-11-23,1.0367803808113425
2011-11-25,1.0341539377562003
2011-11-28,1.0645350035495913
2011-11-29,1.0672760767729508
2011-11-30,1.1136657989888117
2011-12-01,1.111576120284069
2011-12-02,1.1113519489673107
2011-12-05,1.1228373574756427
2011-12-06,1.1240985437770195
2011-12-07,1.1266884731159812
2011-12-08,1.102894252715628
2011-12-09,1.121518919702903
2011-12-12,1.1048432200263103
2011-12-13,1.0954631389582268
2011-12-14,1.0831440218013604
2011-12-15,1.0867553173894346
2011-12-16,1.0902676315447974
2011-12-19,1.0774950827347374
2011-12-20,1.1098042508581358
2011-12-21,1.1119878219759136
2011-12-22,1.1214616682315401
2011-12-23,1.1316025577412896
2011-12-27,1.1317119716643385
2011-12-28,1.1178399401531287
2011-12-29,1.1298412480311855
2011-12-30,1.1250573150841088
2012-01-03,1.1424938232023674
2012-01-04,1.1429524711007295
2012-01-05,1.1463136413716943
2012-01-06,1.1438383422009502
2012-01-09,1.146454352765755
2012-01-10,1.1566578372175276
2012-01-11,1.157126790380735
2012-01-12,1.1598678636040947
2012-01-13,1.1541303755950973
2012-01-17,1.1582264003073768
2012-01-18,1.171280244680066
2012-01-19,1.1770959763665927
2012-01-20,1.1779141635051131
2012-01-23,1.178487314346201
2012-01-24,1.1773148042126904
2012-01-25,1.187533937399969
2012-01-26,1.1807646506515217
2012-01-27,1.178945962244563
2012-01-30,1.1760120151754567
2012-01-31,1.1754752508250572
2012-02-01,1.1861842021562177
2012-02-02,1.1875807563809946
2012-02-03,1.205074643196108
2012-02-06,1.204584825052226
2012-02-07,1.2070444754874645
2012-02-08,1.2100878364796197
2012-02-09,1.211885659905904
2012-02-10,1.2035686750482821
2012-02-13,1.2120159388096274
2012-02-14,1.211072689012552
2012-02-15,1.204965229273059
2012-02-16,1.2184309025630848
2012-02-17,1.2213229924453504
2012-02-21,1.2222297285262453
2012-02-22,1.2181962987559891
2012-02-23,1.2236368424668513
2012-02-24,1.2258411513398118
2012-02-27,1.2276128935402528
2012-02-28,1.231932962343799
2012-02-29,1.2263048882578504
2012-03-01,1.2339340921061672
2012-03-02,1.2299787787879481
2012-03-05,1.2252887382539064
2012-03-06,1.2064920624015594
2012-03-07,1.2151842352348456
2012-03-08,1.22723248931942
2012-03-09,1.231688053271858
2012-03-12,1.231969476059979
2012-03-13,1.2547369867405593
2012-03-14,1.2532726213285903
2012-03-15,1.2607715462731837
2012-03-16,1.2621889654786351
2012-03-19,1.2672124640269922
2012-03-20,1.263423943328677
2012-03-21,1.2611102205326676
2012-03-22,1.2520896787047426
2012-03-23,1.2559719645906011
2012-03-26,1.2734189051991969
2012-03-27,1.269963969740689
2012-03-28,1.263992005150088
2012-03-29,1.2619856591425511
2012-03-30,1.266660050941087
2012-04-02,1.2762538708355915
2012-04-03,1.2714647216433463
2012-04-04,1.258520291193706
2012-04-05,1.25818148970873
2012-04-09,1.24391862148635
2012-04-10,1.2226779439342703
2012-04-11,1.2319642598148106
2012-04-12,1.2489525525250444
2012-04-13,1.2333973277557677
2012-04-16,1.2327771034826707
2012-04-17,1.251870850858645
2012-04-18,1.2468056223489388
2012-04-19,1.239463057533912
2012-04-20,1.2409430716813867
2012-04-23,1.230536408119022
2012-04-24,1.2350648722783286
2012-04-25,1.2520896787047426
2012-04-26,1.2605212937305823
2012-04-27,1.2635907359485805
2012-04-30,1.2587130378139606
2012-05-01,1.2658419910280583
2012-05-02,1.262814278771409
2012-05-03,1.253371602761302
2012-05-04,1.2331627239486722
2012-05-07,1.2336161556018657
2012-05-08,1.2285039808856422
2012-05-09,1.2206143464553705
2012-05-10,1.2240640656687098
2012-05-11,1.2200515008791282
2012-05-14,1.206617125060114
2012-05-15,1.199900000763353
2012-05-16,1.1950275188739017
2012-05-17,1.1771636603282927
2012-05-18,1.1684714874950064
2012-05-21,1.1872264333860048
2012-05-22,1.187830881698104
2012-05-23,1.1898946064024956
2012-05-24,1.1917237272997916
2012-05-25,1.189144103225675
2012-05-29,1.2025107950829892
2012-05-30,1.185637005315481
2012-05-31,1.1830627247120251
2012-06-01,1.1539635829751935
2012-06-04,1.1541147268595915
2012-06-05,1.1607589509494838
2012-06-06,1.1878413141884414
2012-06-07,1.1877684139815727
2012-06-08,1.1974299178377774
2012-06-11,1.1823800327223966
2012-06-12,1.1961687315364005
2012-06-13,1.188211285918937
2012-06-14,1.2010829433872006
2012-06-15,1.2135010419767789
2012-06-18,1.2152781276478806
2012-06-19,1.22723248931942
2012-06-20,1.2252157108215458
2012-06-21,1.19812813133742
2012-06-22,1.2067213227379943
2012-06-25,1.1876120538520063
2012-06-26,1.1932818578993036
2012-06-27,1.204287753528599
2012-06-28,1.201807238112686
2012-06-29,1.2318078996852442
2012-07-02,1.2349137283939309
2012-07-03,1.2428920389920688
2012-07-05,1.2370815235507109
2012-07-06,1.2258411513398118
2012-07-09,1.2238504540677806
2012-07-10,1.213917959913792
2012-07-11,1.2140482388175153
2012-07-12,1.2079929415297084
2012-07-13,1.2279567840449055
2012-07-16,1.2251115131436656
2012-07-17,1.2341894336684454
2012-07-18,1.2426210486942848
2012-07-19,1.246128146604479
2012-07-20,1.2336161556018657
2012-07-23,1.222651862708427
2012-07-24,1.2116042371177829
2012-07-25,1.2112446978776243
2012-07-26,1.2313180815413622
2012-07-27,1.2548829143797884
2012-07-30,1.254320068803546
2012-07-31,1.248916166034356
2012-08-01,1.245325608201464
2012-08-02,1.2362478149021763
2012-08-03,1.2599377103991574
2012-08-06,1.2629028277137833
2012-08-07,1.2693750429386035
2012-08-08,1.2705632018076198
2012-08-09,1.271641946753587
2012-08-10,1.274461136428984
2012-08-13,1.2731115284107246
2012-08-14,1.2731687798820874
2012-08-15,1.2750761444569125
2012-08-16,1.284226837963069
2012-08-17,1.2866344531721132
2012-08-20,1.2866292369269445
2012-08-21,1.2821580242390007
2012-08-22,1.2825281231949883
2012-08-23,1.2721943598394923
2012-08-24,1.2805894611491515
2012-08-27,1.2799745803467149
2012-08-28,1.2790208980593023
2012-08-29,1.280407147019234
2012-08-30,1.2705840667882942
2012-08-31,1.2770459767482691
2012-09-04,1.2755868275814688
2012-09-05,1.2745498125968504
2012-09-06,1.3007671697162617
2012-09-07,1.3061086047689203
2012-09-10,1.2981563753966254
2012-09-11,1.3022418403930758
2012-09-12,1.3053112826110742
2012-09-13,1.3267760042544205
2012-09-14,1.3320391956295499
2012-09-17,1.3279380818975937
2012-09-18,1.326265321129864
2012-09-19,1.3278599654455563
2012-09-20,1.3273388498306629
2012-09-21,1.3272397411724592
2012-09-24,1.3242746238578331
2012-09-25,1.310517222514841
2012-09-26,1.303268422887357
2012-09-27,1.3159367740195367
2012-09-28,1.3100481421261416
2012-10-01,1.3135813212621787
2012-10-02,1.3148164263377125
2012-10-03,1.31987643860225
2012-10-04,1.3293555011030451
2012-10-05,1.3293815823288881
2012-10-08,1.3247853069823894
2012-10-09,1.311720902893871
2012-10-10,1.3037009895598761
2012-10-11,1.3041751589682522
2012-10-12,1.3003293867985741
2012-10-15,1.3108350317936504
2012-10-16,1.3243007050836761
2012-10-17,1.3299131304341187
2012-10-18,1.3267342742930714
2012-10-19,1.3047693020155062
2012-10-22,1.3053737503276057
2012-10-23,1.2865198230038957
2012-10-24,1.2825592934405081
2012-10-25,1.2864260578163524
2012-10-26,1.2854880242644457
2012-10-31,1.2858579959949414
2012-11-01,1.3000114502942726
2012-11-02,1.2878330445314667
2012-11-05,1.2907720806202496
2012-11-06,1.3009442676010108
2012-11-07,1.271251110042417
2012-11-08,1.255742704254166
2012-11-09,1.2579313643916203
2012-11-12,1.2580981570115242
2012-11-13,1.253481016684351
2012-11-14,1.236576056671323
2012-11-15,1.2346896843026645
2012-11-16,1.2407867115518203
2012-11-19,1.2655136220334195
2012-11-20,1.2664620880756636
2012-11-21,1.269421989145121
2012-11-23,1.2861446350282313
2012-11-26,1.2835703544247754
2012-11-27,1.2769833818062457
2012-11-28,1.2874004778589476
2012-11-29,1.2931066683969334
2012-11-30,1.293315190978186
2012-12-03,1.287192082503187
2012-12-04,1.2850189438757464
2012-12-05,1.287463072800971
2012-12-06,1.292054004676809
2012-12-07,1.2959312015429907
2012-12-10,1.2964210196868726
2012-12-11,1.3049152296547355
2012-12-12,1.3057906682646188
2012-12-13,1.2978697363633356
2012-12-14,1.29255438253652
2012-12-17,1.3079168606855418
2012-12-18,1.3229666185754307
2012-12-19,1.3129716567049106
2012-12-20,1.3204600219336748
2012-12-21,1.3081669860026515
2012-12-24,1.305139273746002
2012-12-26,1.2989015351027855
2012-12-27,1.2975622323493714
2012-12-28,1.2833566155983542
2012-12-31,1.3051027600298217
2013-01-02,1.338511538079862
2013-01-03,1.3357183024048163
2013-01-04,1.3422165988554795
2013-01-07,1.3380320252008255
2013-01-08,1.3341445230697984
2013-01-09,1.337714215922016
2013-01-10,1.3478759704124397
2013-01-11,1.347964519354814
2013-01-14,1.3467034602789292
2013-01-15,1.3482302934074295
2013-01-16,1.34865764383478
2013-01-17,1.3562762879672674
2013-01-18,1.360914293275115
2013-01-22,1.3670008880339335
2013-01-23,1.3690905667386764
2013-01-24,1.3691427291903624
2013-01-25,1.376599796948115
2013-01-28,1.374093327531851
2013-01-29,1.3811804235591076
2013-01-30,1.3761464925204134
2013-01-31,1.3727018623267506
2013-02-01,1.3865322911021036
2013-02-04,1.3705601483958139
2013-02-05,1.3850002417284346
2013-02-06,1.3859330590351728
2013-02-07,1.3839997404599964
2013-02-08,1.391821690928568
2013-02-11,1.391050449996565
2013-02-12,1.3933433078118997
2013-02-13,1.3948181057142057
2013-02-14,1.3959488858863673
2013-02-15,1.3946147993781217
2013-02-19,1.4050631929018353
2013-02-20,1.3876995849904454
2013-02-21,1.3792627537194373
2013-02-22,1.3915663493662898
2013-02-25,1.3660837194627014
2013-02-26,1.3746456133922642
2013-02-27,1.3924783016923534
2013-02-28,1.3913369618043627
2013-03-01,1.3945991506426159
2013-03-04,1.4010401956219163
2013-03-05,1.4144902201764362
2013-03-06,1.4164287549967811
2013-03-07,1.419138530749129
2013-03-08,1.4256003134836122
2013-03-11,1.4303633814500143
2013-03-12,1.426996994933881
2013-03-13,1.429352447691239
2013-03-14,1.4373932260059084
2013-03-15,1.4350586382292247
2013-03-18,1.4271688765734614
2013-03-19,1.4237348060956279
2013-03-20,1.4332867688032915
2013-03-21,1.4214418210548012
2013-03-22,1.4316348730162365
2013-03-25,1.4268562835398204
2013-03-26,1.4384458897260326
2013-03-27,1.4376798650391982
2013-03-28,1.4435163344809072
2013-04-01,1.4371483169339674
2013-04-02,1.444589863181706
2013-04-03,1.4296180945183625
2013-04-04,1.4355015101665891
2013-04-05,1.4293472314460705
2013-04-08,1.4388262939468655
2013-04-09,1.4439280361727518
2013-04-10,1.461630318343626
2013-04-11,1.4669508884156102
2013-04-12,1.4628236934578107
2013-04-15,1.4292272578071923
2013-04-16,1.4496707404269178
2013-04-17,1.4289042322832142
2013-04-18,1.419373007330733
2013-04-19,1.431994412256395
2013-04-22,1.4386960150431423
2013-04-23,1.4536833052164997
2013-04-24,1.4538760518367544
2013-04-25,1.4597907649559927
2013-04-26,1.4571643219008505
2013-04-29,1.4676647506507583
2013-04-30,1.4713282086905188
2013-05-01,1.4577063024964185
2013-05-02,1.4715367312717715
2013-05-03,1.487201369964097
2013-05-06,1.490046768090829
2013-05-07,1.4979259700307632
2013-05-08,1.5047787167019082
2013-05-09,1.4999270997931313
2013-05-10,1.5064253962437946
2013-05-13,1.5066337915995551
2013-05-14,1.5222413060460098
2013-05-15,1.5305061284519457
2013-05-16,1.5229082220746406
2013-05-17,1.5386251504441442
2013-05-20,1.5375672704788512
2013-05-21,1.5402561812505249
2013-05-22,1.5276921550217173
2013-05-23,1.5234449864250401
2013-05-24,1.5226372317768566
2013-05-28,1.5323143843685672
2013-05-29,1.521751360676636
2013-05-30,1.5275930463635137
2013-05-31,1.505742704254166
2013-06-03,1.5148361462889597
2013-06-04,1.506555675147518
2013-06-05,1.4861643549794785
2013-06-06,1.4989890662412246
2013-06-07,1.5182494790116106
2013-06-10,1.5178169123390917
2013-06-11,1.502412831454213
2013-06-12,1.490192695730058
2013-06-13,1.5124443070409133
2013-06-14,1.5035436116263743
2013-06-17,1.5149456874375005
2013-06-18,1.5267697702053165
2013-06-19,1.5056332903311171
2013-06-20,1.468211947491495
2013-06-21,1.4721359633387023
2013-06-24,1.4542564560575872
2013-06-25,1.468211947491495
2013-06-26,1.4825947893527531
2013-06-27,1.4919122754788132
2013-06-28,1.4855233929511988
2013-07-01,1.4937309638857719
2013-07-02,1.4932463619870586
2013-07-03,1.4944814670625923
2013-07-05,1.5097345312885653
2013-07-08,1.5181139838627187
2013-07-09,1.5291147904723374
2013-07-10,1.52945868097699
2013-07-11,1.5503502517792485
2013-07-12,1.5551340575008332
2013-07-15,1.5572758986572621
2013-07-16,1.551496680686916
2013-07-17,1.5559731096200284
2013-07-18,1.5639773742185175
2013-07-19,1.5665412223316362
2013-07-22,1.5697565921888637
2013-07-23,1.5668487263456004
2013-07-24,1.5608976267356738
2013-07-25,1.5649154077704241
2013-07-26,1.566218196807658
2013-07-29,1.5604546275728175
2013-07-30,1.5610955896010972
2013-07-31,1.5611164545817717
2013-08-01,1.5808511639860257
2013-08-02,1.5834774798156757
2013-08-05,1.5812888196782213
2013-08-06,1.5722891428309707
2013-08-07,1.566801780139083
2013-08-08,1.573248041363552
2013-08-09,1.5679274712915678
2013-08-12,1.5661712506011405
2013-08-13,1.5708665073803507
2013-08-14,1.5630445569117792
2013-08-15,1.5409806032015023
2013-08-16,1.5359674099179905
2013-08-19,1.5270094630320887
2013-08-20,1.5329033111706527
2013-08-21,1.5241224621695
2013-08-22,1.5372701989552242
2013-08-23,1.5435757487856328
2013-08-26,1.5373587478975987
2013-08-27,1.5129497739203008
2013-08-28,1.5174001216275703
2013-08-29,1.5205944992786316
2013-08-30,1.5159044587445898
2013-09-03,1.5222985575173726
2013-09-04,1.5350086386109012
2013-09-05,1.5369106597150657
2013-09-06,1.5371868662580184
2013-09-09,1.5526378933494147
2013-09-10,1.5640556178960465
2013-09-11,1.569047818973392
2013-09-12,1.5641911130449386
2013-09-13,1.5684485869064613
2013-09-16,1.5773856688116885
2013-09-17,1.5840611903725925
2013-09-18,1.6033737655946647
2013-09-19,1.6006639898423167
2013-09-20,1.5891264188822987
2013-09-23,1.581632837408366
2013-09-24,1.5776879565804842
2013-09-25,1.573409617738287
2013-09-26,1.57919392472831
2013-09-27,1.5728519884072132
2013-09-30,1.563440609868118
2013-10-01,1.5760515823034429
2013-10-02,1.575306422597283
2013-10-03,1.561163400788289
2013-10-04,1.5722318913596078
2013-10-07,1.5588599832571253
2013-10-08,1.5401102536112956
2013-10-09,1.541147268595914
2013-10-10,1.575035432299499
2013-10-11,1.584936628982476
2013-10-14,1.5914037551876195
2013-10-15,1.5801632557512284
2013-10-16,1.602190822970817
2013-10-17,1.6130716559415577
2013-10-18,1.6236764095948377
2013-10-21,1.6238432022147413
2013-10-22,1.63316590458597
2013-10-23,1.6254638005307847
2013-10-24,1.630784370602769
2013-10-25,1.6379497103075549
2013-10-28,1.6401384976705013
2013-10-29,1.6493882998348612
2013-10-30,1.6414776731984235
2013-10-31,1.635307745742399
2013-11-01,1.640060253992972
2013-11-04,1.6459280209056928
2013-11-05,1.6414933219339292
2013-11-06,1.6493986050997067
2013-11-07,1.6280277758693953
2013-11-08,1.649909415449755
2013-11-11,1.6511078795836165
2013-11-12,1.6472986211301186
2013-11-13,1.6611289226799795
2013-11-14,1.6694719887634446
2013-11-15,1.6765331307903502
2013-11-18,1.67041523856052
2013-11-19,1.6673198423421705
2013-11-20,1.6613374452612322
2013-11-21,1.674948918964995
2013-11-22,1.6834848588942068
2013-11-25,1.6813951801894642
2013-11-26,1.6818277468619833
2013-11-27,1.6864030300023154
2013-11-29,1.6851419709264306
2013-12-02,1.6806291555026298
2013-12-03,1.6753606206568397
2013-12-04,1.673609743437073
2013-12-05,1.666402673770938
2013-12-06,1.6852826823204912
2013-12-09,1.6884093760098524
2013-12-10,1.6830575084668564
2013-12-11,1.6641931486528092
2013-12-12,1.6583618954562689
2013-12-13,1.6582264003073768
2013-12-16,1.6687268290572845
2013-12-17,1.663573051605204
2013-12-18,1.6913276743434529
2013-12-19,1.6905771711666324
2013-12-20,1.6987274906298426
2013-12-23,1.7080190227555514
2013-12-24,1.7131936651883064
2013-12-26,1.7213229924453504
2013-12-27,1.7210676508830722
2013-12-30,1.720880120507986
2013-12-31,1.7278057673859997
2014-01-02,1.7127454497802816
2014-01-03,1.7122191179202195
2014-01-06,1.707945995323191
2014-01-07,1.7183526588855556
2014-01-08,1.7185038027699535
2014-01-09,1.7190927295720388
2014-01-10,1.7230635644002719
2014-01-13,1.7015831940214197
2014-01-14,1.719999465652934
2014-01-15,1.7289313313129926
2014-01-16,1.7266436897428263
2014-01-17,1.7199473032012478
2014-01-21,1.7247571901486758
2014-01-22,1.7259557815080293
2014-01-23,1.7106349060948645
2014-01-24,1.674938486474658
2014-01-27,1.66682480795312
2014-01-28,1.6770594626504123
2014-01-29,1.660117988921204
2014-01-30,1.67891988101872
2014-01-31,1.6680650020483305
2014-02-03,1.629981959425246
2014-02-04,1.642525120673379
2014-02-05,1.6396850660173077
2014-02-06,1.6609257435693876
2014-02-07,1.6830209947506762
2014-02-10,1.6856996002575044
2014-02-11,1.7044336811678282
2014-02-12,1.704814085388661
2014-02-13,1.7148977234270477
2014-02-14,1.7232876084915383
2014-02-18,1.725554512306522
2014-02-19,1.7143818240573228
2014-02-20,1.7250333966916283
2014-02-21,1.7219536492087846
2014-02-24,1.7326260868237646
2014-02-25,1.7303278855377695
2014-02-26,1.7307030735134337
2014-02-27,1.7395100037404294
2014-02-28,1.7443719259140515
2014-03-03,1.7315890718391462
2014-03-04,1.7580564270501753
2014-03-05,1.7582962471024395
2014-03-06,1.7616261199023926
2014-03-07,1.7627100810935286
2014-03-10,1.7620065241232254
2014-03-11,1.7531214774441926
2014-03-12,1.7541116734477853
2014-03-13,1.7338090294476123
2014-03-14,1.728962628784004
2014-03-17,1.745586166008911
2014-03-18,1.758233652160416
2014-03-19,1.7474518006223871
2014-03-20,1.7580356892949927
2014-03-21,1.7528870008625888
2014-03-24,1.7443616206492063
2014-03-25,1.752219957608466
2014-03-26,1.7400050381294798
2014-03-27,1.736998190853505
2014-03-28,1.7451276453360407
2014-03-31,1.7590309743182622
2014-04-01,1.7715377490757067
2014-04-02,1.7769000491090399
2014-04-03,1.774919784327346
2014-04-04,1.7527254244878538
2014-04-07,1.7338923621448181
2014-04-08,1.740963936662061
2014-04-09,1.7601253679997353
2014-04-10,1.723371068414236
2014-04-11,1.7071956193718623
2014-04-14,1.7212344435029758
2014-04-15,1.7328657796505371
2014-04-16,1.7510891774363047
2014-04-17,1.7535540441167117
2014-04-21,1.760198268206604
2014-04-22,1.7674053378727388
2014-04-23,1.7637157986071352
2014-04-24,1.7667851135996417
2014-04-25,1.7524857316610816
2014-04-28,1.7582649496314278
2014-04-29,1.7666652671862555
2014-04-30,1.7720327834647573
2014-05-01,1.7718972883158652
2014-05-02,1.7695054490678188
2014-05-05,1.7729551682811582
2014-05-06,1.757055925781737
2014-05-07,1.7676763281705228
2014-05-08,1.7656908471436605
2014-05-09,1.7686924781744668
2014-05-12,1.7858684284852788
2014-05-13,1.7870618035994636
2014-05-14,1.7790053765492884
2014-05-15,1.7626839998676855
2014-05-16,1.7692969264865663
2014-05-19,1.7762330058549172
2014-05-20,1.7647475973465852
2014-05-21,1.779323185828098
2014-05-22,1.7837735335353675
2014-05-23,1.791376656157841
2014-05-27,1.802116777734521
2014-05-28,1.8003918545151054
2014-05-29,1.8102827459332371
2014-05-30,1.8136334837138648
2014-06-02,1.8151185868810162
2014-06-03,1.814524571059254
2014-06-04,1.8182817942865577
2014-06-05,1.8302674534291088
2014-06-06,1.8390065724689124
2014-06-09,1.8408252608758713
2014-06-10,1.840382388938507
2014-06-11,1.8340768391080984
2014-06-12,1.8215961455764969
2014-06-13,1.8273336335854942
2014-06-16,1.8288761154495004
2014-06-17,1.8328834639939136
2014-06-18,1.8470525670287503
2014-06-19,1.8496685775935553
2014-06-20,1.8528787312056143
2014-06-23,1.8526389111533499
2014-06-24,1.8408774233275573
2014-06-25,1.8499395678913393
2014-06-26,1.848073933277863
2014-06-27,1.8517062210721038
2014-06-30,1.851096429289344
2014-07-01,1.863796077892535
2014-07-02,1.8651301644007807
2014-07-03,1.8753543866077358
2014-07-07,1.8680692004895636
2014-07-08,1.8554477955639015
2014-07-09,1.8641764821133682
2014-07-10,1.8564691618130142
2014-07-11,1.859382243901446
2014-07-14,1.8683923532390339
2014-07-15,1.8647913629158046
2014-07-16,1.8728425737208112
2014-07-17,1.8508619527077401
2014-07-18,1.8698722401610166
2014-07-21,1.865588685073651
2014-07-22,1.87494790116106
2014-07-23,1.8782570362058304
2014-07-24,1.8791950697577373
2014-07-25,1.8701171492329576
2014-07-28,1.870664346073694
2014-07-29,1.8622847662740487
2014-07-30,1.862701684211062
2014-07-31,1.8255669804047296
2014-08-01,1.820350608010626
2014-08-04,1.8334463095701559
2014-08-05,1.8158586575674995
2014-08-06,1.8164370246537558
2014-08-07,1.8067807370427198
2014-08-08,1.827661875354641
2014-08-11,1.83303982412348
2014-08-12,1.8301371745253854
2014-08-13,1.8428836421096022
2014-08-14,1.8509870153662948
2014-08-15,1.8510912130441752
2014-08-18,1.8670008880339335
2014-08-19,1.8767093380966557
2014-08-20,1.8814827113279033
2014-08-21,1.88707948794284
2014-08-22,1.883572390032646
2014-08-25,1.892619013086414
2014-08-26,1.894625231868459
2014-08-27,1.8951098337671723
2014-08-28,1.892160365188052
2014-08-29,1.8985961939221838
2014-09-02,1.8976529441251084
2014-09-03,1.8965221639529468
2014-09-04,1.8936664605613698
2014-09-05,1.9032497207400452
2014-09-08,1.897725844331977
2014-09-09,1.8853389159879186
2014-09-10,1.8924052742599928
2014-09-11,1.8945991506426159
2014-09-12,1.8833431296962109
2014-09-15,1.8820194756783026
2014-09-16,1.8961313272417768
2014-09-17,1.898632580412872
2014-09-18,1.908184670346028
2014-09-19,1.9072987992458073
2014-09-22,1.8920144375488228
2014-09-23,1.8812795322173113
2014-09-24,1.896047867319079
2014-09-25,1.8653907222082273
2014-09-26,1.8817380528901815
2014-09-29,1.8771053910529945
2014-09-30,1.871977567601265
2014-10-01,1.8473444223072089
2014-10-02,1.8475112149271125
2014-10-03,1.8681681819222753
2014-10-06,1.8652916135500237
2014-10-07,1.8370836863840734
2014-10-08,1.869799339954148
2014-10-09,1.8312628656778702
2014-10-10,1.810475492553492
2014-10-13,1.7806572723363434
2014-10-14,1.783481678256909
2014-10-15,1.769203161299023
2014-10-16,1.7695209705778328
2014-10-17,1.7923197787294245
2014-10-20,1.8087349205985706
2014-10-21,1.8441759986564987
2014-10-22,1.830924064192894
2014-10-23,1.8534518820467019
2014-10-24,1.8665423673610635
2014-10-27,1.8637543479311862
2014-10-28,1.8860007429968728
2014-10-29,1.8835880387681518
2014-10-30,1.8954538514973167
2014-10-31,1.9177002465630033
2014-11-03,1.917486634962074
2014-11-04,1.9120669562318862
2014-11-05,1.9236356974374242
2014-11-06,1.9314889453770072
2014-11-07,1.932536392851963
2014-11-10,1.9386803663076364
2014-11-11,1.9400301015513877
2014-11-12,1.9392275631483729
2014-11-13,1.9404157220173892
2014-11-14,1.9411139355170317
2014-11-17,1.9426461121161924
2014-11-18,1.9530058294720396
2014-11-19,1.95019707228698
2014-11-20,1.9541158718890186
2014-11-21,1.964621516884095
2014-11-24,1.9702755449703946
2014-11-25,1.9682223799818321
2014-11-26,1.9742047770627704
2014-11-28,1.9692750437019564
2014-12-01,1.9559084790701344
2014-12-02,1.9684985865247848
2014-12-03,1.9764247346712367
2014-12-04,1.9741631743269135
2014-12-05,1.9774669659010236
2014-12-08,1.9634072767892357
2014-12-09,1.9588059124230603
2014-12-10,1.9309991272331255
2014-12-11,1.940280226868497
2014-12-12,1.9088986598066682
2014-12-15,1.8968451894769252
2014-12-16,1.8807375516217433
2014-12-17,1.919112449523286
2014-12-18,1.965502171739147
2014-12-19,1.9744914160960603
2014-12-22,1.9822925015839574
2014-12-23,1.9858569781910063
2014-12-24,1.9856536718549223
2014-12-26,1.992224995737946
2014-12-29,1.994283376971677
2014-12-30,1.9847678007547016
2014-12-31,1.9643140128701309
2015-01-02,1.963917959913792
2015-01-05,1.9281434238415482
2015-01-06,1.9110038600214247
2015-01-07,1.9338287493988595
2015-01-08,1.9684620728086044
2015-01-09,1.9519270845260723
2015-01-12,1.9361321669300233
2015-01-13,1.9313325852474408
2015-01-14,1.9201651132434103
2015-01-15,1.9024576148273677
2015-01-16,1.9280183611829935
2015-01-20,1.9310668111948255
2015-01-21,1.9404365869980635
2015-01-22,1.9700827983501399
2015-01-23,1.9592696493410993
2015-01-26,1.9643192291152993
2015-01-27,1.9380237555438509
2015-01-28,1.9120253534960292
2015-01-29,1.930394678921026
2015-01-30,1.9053446156899565
2015-02-02,1.9300923911522303
2015-02-03,1.9580085902652142
2015-02-04,1.950452413849258
2015-02-05,1.9709166342241662
2015-02-06,1.9647100658264696
2015-02-09,1.9564556759108709
2015-02-10,1.977435795655504
2015-02-11,1.9780611089482778
2015-02-12,1.9976185932422907
2015-02-13,2.0059251456095755
2015-02-17,2.009442676010107
2015-02-18,2.008900695414539
2015-02-19,2.0070924394979173
2015-02-20,2.0196357279715422
2015-02-23,2.019041584924288
2015-02-24,2.024674875255405
2015-02-25,2.0234658514057147
2015-02-26,2.0208082381050527
2015-02-27,2.0148517950244655
2015-03-02,2.027306534555716
2015-03-03,2.0181296325982245
2015-03-04,2.0096875850820477
2015-03-05,2.012178532988298
2015-03-06,1.983908010880324
2015-03-09,1.9919227079691504
2015-03-10,1.9582639318274924
2015-03-11,1.9548088691434926
2015-03-12,1.979942265071768
2015-03-13,1.9679618221743855
2015-03-16,1.9946326109469903
2015-03-17,1.9880091246122804
2015-03-18,2.012230568214492
2015-03-19,2.002449345170393
2015-03-20,2.0205007340910885
2015-03-23,2.0169727712002197
2015-03-24,2.0047578517212337
2015-03-25,1.9756169800230532
2015-03-26,1.9709686694503605
2015-03-27,1.9760182492245606
2015-03-30,2.000380404220833
2015-03-31,1.9829856260639231
2015-04-01,1.9753720709511122
2015-04-02,1.9823966992618376
2015-04-06,1.9955132658020422
2015-04-07,1.9914381060704371
2015-04-08,1.9975403495647617
2015-04-09,2.006446261224469
2015-04-10,2.016879006012677
2015-04-13,2.0078219504685717
2015-04-14,2.0110997880423302
2015-04-15,2.0214596326236696
2015-04-16,2.0199326722696775
2015-04-17,1.99708704513706
2015-04-20,2.0155814332206115
2015-04-21,2.012626621170831
2015-04-22,2.0229343033004836
2015-04-23,2.027900550377478
2015-04-24,2.032475960743302
2015-04-27,2.0240652106981374
2015-04-28,2.0298547339333286
2015-04-29,2.0223975389500843
2015-04-30,2.0020115622527053
2015-05-01,2.0238827693427277
2015-05-04,2.0298286527074856
2015-05-05,2.005987613326107
2015-05-06,1.9978009073722083
2015-05-07,2.0058416856868777
2015-05-08,2.0328772299448095
2015-05-11,2.0229343033004836
2015-05-12,2.0170769688781003
2015-05-13,2.01690508723852
2015-05-14,2.038875275761254
2015-05-15,2.040683531677875
2015-05-18,2.0470202517538034
2015-05-19,2.0461135156729084
2015-05-20,2.0444303224148417
2015-05-21,2.0494955509245476
2015-05-22,2.044941005539398
2015-05-26,2.023950453304428
2015-05-27,2.0428305890794727
2015-05-28,2.0405949827355006
2015-05-29,2.027754622738249
2015-06-01,2.032137286483818
2015-06-02,2.0301883191731362
2015-06-03,2.0348679272168404
2015-06-04,2.0173583916662214
2015-06-05,2.0145444182359933
2015-06-08,2.001839553387633
2015-06-09,2.0027306407330223
2015-06-10,2.0269833818062457
2015-06-11,2.0310950552540312
2015-06-12,2.0170092849164
2015-06-15,2.0077281852810285
2015-06-16,2.019182296318349
2015-06-17,2.023226158578942
2015-06-18,2.043518370088778
2015-06-19,2.032684356099063
2015-06-22,2.045071284443121
2015-06-23,2.046540866100259
2015-06-24,2.0315535759269014
2015-06-25,2.025597260071806
2015-06-26,2.025164693399287
2015-06-29,1.9831054724773094
2015-06-30,1.988499069981654
2015-07-01,2.0027828031847084
2015-07-02,2.0021574898919345
2015-07-06,1.9944918995529297
2015-07-07,2.006639007844724
2015-07-08,1.9738139403516004
2015-07-09,1.978290369284713
2015-07-10,2.0026994704875025
2015-07-13,2.025039630740732
2015-07-14,2.034075821304163
2015-07-15,2.0326114558921944
2015-07-16,2.048948481309303
2015-07-17,2.0512256903891317
2015-07-20,2.0528568484210044
2015-07-21,2.0441801970977322
2015-07-22,2.0395162377895333
2015-07-23,2.0280725592425504
2015-07-24,2.0063732337921083
2015-07-27,1.9947940600962333
2015-07-28,2.019515881558156
2015-07-29,2.0345447744673706
2015-07-30,2.034768818558637
2015-07-31,2.0301622379472932
2015-08-03,2.024570677577525
2015-08-04,2.020073383663738
2015-08-05,2.0271345256906437
2015-08-06,2.011985659142551
2015-08-07,2.006274252359397
2015-08-10,2.032017440070432
2015-08-11,2.0129706389009754
2015-08-12,2.0153469566390076
2015-08-13,2.013085269069193
2015-08-14,2.0209696872542957
2015-08-17,2.03188194492154
2015-08-18,2.0269313465800516
2015-08-19,2.0103285471103276
2015-08-20,1.9679202194385284
2015-08-21,1.9055477948005486
2015-08-24,1.8304967137655437
2015-08-25,1.8057645870387757
2015-08-26,1.8763966178375229
2015-08-27,1.922187107986453
2015-08-28,1.923594094701567
2015-08-31,1.9076739872214716
2015-09-01,1.8513413383612847
2015-09-02,1.8855265735884967
2015-09-03,1.8878246476490002
2015-09-04,1.859033009926133
2015-09-08,1.9058865962855245
2015-09-09,1.8795598252430643
2015-09-10,1.8896381198107903
2015-09-11,1.8987056078452327
2015-09-14,1.8910608824869022
2015-09-15,1.9153500100508138
2015-09-16,1.9320987371597673
2015-09-17,1.9274711643422568
2015-09-18,1.8963345063523689
2015-09-21,1.9050110304501493
2015-09-22,1.8815921252509522
2015-09-23,1.8778349020236487
2015-09-24,1.8715190469283949
2015-09-25,1.8706539135833569
2015-09-28,1.823180357401852
2015-09-29,1.8255356829337182
2015-09-30,1.8604712941122588
2015-10-01,1.8642754635460799
2015-10-02,1.8911494314292767
2015-10-05,1.9258401335358764
2015-10-06,1.9189197029030314
2015-10-07,1.9350899357002365
2015-10-08,1.9521616883331678
2015-10-09,1.9536415752551508
2015-10-12,1.9561273069162322
2015-10-13,1.9429691376401708
2015-10-14,1.933917425566726
2015-10-15,1.9627454497802816
2015-10-16,1.9717138291565204
2015-10-19,1.972276674732763
2015-10-20,1.969525169019066
2015-10-21,1.9583055345633493
2015-10-22,1.9909169904555435
2015-10-23,2.0128871789782776
2015-10-26,2.0090518392989365
2015-10-27,2.003924015847207
2015-10-28,2.0278380826609466
2015-10-29,2.0271606069164867
2015-10-30,2.0174105541179075
2015-11-02,2.0413662236675036
2015-11-03,2.0469682165276093
2015-11-04,2.0404386226059343
2015-11-05,2.038546906766615
2015-11-06,2.038072737358239
2015-11-09,2.018473650328369
2015-11-10,2.022048432200263
2015-11-11,2.0155240545237567
2015-11-12,1.987686099088302
2015-11-13,1.965434487777447
2015-11-16,1.995070266639186
2015-11-17,1.9928190115597082
2015-11-18,2.02519077462513
2015-11-19,2.0230021144876758
2015-11-20,2.0310220278216704
2015-11-23,2.0285988911026123
2015-11-24,2.031136657989888
2015-11-25,2.031084622763694
2015-11-27,2.032736518550749
2015-11-30,2.023408599934352
2015-12-01,2.0451859146113387
2015-12-02,2.0231687798820874
2015-12-03,1.9941739630486282
2015-12-04,2.0351180525339503
2015-12-07,2.0210479309318248
2015-12-08,2.008108589501861
2015-12-09,1.9926939489011535
2015-12-10,1.997399638170701
2015-12-11,1.958920542591278
2015-12-14,1.9683683076210614
2015-12-15,1.989285959649163
2015-12-16,2.0183433714246455
2015-12-17,1.98829576364557
2015-12-18,1.9529120642844966
2015-12-21,1.9683317939048812
2015-12-22,1.9858934919071864
2015-12-23,2.0107089513311602
2015-12-24,2.0074989249445934
2015-12-28,2.0031371261796984
2015-12-29,2.0248208028946344
2015-12-30,2.0104118798075334
2015-12-31,1.9914954847672919
2016-01-04,1.9614739582140595
2016-01-05,1.9654240552871098
2016-01-06,1.9403426945850286
2016-01-07,1.8944064040223612
2016-01-08,1.8738848049505983
2016-01-11,1.8754794492662905
2016-01-12,1.8901176326898268
2016-01-13,1.843144199917049
2016-01-14,1.8739473998926217
2016-01-15,1.8335505072480363
2016-01-19,1.8345353597809686
2016-01-20,1.8133520609257436
2016-01-21,1.8228311234265386
2016-01-22,1.8598094671033045
2016-01-25,1.830736533817808
2016-01-26,1.8566359544329178
2016-01-27,1.8365834357498543
2016-01-28,1.8469014231443526
2016-01-29,1.8926710483126084
2016-02-01,1.891889374890268
2016-02-02,1.8564848105485199
2016-02-03,1.8663912234766655
2016-02-04,1.8696116823535698
2016-02-05,1.8351608002992343
2016-02-08,1.8093551448716676
2016-02-09,1.8085317414879785
2016-02-10,1.8088131642760996
2016-02-11,1.7869002272247285
2016-02-12,1.8219661173069925
2016-02-16,1.8526702086243616
2016-02-17,1.8833951649224052
2016-02-18,1.8747082083342874
2016-02-19,1.874932252425554
2016-02-22,1.9020302644000173
2016-02-23,1.878454999071254
2016-02-24,1.8868919575677539
2016-02-25,1.908763164657776
2016-02-26,1.9054175158968252
2016-02-29,1.8901176326898268
2016-03-01,1.9352670335849853
2016-03-02,1.943547631951919
2016-03-03,1.9505461790368013
2016-03-04,1.9570340429971274
2016-03-07,1.9588996776106036
2016-03-08,1.9372420821215106
2016-03-09,1.947367322895754
2016-03-10,1.9477946733231044
2016-03-11,1.9802758503115752
2016-03-14,1.9779099650638798
2016-03-15,1.9743091019661427
2016-03-16,1.9854974389508477
2016-03-17,1.9986138782655603
2016-03-18,2.0074154650218956
2016-03-21,2.0094061622939265
2016-03-22,2.007952229372295
2016-03-23,1.9951328615812094
2016-03-24,1.9943823584043887
2016-03-28,1.9954871845761992
2016-03-29,2.0134865382707003
2016-03-30,2.022454917646939
2016-03-31,2.018338155179477
2016-04-01,2.0311314417447197
2016-04-04,2.025055279476238
2016-04-05,2.004518158894461
2016-04-06,2.0263111223069545
2016-04-07,2.002115759930586
2016-04-08,2.0077125365455224
2016-04-11,2.0022147413632974
2016-04-12,2.0216262980180812
2016-04-13,2.0422260135418813
2016-04-14,2.0427888591181236
2016-04-15,2.0407772968654183
2016-04-18,2.0541648537034067
2016-04-19,2.0604963575341664
2016-04-20,2.062184767037402
2016-04-21,2.0515279781579276
2016-04-22,2.051632175835808
2016-04-25,2.0479217715895297
2016-04-26,2.051752022249194
2016-04-27,2.0552904176304
2016-04-28,2.0364572280618725
2016-04-29,2.0261651946677253
2016-05-02,2.0420071856957835
2016-05-03,2.024341290015598
2016-05-04,2.012756900074554
2016-05-05,2.012756900074554
2016-05-06,2.0194167728999526
2016-05-09,2.0209592547639583
2016-05-10,2.046228145841126
2016-05-11,2.027728541512406
2016-05-12,2.0275827410986684
2016-05-13,2.010552591201594
2016-05-16,2.0304540932257513
2016-05-17,2.0119647941618766
2016-05-18,2.012678783622517
2016-05-19,2.005237237374778
2016-05-20,2.017629381964005
2016-05-23,2.0134969707610373
2016-05-24,2.041090017124551
2016-05-25,2.055451994005135
2016-05-26,2.0553060663659055
2016-05-27,2.0644880573430737
2016-05-31,2.062549522522729
2016-06-01,2.0652333442747257
2016-06-02,2.0713095065432072
2016-06-03,2.0653010282364255
2016-06-06,2.075467998972018
2016-06-07,2.078188207214703
2016-06-08,2.08549425831355
2016-06-09,2.0820028091388614
2016-06-10,2.062929926743562
2016-06-13,2.0468014239077057
2016-06-14,2.043257812281331
2016-06-15,2.039656949183594
2016-06-16,2.046384505970692
2016-06-17,2.039724633145294
2016-06-20,2.0515852296292905
2016-06-21,2.057333150128625
2016-06-22,2.053951114876986
2016-06-23,2.0814295310722817
2016-06-24,2.006659872825398
2016-06-27,1.9703485724027552
2016-06-28,2.0058000829510205
2016-06-29,2.0402197947598366
2016-06-30,2.067896173820556
2016-07-01,2.072310007811645
2016-07-05,2.0582607511901947
2016-07-06,2.070006717505973
2016-07-07,2.068406856945112
2016-07-08,2.0999656491171823
2016-07-11,2.1071257725768
2016-07-12,2.1219046673943964
2016-07-13,2.122384053047941
2016-07-14,2.1335932550133205
2016-07-15,2.1316182064767952
2016-07-18,2.136782416419213
2016-07-19,2.133765263878393
2016-07-20,2.1431452177209844
2016-07-21,2.1354378974206303
2016-07-22,2.1451724287091958
2016-07-25,2.1387261674847267
2016-07-26,2.139476543436055
2016-07-27,2.1369961552456345
2016-07-28,2.1406126670788774
2016-07-29,2.1441352864990852
2016-08-01,2.1414098620112316
2016-08-02,2.127845334513986
2016-08-03,2.1351669071228465
2016-08-04,2.136162319371608
2016-08-05,2.1545838072482906
2016-08-08,2.1528275865578634
2016-08-09,2.1537499713742645
2016-08-10,2.148377238850594
2016-08-11,2.1588361920901367
2016-08-12,2.157225771813447
2016-08-15,2.1635104566631806
2016-08-16,2.1520408241158466
2016-08-17,2.1565952422755044
2016-08-18,2.1614000402032554
2016-08-19,2.1585807233023666
2016-08-22,2.1574031241491793
2016-08-23,2.1616710305010396
2016-08-24,2.150461701310168
2016-08-25,2.147564267957242
2016-08-26,2.1442240898924436
2016-08-29,2.1557250199107894
2016-08-30,2.1518634717801137
2016-08-31,2.1471474772457206
2016-09-01,2.147084882303697
2016-09-02,2.156220181525332
2016-09-06,2.1626870532794915
2016-09-07,2.1628954486352523
2016-09-08,2.158179454100859
2016-09-09,2.1052810029439977
2016-09-12,2.1362979417459917
2016-09-13,2.105265354208492
2016-09-14,2.1041763039976793
2016-09-15,2.1257973857705923
2016-09-16,2.1177982101917796
2016-09-19,2.117782561456274
2016-09-20,2.1184391722200595
2016-09-21,2.141592303366641
2016-09-22,2.1555479220260407
2016-09-23,2.143186947682333
2016-09-26,2.124958333651397
2016-09-27,2.1387523759360616
2016-09-28,2.1505555937232033
2016-09-29,2.130565542756671
2016-09-30,2.147548746447228
2016-10-03,2.140810629944301
2016-10-04,2.1304091826271048
2016-10-05,2.1404302257234677
2016-10-06,2.1415195303852643
2016-10-07,2.1346198375076018
2016-10-10,2.1444533502288787
2016-10-11,2.1177721289659366
2016-10-12,2.1203777070404044
2016-10-13,2.113879410589741
2016-10-14,2.1143119772622603
2016-10-17,2.107949175960489
2016-10-18,2.120935336371478
2016-10-19,2.125891150958135
2016-10-20,2.123118780263764
2016-10-21,2.1229468986241837
2016-10-24,2.133040841927415
2016-10-25,2.1250052798579144
2016-10-26,2.1213366055729854
2016-10-27,2.1150780019490947
2016-10-28,2.10862143545978
2016-10-31,2.1083763991623474
2016-11-01,2.094087449714124
2016-11-02,2.0806895876112903
2016-11-03,2.072247540095114
2016-11-04,2.0688394236176313
2016-11-07,2.114843525367491
2016-11-08,2.1238640671954157
2016-11-09,2.1475329704862305
2016-11-10,2.151926066722137
2016-11-11,2.148919219446162
2016-11-14,2.1489818143881854
2016-11-15,2.1655585326320663
2016-11-16,2.1627392157311776
2016-11-17,2.1729844301442993
2016-11-18,2.16814324572586
2016-11-21,2.184349992239245
2016-11-22,2.189180744167347
2016-11-23,2.1910255138001493
2016-11-25,2.199639442955906
2016-11-28,2.1883677732739955
2016-11-29,2.1918071872224894
2016-11-30,2.1864604086991704
2016-12-01,2.178862502321865
2016-12-02,2.1797276356669033
2016-12-05,2.1926303361551946
2016-12-06,2.200170991061137
2016-12-07,2.229561860850935
2016-12-08,2.2345959191151215
2016-12-09,2.247889456314583
2016-12-12,2.2454558871051873
2016-12-13,2.260526509975751
2016-12-14,2.2423241043961495
2016-12-15,2.25113599641733
2016-12-16,2.2472589267766403
2016-12-19,2.251751004445259
2016-12-20,2.260265952168304
2016-12-21,2.2547891491922454
2016-12-22,2.2508703495902065
2016-12-23,2.25391358335687
2016-12-27,2.2589998040727424
2016-12-28,2.2405106322343595
2016-12-29,2.239958219148454
2016-12-30,2.2296766182446444
2017-01-03,2.248655608226909
2017-01-04,2.2620326053490687
2017-01-05,2.2603130256003134
2017-01-06,2.268963341246759
2017-01-09,2.2609226901575816
2017-01-10,2.2609331226479186
2017-01-11,2.2675407057961388
2017-01-12,2.262730818848711
2017-01-13,2.2669101762581967
2017-01-17,2.2601827466965903
2017-01-18,2.2645442910105014
2017-01-19,2.2564097475082887
2017-01-20,2.2640753378472938
2017-01-23,2.25804612178533
2017-01-24,2.272877051829121
2017-01-25,2.291121187370071
2017-01-26,2.2894850675440135
2017-01-27,2.2876194329305375
2017-01-30,2.273976534530271
2017-01-31,2.271965099503057
2017-02-01,2.273158474617242
2017-02-02,2.2745915425581993
2017-02-03,2.291319404686478
2017-02-06,2.2864833092877155
2017-02-07,2.2871087498059812
2017-02-08,2.2894224726019905
2017-02-09,2.3030182975702473
2017-02-10,2.3113665798988814
2017-02-13,2.324087093482747
2017-02-14,2.334066406617761
2017-02-15,2.3460574092309727
2017-02-16,2.344269891069534
2017-02-17,2.3482512856135958
2017-02-21,2.3624567751391212
2017-02-22,2.360117098342761
2017-02-23,2.361378157418646
2017-02-24,2.3654740549054334
2017-02-27,2.368215000903301
2017-02-28,2.3621806958216602
2017-03-01,2.3949066546565803
2017-03-02,2.3810657933908903
2017-03-03,2.3823321959374355
2017-03-06,2.374578056656056
2017-03-07,2.367819075172454
2017-03-08,2.363092648147724
2017-03-09,2.3650101907619026
2017-03-10,2.3727851950239565
2017-03-13,2.3744320017913347
2017-03-14,2.366521375154897
2017-03-15,2.386417660933886
2017-03-16,2.382624051215894
2017-03-17,2.37950244654621
2017-03-20,2.3747864520118167
2017-03-21,2.345530950145419
2017-03-22,2.350048981814388
2017-03-23,2.3475841151339814
2017-03-24,2.3455986341071187
2017-03-27,2.343211883878749
2017-03-28,2.360221168795149
2017-03-29,2.3632644025618124
2017-03-30,2.370273509362524
2017-03-31,2.3649320743098654
2017-04-03,2.3611644185922245
2017-04-04,2.3628684768309656
2017-04-05,2.355890667501266
2017-04-06,2.3611384645918734
2017-04-07,2.35919471352636
2017-04-10,2.3609506797658035
2017-04-11,2.357897013508803
2017-04-12,2.349064002055964
2017-04-13,2.333070994369
2017-04-17,2.353175675503749
2017-04-18,2.346406515980794
2017-04-19,2.3427065442248534
2017-04-20,2.3604712941122585
2017-04-21,2.353305954407473
2017-04-24,2.378856395498253
2017-04-25,2.3933486512825604
2017-04-26,2.392212527639738
2017-04-27,2.393780963504095
2017-04-28,2.389221201873777
2017-05-01,2.393369261812251
2017-05-02,2.3962147871644746
2017-05-03,2.393650684600372
2017-05-04,2.3951725559346877
2017-05-05,2.4049953817146434
2017-05-08,2.4053289669544506
2017-05-09,2.4029735141970927
2017-05-10,2.40661089101101
2017-05-11,2.4021814082844153
2017-05-12,2.398674310374221
2017-05-15,2.4104253657096764
2017-05-16,2.409252855576166
2017-05-17,2.366167179385399
2017-05-18,2.3749375958962147
2017-05-19,2.391060882486902
2017-05-22,2.4034478108309605
2017-05-23,2.4079190235189043
2017-05-24,2.4140004020325545
2017-05-25,2.425058332888044
2017-05-26,2.4261318615888428
2017-05-30,2.423583534985738
2017-05-31,2.422843591524747
2017-06-01,2.441483907247527
2017-06-02,2.4505774765078128
2017-06-05,2.447680043154887
2017-06-06,2.4408846751805964
2017-06-07,2.445225608964817
2017-06-08,2.445944687445134
2017-06-09,2.4439228199275833
2017-06-12,2.441708078564286
2017-06-13,2.4533497199766923
2017-06-14,2.451082816161709
2017-06-15,2.4460436688778455
2017-06-16,2.446757658338486
2017-06-19,2.467211446223057
2017-06-20,2.450712844431213
2017-06-21,2.449503947807014
2017-06-22,2.448409554125541
2017-06-23,2.452229372294868
2017-06-26,2.4530319106978826
2017-06-27,2.4332295173319287
2017-06-28,2.4551476706284685
2017-06-29,2.4341101721869807
2017-06-30,2.437966376846996
2017-07-03,2.443828927514548
2017-07-05,2.447857141039636
2017-07-06,2.425803619819696
2017-07-07,2.4413640608341414
2017-07-10,2.443641397139462
2017-07-11,2.441760241015972
2017-07-12,2.459811502711175
2017-07-13,2.464486021735203
2017-07-14,2.4760444576758958
2017-07-17,2.4759922952242093
2017-07-18,2.4775243445978785
2017-07-19,2.491062918094773
2017-07-20,2.4908491792683516
2017-07-21,2.4899267944519505
2017-07-24,2.4873369923384807
2017-07-25,2.4946013134759784
2017-07-26,2.4953153029366186
2017-07-27,2.4931524695740235
2017-07-28,2.4899008404515994
2017-07-31,2.488097800780147
2017-08-01,2.4942000442744714
2017-08-02,2.4959041025132125
2017-08-03,2.4909275501713726
2017-08-04,2.495679931196454
2017-08-07,2.4998592886059394
2017-08-08,2.494121927822434
2017-08-09,2.4935069197945054
2017-08-10,2.458310750808518
2017-08-11,2.4616094533629513
2017-08-14,2.486466769973766
2017-08-15,2.4857995994941513
2017-08-16,2.490036208375
2017-08-17,2.4517082566799746
2017-08-18,2.4472736849337027
2017-08-21,2.4501917288163195
2017-08-22,2.4746373437352895
2017-08-23,2.466315015407007
2017-08-24,2.4612445706521324
2017-08-25,2.465637666888039
2017-08-28,2.4669457993959334
2017-08-29,2.4693689361149915
2017-08-30,2.4814067577092285
2017-08-31,2.495716572138126
2017-09-01,2.5008287468543497
2017-09-05,2.4819433948341363
2017-09-06,2.489728831586527
2017-09-07,2.489854021470574
2017-09-08,2.4862530311473447
2017-09-11,2.513236285728099
2017-09-12,2.5218400368445026
2017-09-13,2.523783787910016
2017-09-14,2.5218296043541653
2017-09-15,2.5268061566960047
2017-09-18,2.5305791558843063
2017-09-19,2.5334139942952087
2017-09-20,2.535024160120915
2017-09-21,2.527384778233245
2017-09-22,2.529078403981649
2017-09-25,2.523455546140869
2017-09-26,2.5238359503617023
2017-09-27,2.534148848736524
2017-09-28,2.537734063098755
2017-09-29,2.5471976040895363
2017-10-02,2.557072592321178
2017-10-03,2.5627058826522955
2017-10-04,2.5660722691684286
2017-10-05,2.581007524115592
2017-10-06,2.5790479970890807
2017-10-09,2.574394597496711
2017-10-10,2.5804446785393496
2017-10-11,2.5851451515637285
2017-10-12,2.581007524115592
2017-10-13,2.5833108144212638
2017-10-16,2.5878860975615963
2017-10-17,2.589621453271349
2017-10-18,2.591653753279237
2017-10-19,2.5927168494896984
2017-10-20,2.6061564415538814
2017-10-23,2.595869751630395
2017-10-24,2.6001376579822546
2017-10-25,2.588011287445643
2017-10-26,2.591299557509739
2017-10-27,2.6122222985575174
2017-10-30,2.6040928440749815
2017-10-31,2.606635827207426
2017-11-01,2.6107841415968833
2017-11-02,2.611560471548563
2017-11-03,2.61990366485752
2017-11-06,2.6234522382780794
2017-11-07,2.622972852624535
2017-11-08,2.6268084467548594
2017-11-09,2.6175688226298526
2017-11-10,2.6161619631402306
2017-11-13,2.618793495215049
2017-11-14,2.613149772393595
2017-11-15,2.599303822108228
2017-11-16,2.6214616682315404
2017-11-17,2.6146716437279105
2017-11-20,2.6180899382447462
2017-11-21,2.635255710516205
2017-11-22,2.6335099223161147
2017-11-24,2.6390493202341965
2017-11-27,2.63833024175388
2017-11-28,2.6644173199695675
2017-11-29,2.663776357941288
2017-11-30,2.6865802551125566
2017-12-01,2.681249252550235
2017-12-04,2.678487441571693
2017-12-05,2.6685913339083926
2017-12-06,2.66835164108162
2017-12-07,2.676642671938891
2017-12-08,2.691661132357768
2017-12-11,2.700290837474523
2017-12-12,2.70456917631672
2017-12-13,2.703381144673196
2017-12-14,2.6928389859619393
2017-12-15,2.7171489785065255
2017-12-18,2.731833853685595
2017-12-19,2.7230532591354266
2017-12-20,2.7211563270509385
2017-12-21,2.7265603570456207
2017-12-22,2.725325251970087
2017-12-26,2.722573619030898
2017-12-27,2.7249186392979188
2017-12-28,2.73043208321565
2017-12-29,2.716450510555899
2018-01-02,2.7391294722941044
2018-01-03,2.756659872825398
2018-01-04,2.768338155179477
2018-01-05,2.7878069633056235
2018-01-08,2.7924919148199887
2018-01-09,2.7969628730569487
2018-01-10,2.7938728203092595
2018-01-11,2.8137428976369137
2018-01-12,2.8327427525998528
2018-01-16,2.8228102584458643
2018-01-17,2.849382065785757
2018-01-18,2.8450306995111996
2018-01-19,2.8575738607593326
2018-01-22,2.8806698676600435
2018-01-23,2.8870481904718286
2018-01-24,2.8854326811754616
2018-01-25,2.887178469375552
2018-01-26,2.92141586705445
2018-01-29,2.9019208504769685
2018-01-30,2.870492337208622
2018-01-31,2.8719775676012653
2018-02-01,2.8706696895443544
2018-02-02,2.809964809428936
2018-02-05,2.6948242125378177
2018-02-06,2.7421207980600655
2018-02-07,2.728477899659799
2018-02-08,2.6264539965343774
2018-02-09,2.666543512390491
2018-02-12,2.703740683913354
2018-02-13,2.7109581860698264
2018-02-14,2.7480668086503157
2018-02-15,2.781897593657046
2018-02-16,2.7831846067332817
2018-02-20,2.767118826064941
2018-02-21,2.75196474327168
2018-02-22,2.754872609114943
2018-02-23,2.799203822871581
2018-02-26,2.8324613298117316
2018-02-27,2.796874324114574
2018-02-28,2.766128502835856
2018-03-01,2.7296974832253187
2018-03-02,2.743798902298456
2018-03-05,2.77408594845332
2018-03-06,2.7815535759269014
2018-03-07,2.7803968417543885
2018-03-08,2.7935601000501267
2018-03-09,2.842180085139299
2018-03-12,2.8385689167767167
2018-03-13,2.8206685445149273
2018-03-14,2.8053060663659055
2018-03-15,2.803284198848355
2018-03-16,2.808156680737806
2018-03-19,2.7682859927277907
2018-03-20,2.7724393961369254
2018-03-21,2.767624165718837
2018-03-22,2.698086528601563
2018-03-23,2.641550573405292
2018-03-26,2.7132874303758494
2018-03-27,2.666418322506444
2018-03-28,2.659091406426923
2018-03-29,2.6958300572769165
2018-04-02,2.6356412037567143
2018-04-03,2.6689979465805607
2018-04-04,2.700061577138088
2018-04-05,2.7189833156489898
2018-04-06,2.6594354241570675
2018-04-09,2.669102017032949
2018-04-10,2.7138294109714174
2018-04-11,2.6989567509662775
2018-04-12,2.7215522527817853
2018-04-13,2.7137459510487196
2018-04-16,2.7358256807199943
2018-04-17,2.7649872901733574
2018-04-18,2.7672905804790293
2018-04-19,2.751787390935947
2018-04-20,2.7284310806787735
2018-04-23,2.7285822245631715
2018-04-24,2.6921354289916364
2018-04-25,2.697080683862464
2018-04-26,2.7252313595570516
2018-04-27,2.728420648188436
2018-04-30,2.7061742531227497
2018-05-01,2.713089467510426
2018-05-02,2.6935371994615815
2018-05-03,2.6877581087167273
2018-05-04,2.7226779439342703
2018-05-07,2.7321414849250516
2018-05-08,2.731443016974425
2018-05-09,2.7582127871797417
2018-05-10,2.784685613086923
2018-05-11,2.7904125413800913
2018-05-14,2.793002597944545
2018-05-15,2.7740182644916196
2018-05-16,2.786056086085857
2018-05-17,2.7844718742605017
2018-05-18,2.7773691294977394
2018-05-21,2.7979687177960475
2018-05-22,2.7892453747172414
2018-05-23,2.7983857629585525
2018-05-24,2.792825245608812
2018-05-25,2.7865667692104132
2018-05-29,2.7544609074230983
2018-05-30,2.789927812255886
2018-05-31,2.771345002455452
2018-06-01,2.8016686895519882
2018-06-04,2.8142848782324816
2018-06-05,2.8164319356340792
2018-06-06,2.8406480357656303
2018-06-07,2.839131762352959
2018-06-08,2.848115663239212
2018-06-11,2.851174672966873
2018-06-12,2.856271071722099
2018-06-13,2.8448795556268016
2018-06-14,2.8527797497729024
2018-06-15,2.850174171698435
2018-06-18,2.844160477146485
2018-06-19,2.832852166522902
2018-06-20,2.8376986944120017
2018-06-21,2.8199649875446244
2018-06-22,2.825295990106946
2018-06-25,2.786525039249064
2018-06-26,2.792663669234077
2018-06-27,2.7686300104579353
2018-06-28,2.78611333755722
2018-06-29,2.7884011063528775
2018-07-02,2.7970829739213188
2018-07-03,2.7832421126556284
2018-07-05,2.80791673346005
2018-07-06,2.831929781706501
2018-07-09,2.857740780604728
2018-07-10,2.8677251827594192
2018-07-11,2.8473808087978973
2018-07-12,2.872576799668196
2018-07-13,2.875687971847543
2018-07-16,2.872868654946654
2018-07-17,2.884328109454635
2018-07-18,2.8905552883820227
2018-07-19,2.879429419113849
2018-07-20,2.876818752019705
2018-07-23,2.882113368091338
2018-07-24,2.896032345809065
2018-07-25,2.9224112793032115
2018-07-26,2.9135523138500217
2018-07-27,2.8944377014933726
2018-07-30,2.8780225596242266
2018-07-31,2.8921707976783892
2018-08-01,2.889163950402414
2018-08-02,2.90369793614807
2018-08-03,2.9175751839044484
2018-08-06,2.928174594087068
2018-08-07,2.936476057434676
2018-08-08,2.9357933654450474
2018-08-09,2.932317565005865
2018-08-10,2.912338073755162
2018-08-13,2.9007170428724462
2018-08-14,2.9195034134599482
2018-08-15,2.8978458179708553
2018-08-16,2.9216659923715596
2018-08-17,2.9316193515062228
2018-08-20,2.938847031702048
2018-08-21,2.9450276460993936
2018-08-22,2.9439436849082576
2018-08-23,2.9391442304511672
2018-08-24,2.9573937094627776
2018-08-27,2.980416434480144
2018-08-28,2.9812451813344936
2018-08-29,2.998499248097343
2018-08-30,2.9857059615321004
2018-08-31,2.9864092640514195
2018-09-04,2.981750520988389
2018-09-05,2.973412671150093
2018-09-06,2.963428268995402
2018-09-07,2.9571122866746564
2018-09-10,2.9627193685544384
2018-09-11,2.9740017251776703
2018-09-12,2.975090775388483
2018-09-13,2.9915944662000036
2018-09-14,2.9928659577662255
2018-09-17,2.976242420541319
2018-09-18,2.9923397531316556
2018-09-19,2.996096976358959
2018-09-20,3.01971918789424
2018-09-21,3.018676956664453
2018-09-24,3.0080668595405124
2018-09-25,3.004361798764895
2018-09-26,2.994471034572255
2018-09-27,3.003304046025094
2018-09-28,3.003408116477482
2018-10-01,3.014367320351244
2018-10-02,3.0132833591601083
2018-10-03,3.0154250730910452
2018-10-04,2.9914954847672917
2018-10-05,2.974996882975448
2018-10-08,2.973829716312598
2018-10-09,2.9704788513064786
2018-10-10,2.8728790874369916
2018-10-11,2.8137846275982628
2018-10-12,2.8540616738294617
2018-10-15,2.8372712167591594
2018-10-16,2.8983407251344135
2018-10-17,2.897725971557469
2018-10-18,2.8563023691931106
2018-10-19,2.855348686905698
2018-10-22,2.843144199917049
2018-10-23,2.8276150563736153
2018-10-24,2.740343712388964
2018-10-25,2.791376656157841
2018-10-26,2.7430172288761154
2018-10-29,2.7250593506919794
2018-10-30,2.7679941374493326
2018-10-31,2.7981252051511056
2018-11-01,2.827745335277339
2018-11-02,2.8101314748233475
2018-11-05,2.8259473846255627
2018-11-06,2.843858189377689
2018-11-07,2.9042086192726266
2018-11-08,2.898445050037786
2018-11-09,2.872279855370061
2018-11-12,2.8156866487024272
2018-11-13,2.811611616196314
2018-11-14,2.791063935898708
2018-11-15,2.8215441103503025
2018-11-16,2.8280214145947995
2018-11-19,2.7810378037826684
2018-11-20,2.730765668455457
2018-11-21,2.7393014811591767
2018-11-23,2.7214899122907457
2018-11-26,2.764085770337631
2018-11-27,2.7731271771462302
2018-11-28,2.837016002422373
2018-11-29,2.8314766045042914
2018-11-30,2.8551456350205977
2018-12-03,2.8863863634628744
2018-12-04,2.793132876848268
2018-12-06,2.7897560578417977
2018-12-07,2.725142810614677
2018-12-10,2.729968473523103
2018-12-11,2.7291346376490764
2018-12-12,2.7439497917318696
2018-12-13,2.7439134052411815
2018-12-14,2.6918748711841896
2018-12-17,2.636105067900245
2018-12-18,2.636500993631092
2018-12-19,2.5961562634381927
2018-12-20,2.555269552649725
2018-12-21,2.5026628295458306
2018-12-24,2.4349961705126932
2018-12-26,2.5558064442256168
2018-12-27,2.5779276494072563
2018-12-28,2.5751500624677166
2018-12-31,2.597354982023038
2019-01-02,2.6006587735971483
2019-01-03,2.536947046205754
2019-01-04,2.624051724795994
2019-01-07,2.6424520932410185
2019-01-08,2.6681328132355224
2019-01-09,2.67992050951265
2019-01-10,2.692026015068587
2019-01-11,2.691640267377094
2019-01-14,2.677794317091727
2019-01-15,2.706559746363259
2019-01-16,2.712641379327893
2019-01-17,2.733501525433648
2019-01-18,2.769614735765376
2019-01-22,2.7305155431383477
2019-01-23,2.7365292376902977
2019-01-24,2.7403854423503127
2019-01-25,2.7637417526074866
2019-01-28,2.742047770627705
2019-01-29,2.738103017025315
2019-01-30,2.7809856413309824
2019-01-31,2.805493596740992
2019-02-01,2.808391030093918
2019-02-04,2.827469001508894
2019-02-05,2.840809612140365
2019-02-06,2.8347646201174035
2019-02-07,2.8086515879013647
2019-02-08,2.8114813372925904
2019-02-11,2.8135032048101416
2019-02-12,2.849970865362351
2019-02-13,2.858824741795864
2019-02-14,2.8522377691773344
2019-02-15,2.8834734085999343
2019-02-19,2.8880123052495783
2019-02-20,2.893702847052058
2019-02-21,2.883749487917395
2019-02-22,2.9023274631491365
2019-02-25,2.9063086032422145
2019-02-26,2.9040419538782145
2019-02-27,2.9029109192550693
2019-02-28,2.895573825136195
2019-03-01,2.915699116800635
2019-03-04,2.9044534011190755
2019-03-05,2.9012590234680142
2019-03-06,2.8824675638608355
2019-03-07,2.85965323419923
2019-03-08,2.8538324134930266
2019-03-11,2.895719625549932
2019-03-12,2.895719625549932
2019-03-13,2.9247926860609206
2019-03-14,2.923244860726254
2019-03-15,2.9379299903563076
2019-03-18,2.9488525532883973
2019-03-19,2.9485502655196014
2019-03-20,2.939998931305868
2019-03-21,2.97206815215151
2019-03-22,2.915902423136719
2019-03-25,2.9136772492830842
2019-03-26,2.934605333801523
2019-03-27,2.9210196868726195
2019-03-28,2.9319631147853835
2019-03-29,2.951838535583698
2019-04-01,2.9860133383205727
2019-04-02,2.9861749146953076
2019-04-03,2.992594967468442
2019-04-04,2.9995206143464554
2019-04-05,3.0134553680251805
2019-04-08,3.0166652671862555
2019-04-09,2.999275832500006
2019-04-10,3.009958702605324
2019-04-11,3.0101095920387375
2019-04-12,3.030308165586522
2019-04-15,3.028468484973397
2019-04-16,3.0300058778177266
2019-04-17,3.0234242486698575
2019-04-18,3.0282705221079738
2019-04-22,3.031412991758333
2019-04-23,3.058364948868075
2019-04-24,3.0516685623264963
2019-04-25,3.050543125624995
2019-04-26,3.06493105650593
2019-04-29,3.068354694493426
2019-04-30,3.0713564527497246
2019-05-01,3.048343905771712
2019-05-02,3.0419915369602775
2019-05-03,3.071611667086511
2019-05-06,3.0581410320023004
2019-05-07,3.007665590339005
2019-05-08,3.0029182983336007
2019-05-09,2.994893168754437
2019-05-10,3.0070663582720742
2019-05-13,2.93461576629186
2019-05-14,2.9584776706539135
2019-05-15,2.9763467454446912
2019-05-16,3.003684450245927
2019-05-17,2.9864563374834288
2019-05-20,2.9663463128780188
2019-05-21,2.9916257636710153
2019-05-22,2.9832357513810326
2019-05-23,2.948003195904357
2019-05-24,2.952432678630952
2019-05-28,2.927721416884858
2019-05-29,2.9075696623180995
2019-05-30,2.914062996974578
2019-05-31,2.876177789991425
2019-06-03,2.868246298374313
2019-06-04,2.9298735633061326
2019-06-05,2.9541471693600303
2019-06-06,2.9730793403612696
2019-06-07,3.004575537591316
2019-06-10,3.0185934967417554
2019-06-11,3.0176919769060286
2019-06-12,3.011589733411704
2019-06-13,3.02483110815948
2019-06-14,3.020365238942196
2019-06-17,3.023200077353099
2019-06-18,3.0526693180459183
2019-06-19,3.061788841306555
2019-06-20,3.0910807296636413
2019-06-21,3.0873703254173632
2019-06-24,3.0820288903647044
2019-06-25,3.052762956007969
2019-06-26,3.0489953002903287
2019-06-27,3.061111238336603
2019-06-28,3.078881331694669
2019-07-01,3.102529497230301
2019-07-02,3.1117324804136355
2019-07-03,3.117782561456274
2019-07-05,3.131024190655033
2019-07-08,3.115927359333135
2019-07-09,3.1206904272995373
2019-07-10,3.1348022788630114
2019-07-11,3.1419780510581345
2019-07-12,3.1567985486115884
2019-07-15,3.1573509616974933
2019-07-16,3.1467044780828646
2019-07-17,3.1261985277466073
2019-07-18,3.137715233725951
2019-07-19,3.1184601644262258
2019-07-22,3.127360605389781
2019-07-23,3.1488306705037874
2019-07-24,3.1637188520189414
2019-07-25,3.147084882303697
2019-07-26,3.170373508599171
2019-07-29,3.1652613338829476
2019-07-30,3.1574186456591935
2019-07-31,3.1231344289992697
2019-08-01,3.0953382035251638
2019-08-02,3.073070943478803
2019-08-05,2.981719223517378
2019-08-06,3.020761419124027
2019-08-07,3.02315834739175
2019-08-08,3.080658417365771
2019-08-09,3.060757042567105
2019-08-12,3.0235858250445924
2019-08-13,3.06945443164556
2019-08-14,2.980416434480144
2019-08-15,2.988332404587242
2019-08-16,3.0319391963929028
2019-08-19,3.06881346961728
2019-08-20,3.04475334793882
2019-08-21,3.0699910687704675
2019-08-22,3.0685216143388216
2019-08-23,2.9889262931835128
2019-08-26,3.0221265486523006
2019-08-27,3.012459955776419
2019-08-28,3.032288303142724
2019-08-29,3.071272992827027
2019-08-30,3.0736597430553965
2019-09-03,3.0526693180459183
2019-09-04,3.0860258064187804
2019-09-05,3.1268916522265733
2019-09-06,3.1298567695411994
2019-09-09,3.1298152940308346
2019-09-10,3.1309252092223216
2019-09-11,3.1537240173739134
2019-09-12,3.163291628817083
2019-09-13,3.161868993366463
2019-09-16,3.1520563456258603
2019-09-17,3.1602066650890706
2019-09-18,3.1613061477902202
2019-09-19,3.16155627310733
2019-09-20,3.146235524919657
2019-09-23,3.145922804660524
2019-09-24,3.119700358521436
2019-09-25,3.1389190413304733
2019-09-26,3.1314827113279033
2019-09-27,3.115286397304855
2019-09-30,3.1311699910687705
2019-10-01,3.092925499296443
2019-10-02,3.0375465327236686
2019-10-03,3.062523441296886
2019-10-04,3.1060732360821675
2019-10-07,3.0921748688941304
2019-10-08,3.0441332508912144
2019-10-09,3.0728103856713562
2019-10-10,3.092591914056636
2019-10-11,3.126714554341824
2019-10-14,3.122378964028264
2019-10-15,3.1534738920568035
2019-10-16,3.1473767375821557
2019-10-17,3.156313819487383
2019-10-18,3.1440258725760364
2019-10-21,3.165725198026478
2019-10-22,3.1545316447966045
2019-10-23,3.16362521405689
2019-10-24,3.1697065925705403
2019-10-25,3.182671888000855
2019-10-28,3.2004366378882603
2019-10-29,3.197810449284102
2019-10-30,3.208472454408745
2019-10-31,3.1989880484372892
2019-11-01,3.23018195789854
2019-11-04,3.2421884820217657
2019-11-05,3.2383582313621018
2019-11-06,3.240870171474518
2019-11-07,3.251235232301026
2019-11-08,3.2601565382452553
2019-11-11,3.2537469179624585
2019-11-12,3.2590102365630798
2019-11-13,3.261443805772475
2019-11-14,3.2650081551540318
2019-11-15,3.29070974012921
2019-11-18,3.292418887387628
2019-11-19,3.2906680101678614
2019-11-20,3.2789479978524336
2019-11-21,3.273955669549596
2019-11-22,3.2811210092543823
2019-11-25,3.306144991259609
2019-11-26,3.313492772319804
2019-11-27,3.327719126826004
2019-11-29,3.3151082816161708
2019-12-02,3.2866135881914387
2019-12-03,3.2649040847016435
2019-12-04,3.2858894206914453
2019-12-05,3.2917257629076624
2019-12-06,3.3219558120421473
2019-12-09,3.3117261191390397
2019-12-10,3.308203499718832
2019-12-11,3.317859660104376
2019-12-12,3.346786920201627
2019-12-13,3.3476103235853163
2019-12-16,3.3716335498711207
2019-12-17,3.3727854494749403
2019-12-18,3.3716180283611066
2019-12-19,3.386865749116419
2019-12-20,3.403796917580782
2019-12-23,3.4067411699147336
2019-12-24,3.406313946712875
2019-12-26,3.4240995615809546
2019-12-27,3.4242662269753668
2019-12-30,3.4049226087332665
2019-12-31,3.4151675686954044
2020-01-02,3.4442042427157045
2020-01-03,3.4202484459406164
2020-01-06,3.4323488624768768
2020-01-07,3.4230731063121658
2020-01-08,3.4399622903641958
2020-01-09,3.4637720322745627
2020-01-10,3.4538866115525835
2020-01-13,3.4779932977610857
2020-01-14,3.473058475380595
2020-01-15,3.4796192395477896
2020-01-16,3.508853876433513
2020-01-17,3.522486087892459
2020-01-21,3.5132103317277474
2020-01-22,3.514351544390246
2020-01-23,3.5186194507421065
2020-01-24,3.4868993366462853
2020-01-27,3.4320414856884045
2020-01-28,3.4666173031758025
2020-01-29,3.4636939158225255
2020-01-30,3.4750699104078087
2020-01-31,3.413828393167482
2020-02-03,3.4386490688366247
2020-02-04,3.490166741729707
2020-02-05,3.5295056271835077
2020-02-06,3.541835304056203
2020-02-07,3.5233980402185225
2020-02-10,3.5497510197123177
2020-02-11,3.5558792172069933
2020-02-12,3.5789803131273805
2020-02-13,3.574290272593339
2020-02-14,3.5814609557687853
2020-02-18,3.5712261738460014
2020-02-19,3.588647160454246
2020-02-20,3.5751241084673655
2020-02-21,3.5376455141563805
2020-02-24,3.4195293674602993
2020-02-25,3.316051531413246
2020-02-26,3.3035498456754784
2020-02-27,3.158309733004583
2020-02-28,3.132806365345812
2020-03-02,3.2771085716902926
2020-03-03,3.1850950247199132
2020-03-04,3.3196889082271634
2020-03-05,3.207768897438442
2020-03-06,3.1531662608173474
2020-03-09,2.9139431505611917
2020-03-10,3.0579636796665675
2020-03-11,2.9087421724516096
2020-03-12,2.6326605649320745
2020-03-13,2.8780434246049014
2020-03-16,2.5332577613911345
2020-03-17,2.6852202146039597
2020-03-18,2.5460561369760537
2020-03-19,2.5582242374740143
2020-03-20,2.4477268621359123
2020-03-23,2.376026646107027
2020-03-24,2.5992203621855303
2020-03-25,2.629210718493243
2020-03-26,2.793435164617064
2020-03-27,2.6993371551871106
2020-03-30,2.7902563084760166
2020-03-31,2.7458624997773553
2020-04-01,2.624671821843599
2020-04-02,2.6850326842288736
2020-04-03,2.6447452055073373
2020-04-06,2.8307885690440022
2020-04-07,2.82628096986537
2020-04-08,2.9232239957455795
2020-04-09,2.965950387147172
2020-04-13,2.936043490762157
2020-04-14,3.026170538138386
2020-04-15,2.9596916562977893
2020-04-16,2.9769251125309477
2020-04-17,3.0568120345137313
2020-04-20,3.0021470574015976
2020-04-21,2.9101388539018784
2020-04-22,2.976951066531299
2020-04-23,2.9755910260227023
2020-04-24,3.0170769688781003
2020-04-27,3.0615229400284476
2020-04-28,3.0454935458507952
2020-04-29,3.12655832143775
2020-04-30,3.0978656651475944
2020-05-01,3.011282102172248
2020-05-04,3.0240965081691487
2020-05-05,3.0514342129703844
2020-05-06,3.0303758495482223
2020-05-07,3.0663173054658617
2020-05-08,3.1186423513306516
2020-05-11,3.1192209728678915
2020-05-12,3.055655300341219
2020-05-13,3.0025119401124165
2020-05-14,3.0377549280794294
2020-05-15,3.050006234049104
2020-05-18,3.1464439202754177
2020-05-19,3.113743915440849
2020-05-20,3.1661732862090113
2020-05-21,3.1417696557023738
2020-05-22,3.149706236339163
2020-05-26,3.188466754706707
2020-05-27,3.23580481573932
2020-05-28,3.2293638979855115
2020-05-29,3.245409068124162
2020-06-01,3.257743834016534
2020-06-02,3.284591720673888
2020-06-03,3.3297567703045523
2020-06-04,3.3192667740449817
2020-06-05,3.406313946712875
2020-06-08,3.4473881878764283
2020-06-09,3.4207436075551585
2020-06-10,3.4025826774859227
2020-06-11,3.2024116864247856
2020-06-12,3.245205761788078
2020-06-15,3.272293341272204
2020-06-16,3.3343999918575684
2020-06-17,3.322393467734343
2020-06-18,3.3244883626842543
2020-06-19,3.3063223435953417
2020-06-22,3.327797497729025
2020-06-23,3.3421436986486106
2020-06-24,3.255753263969995
2020-06-25,3.2916008274745994
2020-06-26,3.211896092396241
2020-06-29,3.2594634137652894
2020-06-30,3.3099543769385984
2020-07-01,3.3266768955962167
2020-07-02,3.342519013849767
2020-07-06,3.39561530064656
2020-07-07,3.358897514777241
2020-07-08,3.385240061780699
2020-07-09,3.3670895642018
2020-07-10,3.40234298465915
2020-07-13,3.370492337208622
2020-07-14,3.4161212509828167
2020-07-15,3.447216179011356
2020-07-16,3.4355849700892866
2020-07-17,3.4455434182436266
2020-07-20,3.4745124083022265
2020-07-21,3.4803958239504533
2020-07-22,3.500484729124205
2020-07-23,3.4576229697992127
2020-07-24,3.43628852705959
2020-07-27,3.461713778266324
2020-07-28,3.439347536787251
2020-07-29,3.4820996277382106
2020-07-30,3.4695981964514266
2020-07-31,3.496586794502841
2020-08-03,3.521803650353814
2020-08-04,3.5345188204670195
2020-08-05,3.557249944656911
2020-08-06,3.5805123625010498
2020-08-07,3.583529642267362
2020-08-10,3.593399541479327
2020-08-11,3.5647799126215323
2020-08-12,3.615208280852818
2020-08-13,3.608704768156986
2020-08-14,3.6083503179365044
2020-08-17,3.6182204715994533
2020-08-18,3.6271209125630084
2020-08-19,3.6117480019236496
2020-08-20,3.6232751403933303
2020-08-21,3.6359643565061845
2020-08-24,3.6729114027119385
2020-08-25,3.686163464401035
2020-08-26,3.723772337615743
2020-08-27,3.7302394638208867
2020-08-28,3.7557323989893208
2020-08-31,3.7479207537855945
2020-09-01,3.776196619364229
2020-09-02,3.8346241631743267
2020-09-03,3.7006399442243443
2020-09-04,3.6705404284445664
2020-09-08,3.568818558636957
2020-09-09,3.6409096113770123
2020-09-10,3.5770574270425417
2020-09-11,3.579136800482439
2020-09-14,3.6258756294481214
2020-09-15,3.644854619430386
2020-09-16,3.628158054773119
2020-09-17,3.5976883128118615
2020-09-18,3.557510502464358
2020-09-21,3.5165298992628555
2020-09-22,3.553529107920296
2020-09-23,3.4694938715480546
2020-09-24,3.4800309412396344
2020-09-25,3.535743493052216
2020-09-28,3.592711760470022
2020-09-29,3.575874484418694
2020-09-30,3.6055103905059247
2020-10-01,3.624984542102732
2020-10-02,3.5902781912606265
2020-10-05,3.6551934718055588
2020-10-06,3.604259763920377
2020-10-07,3.6670333305343723
2020-10-08,3.69752368302532
2020-10-09,3.7301142739368403
2020-10-12,3.7913402696671525
2020-10-13,3.76743129187309
2020-10-14,3.74285030903072
2020-10-15,3.7372378836802773
2020-10-16,3.7378060727271802
2020-10-19,3.6767729508426146
2020-10-20,3.69421989145121
2020-10-21,3.686189418401386
2020-10-22,3.7057416864502306
2020-10-23,3.718582046447483
2020-10-26,3.6494820650224042
2020-10-27,3.638502250618952
2020-10-28,3.5101045030190607
2020-10-29,3.5523357328061107
2020-10-30,3.509630206385193
2020-11-02,3.5529090108726904
2020-11-03,3.6161774846502444
2020-11-04,3.6959081737289536
2020-11-05,3.7685361180449006
2020-11-06,3.767931542507309
2020-11-09,3.812361992147643
2020-11-10,3.807661519123264
2020-11-11,3.836791831105615
2020-11-12,3.7992923718139555
2020-11-13,3.8513622033419592
2020-11-16,3.8962720386358374
2020-11-17,3.878163271018287
2020-11-18,3.834024676656412
2020-11-19,3.8494080197861087
2020-11-20,3.8233000765897462
2020-11-23,3.845280824828309
2020-11-24,3.9074760243560482
2020-11-25,3.9014259433134097
2020-11-27,3.9111706526413283
2020-11-30,3.8938071719554306
2020-12-01,3.937815232962598
2020-12-02,3.945241130474831
2020-12-03,3.9435111182357385
2020-12-04,3.978597873298677
2020-12-07,3.9709009854886603
2020-12-08,3.9820685847181827
2020-12-09,3.9506087739788245
2020-12-10,3.945819752012071
2020-12-11,3.940915972651608
2020-12-14,3.9244540118014366
2020-12-15,3.975215710821546
2020-12-16,3.982271636603283
2020-12-17,4.005388508484668
2020-12-18,3.991615331180678
2020-12-21,3.976148528128284
2020-12-22,3.9682068584718184
2020-12-23,3.9712292272578074
2020-12-24,3.985695529041763
2020-12-28,4.020459131355231
2020-12-29,4.011511616959667
2020-12-30,4.01733243766587
2020-12-31,4.0435184973142695
2021-01-04,3.984069587255059
2021-01-05,4.012767332564891
2021-01-06,4.035743493052216
2021-01-07,4.096542011129686
2021-01-08,4.119564736147052
2021-01-11,4.092555527565947
2021-01-12,4.094259585804688
2021-01-13,4.103655188382786
2021-01-14,4.088725276906283
2021-01-15,4.059381226097511
2021-01-19,4.092565960056285
2021-01-20,4.1496019114357905
2021-01-21,4.151264239713183
2021-01-22,4.138804538387748
2021-01-25,4.153770836354939
2021-01-26,4.1476113413892515
2021-01-27,4.041116225575887
2021-01-28,4.080971137624903
2021-01-29,4.002694127016842
2021-02-01,4.066947835003804
2021-02-02,4.123520176690763
2021-02-03,4.127678669119574
2021-02-04,4.172895881201924
2021-02-05,4.189597534878868
2021-02-08,4.220687373887731
2021-02-09,4.21671132281433
2021-02-10,4.215361460345086
2021-02-11,4.223219924529838
2021-02-12,4.243335038154925
2021-02-16,4.241443449541098
2021-02-17,4.240776279061483
2021-02-18,4.222203901751386
2021-02-19,4.214616427864418
2021-02-22,4.18237494370272
2021-02-23,4.187716378755378
2021-02-24,4.235304565105101
2021-02-25,4.132217565769218
2021-02-26,4.113066566921881
2021-03-01,4.211020526560866
2021-03-02,4.177023076159724
2021-03-03,4.122655043345725
2021-03-04,4.068063093665952
2021-03-05,4.147548746447228
2021-03-08,4.125364946323565
2021-03-09,4.184141596883484
2021-03-10,4.209597891110246
2021-03-11,4.253647936529746
2021-03-12,4.2590257580730935
2021-03-15,4.286863967959532
2021-03-16,4.280250786889668
2021-03-17,4.292611506782391
2021-03-18,4.229462879418223
2021-03-19,4.227357551977975
2021-03-22,4.257066485497567
2021-03-23,4.224595740999432
2021-03-24,4.201755202886492
2021-03-25,4.223907705539143
2021-03-26,4.294190629588069
2021-03-29,4.2904700473024375
2021-03-30,4.277368875046755
2021-03-31,4.293200815260952
2021-04-01,4.343972946771399
2021-04-05,4.4072834049612855
2021-04-06,4.403187253023514
2021-04-07,4.4097739711910595
2021-04-08,4.429404355691942
2021-04-09,4.463652440312161
2021-04-12,4.462849901909146
2021-04-13,4.47755564206889
2021-04-14,4.459790892181485
2021-04-15,4.50936455955807
2021-04-16,4.525633646562494
2021-04-19,4.501615509296367
2021-04-20,4.471146021786093
2021-04-21,4.512756900074554
2021-04-22,4.471552634458261
2021-04-23,4.520573634297957
2021-04-26,4.5286300613481325
2021-04-27,4.5276870660020405
2021-04-28,4.523893201833065
2021-04-29,4.554732661073834
2021-04-30,4.522324765968707
2021-05-03,4.534758258842808
2021-05-04,4.504476556158604
2021-05-05,4.507670933809665
2021-05-06,4.545191258081999
2021-05-07,4.579470385722247
2021-05-10,4.5317725309984915
2021-05-11,4.492527537957725
2021-05-12,4.396777632740717
2021-05-13,4.451051518690697
2021-05-14,4.517806734299739
2021-05-17,4.5063839207334295
2021-05-18,4.468556219672624
2021-05-19,4.456033668954181
2021-05-20,4.5034709658704895
2021-05-21,4.500119846413386
2021-05-24,4.5451703931013245
2021-05-25,4.5355765732068205
2021-05-26,4.544149026852212
2021-05-27,4.5498446576743685
2021-05-28,4.553909257690145
2021-06-01,4.551809528171541
2021-06-02,4.558875631992631
2021-06-03,4.543070154680753
2021-06-04,4.583253562949901
2021-06-07,4.579710078549018
2021-06-08,4.580606254914085
2021-06-09,4.572429726999539
2021-06-10,4.593925746113897
2021-06-11,4.602983183334478
2021-06-14,4.612482856364964
2021-06-15,4.603368422124004
2021-06-16,4.578615430416562
2021-06-17,4.5767396177637325
2021-06-18,4.5169049600130275
2021-06-21,4.580355875145991
2021-06-22,4.603826942796874
2021-06-23,4.598850390455035
2021-06-24,4.625974356429849
2021-06-25,4.641467367933578
2021-06-28,4.652207743961242
2021-06-29,4.653911547748999
2021-06-30,4.6602224410500686
2021-07-01,4.684871107854138
2021-07-02,4.720609257435694
2021-07-06,4.711281084368313
2021-07-07,4.727112515680542
2021-07-08,4.687570323890657
2021-07-09,4.740505288763699
2021-07-12,4.7568578356908215
2021-07-13,4.740146003974524
2021-07-14,4.746242649547204
2021-07-15,4.730859560868492
2021-07-16,4.695194184268313
2021-07-19,4.620768798202558
2021-07-20,4.690962664407142
2021-07-21,4.729629544812635
2021-07-22,4.739520563456258
2021-07-23,4.787822484815638
2021-07-26,4.799281939323619
2021-07-27,4.7766861830571266
2021-07-28,4.775826647633733
2021-07-29,4.796478398383727
2021-07-30,4.77092286827327
2021-08-02,4.762142273723101
2021-08-03,4.8012203469184715
2021-08-04,4.779026114304471
2021-08-05,4.808068131795432
2021-08-06,4.816687404421849
2021-08-09,4.812528657542054
2021-08-10,4.817307247018471
2021-08-11,4.829387053025041
2021-08-12,4.844916196568474
2021-08-13,4.852894252715628
2021-08-16,4.865750134222894
2021-08-17,4.831695432350389
2021-08-18,4.780678010091526
2021-08-19,4.7870046793535925
2021-08-20,4.826213031452686
2021-08-23,4.867787777701443
2021-08-24,4.875094083251273
2021-08-25,4.885980005241691
2021-08-26,4.85770439411404
2021-08-27,4.90064961336173
2021-08-30,4.92206217255339
2021-08-31,4.915985883059417
2021-09-01,4.917846428653216
2021-09-02,4.932604076813663
2021-09-03,4.931077370910654
2021-09-07,4.914474444215439
2021-09-08,4.908164059816337
2021-09-09,4.885974916222014
2021-09-10,4.8484754569303545
2021-09-13,4.859554252766518
2021-09-14,4.832821123502874
2021-09-15,4.873905797156764
2021-09-16,4.866495675605529
2021-09-17,4.822179983358906
2021-09-20,4.740338368918303
2021-09-21,4.736706335575047
2021-09-22,4.7817986122243346
2021-09-23,4.840017506227688
2021-09-24,4.847151802912446
2021-09-27,4.833800759790638
2021-09-28,4.735622374383911
2021-09-29,4.743517479510334
2021-09-30,4.687346407024883
2021-10-01,4.7412401432050135
2021-10-04,4.679951552532678
2021-10-05,4.729744556657328
2021-10-06,4.749161202331789
2021-10-07,4.789672852370083
2021-10-08,4.780579283109798
2021-10-11,4.74775917741086
2021-10-12,4.736279366824172
2021-10-13,4.750692997254474
2021-10-14,4.83228932094666
2021-10-15,4.868340445238331
2021-10-18,4.884770854166508
2021-10-19,4.92095734638158
2021-10-20,4.939040159998779
2021-10-21,4.954199331811717
2021-10-22,4.9489622216624305
2021-10-25,4.972480108294339
2021-10-26,4.981547214652306
2021-10-27,4.956471070195393
2021-10-28,5.005435581916678
2021-10-29,5.015747971389532
2021-11-01,5.0248262735907865
2021-11-02,5.043330966939184
2021-11-03,5.075910870909382
2021-11-04,5.097803324656555
2021-11-05,5.117345160215062
2021-11-08,5.121946142904761
2021-11-09,5.1043900428241
2021-11-10,5.063534375055661
2021-11-11,5.066327737956199
2021-11-12,5.103399719595016
2021-11-15,5.103561550420735
2021-11-16,5.123561906652112
2021-11-17,5.11124240781877
2021-11-18,5.129002068686499
2021-11-19,5.1219410538850845
2021-11-22,5.106041938611155
2021-11-23,5.114567573275522
2021-11-24,5.126526769515754
2021-11-26,5.0101358004900725
2021-11-29,5.076593817349995
2021-11-30,4.980995056017384
2021-12-01,4.922567512207286
2021-12-02,4.9932204079867075
2021-12-03,4.951265511968102
2021-12-06,5.009494584010809
2021-12-07,5.113290738238639
2021-12-08,5.129174077551571
2021-12-09,5.092962140238115
2021-12-10,5.141649809288988
2021-12-13,5.094786044890243
2021-12-14,5.057458085561688
2021-12-15,5.140242695348381
2021-12-16,5.095515301409913
2021-12-17,5.043372696900533
2021-12-20,4.985987384320222
2021-12-21,5.075004516504963
2021-12-22,5.12720462693669
2021-12-23,5.159200820349972
2021-12-27,5.230786533436132
2021-12-28,5.225502604305819
2021-12-29,5.232839952875678
2021-12-30,5.217675183141096
2021-12-31,5.20422541303756
2022-01-03,5.237425668506347
2022-01-04,5.234476072701735
2022-01-05,5.13335368941204
2022-01-06,5.128778151820724
2022-01-07,5.108939117513098
2022-01-10,5.101575814942889
2022-01-11,5.148304211418234
2022-01-12,5.1628903596155755
2022-01-13,5.089918397569484
2022-01-14,5.094181469352651
2022-01-18,5.000588799576594
2022-01-19,4.952234461314545
2022-01-20,4.897944799403567
2022-01-21,4.805353139797915
2022-01-24,4.818672630997728
2022-01-25,4.760042035302529
2022-01-26,4.752965244540118
2022-01-27,4.727686048198105
2022-01-28,4.84335793874347
2022-01-31,4.934923143080333
2022-02-01,4.968811434009409
2022-02-02,5.0156802874278315
2022-02-03,4.893572822599318
2022-02-04,4.919633692363671
2022-02-07,4.901530013765798
2022-02-08,4.942755653264733
2022-02-09,5.015133217812586
2022-02-10,4.924917621493983
2022-02-11,4.831679656389391
2022-02-14,4.813472161790114
2022-02-15,4.889925013295064
2022-02-16,4.8948857896759055
2022-02-17,4.791840265850388
2022-02-18,4.758207443709081
2022-02-22,4.710009847253074
2022-02-23,4.623311781335002
2022-02-24,4.692838985961939
2022-02-25,4.798354211036557
2022-02-28,4.787160912257667
2022-03-01,4.713214402943489
2022-03-02,4.801241211899145
2022-03-03,4.7766134100757505
2022-03-04,4.739046266822391
2022-03-07,4.59922036218553
2022-03-08,4.566072523619413
2022-03-09,4.68412607537347
2022-03-10,4.664453960911239
2022-03-11,4.604265107391038
2022-03-14,4.571095894942278
2022-03-15,4.669060541522584
2022-03-16,4.773684679251812
2022-03-17,4.8329147614649255
2022-03-18,4.889330615796826
2022-03-21,4.887459892163673
2022-03-22,4.9427088342837076
2022-03-23,4.882322017898082
2022-03-24,4.952782039831757
2022-03-25,4.977905003269695
2022-03-28,5.013476233005855
2022-03-29,5.074936323641295
2022-03-30,5.04351315384361
2022-03-31,4.964908155917385
2022-04-01,4.981839324381748
2022-04-04,5.022184054574647
2022-04-05,4.959947379536543
2022-04-06,4.911770139159243
2022-04-07,4.933276336312955
2022-04-08,4.9202901759019655
2022-04-11,4.837245517209793
2022-04-12,4.820877194321672
2022-04-13,4.875667106866869
2022-04-14,4.816452800614754
2022-04-18,4.815468075307313
2022-04-19,4.892863922158355
2022-04-20,4.8899092373340665
2022-04-21,4.818162202324156
2022-04-22,4.684573909105019
2022-04-25,4.711333501270983
2022-04-26,4.57876657430096
2022-04-27,4.588422989137488
2022-04-28,4.7022450210303735
2022-04-29,4.531960315824561
2022-05-02,4.557703121859121
2022-05-03,4.579751808510368
2022-05-04,4.716565522400592
2022-05-05,4.548927616328629
2022-05-06,4.523788876929693
2022-05-09,4.3791950697577375
2022-05-10,4.389982264766426
2022-05-11,4.317870347045697
2022-05-12,4.3138159250692745
2022-05-13,4.417273150586637
2022-05-16,4.400065648353829
2022-05-17,4.489051228616575
2022-05-18,4.3087508237850605
2022-05-19,4.2840756940786715
2022-05-20,4.284773907578313
2022-05-23,4.364796706386465
2022-05-24,4.329412752574408
2022-05-25,4.370398699246571
2022-05-26,4.457456049953817
2022-05-27,4.5685320468291595
2022-05-31,4.540271702760538
2022-06-01,4.506753892463925
2022-06-02,4.5906010895591125
2022-06-03,4.515883593763915
2022-06-06,4.5300890832894405
2022-06-07,4.573357455286601
2022-06-08,4.524158848660188
2022-06-09,4.416929132856493
2022-06-10,4.288484311824591
2022-06-13,4.122248685124541
2022-06-14,4.108131490090407
2022-06-15,4.168205840667883
2022-06-16,4.033117049997074
2022-06-17,4.042080085902652
2022-06-21,4.141248540087481
2022-06-22,4.1359226265448354
2022-06-23,4.175532756747404
2022-06-24,4.303226692926009
2022-06-27,4.290563685264489
2022-06-28,4.204131520624524
2022-06-29,4.201609402472755
2022-06-30,4.1655012811607035
2022-07-01,4.209514685638532
2022-07-05,4.216945672170441
2022-07-06,4.2320893224733656
2022-07-07,4.295915807258469
2022-07-08,4.292689877685412
2022-07-11,4.243277786683562
2022-07-12,4.204131520624524
2022-07-13,4.185475428940746
2022-07-14,4.173463815797843
2022-07-15,4.2536062065683975
2022-07-18,4.218029633361577
2022-07-19,4.334744009587713
2022-07-20,4.36036722365987
2022-07-21,4.40376027663911
2022-07-22,4.362712243926891
2022-07-25,4.3684496047103965
2022-07-26,4.318063220891443
2022-07-27,4.431056251478997
2022-07-28,4.4853672872726165
2022-07-29,4.549579010847245
2022-08-01,4.536764859301329
2022-08-02,4.506561018618179
2022-08-03,4.577104500474551
2022-08-04,4.573951852784838
2022-08-05,4.567098978888202
2022-08-08,4.561528029048124
2022-08-09,4.5424345361231335
2022-08-10,4.639346264532332
2022-08-11,4.6373243970147815
2022-08-12,4.718253550227352
2022-08-15,4.737128724208212
2022-08-16,4.746253336488525
2022-08-17,4.712755882270619
2022-08-18,4.724168517797574
2022-08-19,4.663369999720104
2022-08-22,4.564055745121538
2022-08-23,4.553904168670468
2022-08-24,4.567276076772951
2022-08-25,4.63174326913535
2022-08-26,4.475836062320135
2022-08-29,4.446210334272258
2022-08-30,4.397533352162706
2022-08-31,4.3640409869644765
2022-09-01,4.377871415739829
2022-09-02,4.331210703226184
2022-09-06,4.313695824204904
2022-09-07,4.392936949590716
2022-09-08,4.4225153497556
2022-09-09,4.490443075498152
2022-09-12,4.53796332343519
2022-09-13,4.341883395292148
2022-09-14,4.3577774215464
2022-09-15,4.3088963697478135
2022-09-16,4.278020269565372
2022-09-19,4.3074012157668005
2022-09-20,4.258890390149694
2022-09-21,4.186272878324084
2022-09-22,4.151186123261145
2022-09-23,4.079746465039707
2022-09-26,4.037567397704343
2022-09-27,4.029260845337059
2022-09-28,4.108762019628349
2022-09-29,4.022538250344145
2022-09-30,3.962115047467831
2022-10-03,4.064701796169495
2022-10-04,4.189378707032771
2022-10-05,4.1813327124729325
2022-10-06,4.139549570868415
2022-10-07,4.0237629229293415
2022-10-10,3.9936112446978775
2022-10-11,3.9676440128955757
2022-10-12,3.954694238975275
2022-10-13,4.057906428195205
2022-10-14,3.9620369310157937
2022-10-17,4.066958267494141
2022-10-18,4.113519998575074
2022-10-19,4.086062447360453
2022-10-20,4.054034447574192
2022-10-21,4.150295035915756
2022-10-24,4.199608145484895
2022-10-25,4.267947318468307
2022-10-26,4.236471986218935
2022-10-27,4.210780833734094
2022-10-28,4.314894797240734
2022-10-31,4.282893005905807
2022-11-01,4.2653676943941905
2022-11-02,4.158747643147763
2022-11-03,4.115255099833844
2022-11-04,4.172176802721608
2022-11-07,4.212375478049786
2022-11-08,4.23599260056539
2022-11-09,4.1488724004651365
2022-11-10,4.379184891718384
2022-11-11,4.419649213873686
2022-11-14,4.381149253313588
2022-11-15,4.419654302893362
2022-11-16,4.384192487080251
2022-11-17,4.371555433419084
2022-11-18,4.3924886069571984
2022-11-21,4.375927919125299
2022-11-22,4.435465378126884
2022-11-23,4.461932351661438
2022-11-25,4.4607964824696
2022-11-28,4.391936448322277
2022-11-29,4.3853283562720895
2022-11-30,4.52224130604601
2022-12-01,4.519062704355947
2022-12-02,4.5140235570720835
2022-12-05,4.433307633783966
2022-12-06,4.3696378908049045
2022-12-07,4.361602328735404
2022-12-08,4.395037188011288
2022-12-09,4.362915295811991
2022-12-12,4.425241028694438
2022-12-13,4.457674877799915
2022-12-14,4.431551413093539
2022-12-15,4.321424009485932
2022-12-16,4.273617249741096
2022-12-19,4.235403546537813
2022-12-20,4.239952875677794
2022-12-21,4.303596664656504
2022-12-22,4.241396376109088
2022-12-23,4.266404836604301
2022-12-27,4.249473668139938
2022-12-28,4.198430546331707
2022-12-29,4.272293595723188
2022-12-30,4.261693931089584
2023-01-03,4.244799403566894
2023-01-04,4.277014679277258
2023-01-05,4.227889100083205
2023-01-06,4.324535436116264
2023-01-09,4.322028585023524
2023-01-10,4.352190695745325
2023-01-11,4.4082106243463794
2023-01-12,4.423792184792482
2023-01-13,4.441635305582909
2023-01-17,4.432625196245321
2023-01-18,4.363645061233629
2023-01-19,4.330861596476363
2023-01-20,4.412885397821391
2023-01-23,4.465319603158246
2023-01-24,4.462245326371554
2023-01-25,4.461479428910212
2023-01-26,4.510912130441753
2023-01-27,4.522246395065687
2023-01-30,4.464022412042656
2023-01-31,4.529474329712496
2023-02-01,4.57683834474546
2023-02-02,4.64436454683552
2023-02-03,4.596484505207339
2023-02-06,4.568568687770831
2023-02-07,4.627459841273477
2023-02-08,4.576327916071888
2023-02-09,4.536613715416931
2023-02-10,4.547499637407348
2023-02-13,4.600262593415318
2023-02-14,4.5995333368956475
2023-02-15,4.61344671669173
2023-02-16,4.5502512703465365
2023-02-17,4.538505304030758
2023-02-21,4.447581316173159
2023-02-22,4.440660758314822
2023-02-23,4.464694671541947
2023-02-24,4.417841085182556
2023-02-27,4.4319631147853835
2023-02-28,4.41895608939372
2023-03-01,4.398346068605075
2023-03-02,4.432374816477228
2023-03-03,4.50432032325453
2023-03-06,4.507587473886968
2023-03-07,4.438623114836274
2023-03-08,4.44528820390684
2023-03-09,4.3639524380221015
2023-03-10,4.30110609842673
2023-03-13,4.29471683422264
2023-03-14,4.3665111971155435
2023-03-15,4.336182166548347
2023-03-16,4.412979035783442
2023-03-17,4.36445268865632
2023-03-20,4.403416767810933
2023-03-21,4.460910985412325
2023-03-22,4.387803655442834
2023-03-23,4.401274799429012
2023-03-24,4.426121429098505
2023-03-27,4.433411958687338
2023-03-28,4.426538219810027
2023-03-29,4.4895621661921155
2023-03-30,4.515831685763213
2023-03-31,4.581195054490678
2023-04-03,4.598147087935716
2023-04-04,4.571908611384646
2023-04-05,4.561085284336252
2023-04-06,4.578365559550436
2023-04-10,4.583029646084126
2023-04-11,4.582841861258056
2023-04-12,4.563988061159838
2023-04-13,4.6252400108905025
2023-04-14,4.615682323035702
2023-04-17,4.63102927967471
2023-04-18,4.634984465767437
2023-04-19,4.634593629056266
2023-04-20,4.607506304023125
2023-04-21,4.611748001923649
2023-04-24,4.615677234016025
2023-04-25,4.542893056796004
2023-04-26,4.525467235619066
2023-04-27,4.614124574112666
2023-04-28,4.652702396673817
2023-05-01,4.650915132963362
2023-05-02,4.597068215764256
2023-05-03,4.564946832466927
2023-05-04,4.532496698498485
2023-05-05,4.616490459360361
2023-05-08,4.6186527838209885
2023-05-09,4.597829024205922
2023-05-10,4.618569323898291
2023-05-11,4.611711869883945
2023-05-12,4.6054528845835785
2023-05-15,4.619705701992097
2023-05-16,4.59048149759671
2023-05-17,4.64596962364155
2023-05-18,4.690691928560342
2023-05-19,4.684026839489775
2023-05-22,4.685292987585337
2023-05-23,4.632801276326135
2023-05-24,4.598980669358758
2023-05-25,4.639408859474355
2023-05-26,4.700275061513525
2023-05-30,4.700665898224695
2023-05-31,4.6729271786729365
2023-06-01,4.7198326730330304
2023-06-02,4.78870848314135
2023-06-05,4.779198123169543
2023-06-06,4.79056902873515
2023-06-07,4.772449574176279
2023-06-08,4.80252873387735
2023-06-09,4.808177545718481
2023-06-12,4.853003666638677
2023-06-13,4.886840049567052
2023-06-14,4.89199369979364
2023-06-15,4.952438022101613
2023-06-16,4.9343445215430926
2023-06-20,4.911003732795933
2023-06-21,4.885568303549846
2023-06-22,4.904130502820589
2023-06-23,4.866615267567932
2023-06-26,4.844874466607125
2023-06-27,4.9003732795932855
2023-06-28,4.898643012903209
2023-06-29,4.921134444266329
2023-06-30,4.981693269517026
2023-07-03,4.987779737050353
2023-07-05,4.978577262768987
2023-07-06,4.939514456632646
2023-07-07,4.926157815589194
2023-07-10,4.93803965873034
2023-07-11,4.971417012083878
2023-07-12,5.0083744907799685
2023-07-13,5.051329888067012
2023-07-14,5.0463222927051445
2023-07-17,5.065780668340954
2023-07-18,5.1018261947109815
2023-07-19,5.113947221776933
2023-07-20,5.079886921982784
2023-07-21,5.081533728750162
2023-07-24,5.102117795538456
2023-07-25,5.116568575812399
2023-07-26,5.115849497332081
2023-07-27,5.083336768421615
2023-07-28,5.134036126950685
2023-07-31,5.141727671290041
2023-08-01,5.128147622282782
2023-08-02,5.0572341686959135
2023-08-03,5.044586936995392
2023-08-04,5.018223270560275
2023-08-07,5.063633610939356
2023-08-08,5.042314689709748
2023-08-09,5.007259486568805
2023-08-10,5.009151075182632
2023-08-11,5.004507853629616
2023-08-14,5.033591092179958
2023-08-15,4.976221555560644
2023-08-16,4.939415220748951
2023-08-17,4.902275046246467
2023-08-18,4.901874031495943
2023-08-21,4.935689040541675
2023-08-22,4.922051485612069
2023-08-23,4.976513665290087
2023-08-24,4.909674989758348
2023-08-25,4.9432452169576315
2023-08-28,4.974278058946115
2023-08-29,5.046598117571621
2023-08-30,5.066786258629069
2023-08-31,5.059865700770732
2023-09-01,5.069224916858141
2023-09-05,5.048182329396977
2023-09-06,5.013122037236357
2023-09-07,4.997707396635649
2023-09-08,5.005195380187938
2023-09-11,5.038854665231563
2023-09-12,5.010349539316493
2023-09-13,5.01661310473457
2023-09-14,5.060314043404249
2023-09-15,4.998989320692209
2023-09-18,5.002673262036168
2023-09-19,4.991906932008153
2023-09-20,4.945345455378203
2023-09-21,4.864400526204634
2023-09-22,4.853305954407473
2023-09-25,4.87290020686865
2023-09-26,4.801413220764218
2023-09-27,4.802611684898079
2023-09-28,4.831549377485668
2023-09-29,4.818620722997025
2023-10-02,4.819021737747549
2023-10-03,4.753168296425218
2023-10-04,4.791730851927339
2023-10-05,4.786347686913332
2023-10-06,4.843676002473264
2023-10-09,4.87420808492556
2023-10-10,4.899690333152673
2023-10-11,4.920962435401257
2023-10-12,4.89075350569843
2023-10-13,4.866224430856762
2023-10-16,4.9179293796739465
2023-10-17,4.917434726961372
2023-10-18,4.851544644697369
2023-10-19,4.810798899753946
2023-10-20,4.750406485446676
2023-10-23,4.742407564318848
2023-10-24,4.776962516825571
2023-10-25,4.708488230369743
2023-10-26,4.652848451538538
2023-10-27,4.630602310923835
2023-10-30,4.686632417564242
2023-10-31,4.717299867939939
2023-11-01,4.766879133238168
2023-11-02,4.857089131635128
2023-11-03,4.902947305745758
2023-11-06,4.911691768256222
2023-11-07,4.925730846838319
2023-11-08,4.930926227026257
2023-11-09,4.892019653793992
2023-11-10,4.9691656297789075
2023-11-13,4.965319857609229
2023-11-14,5.061079940865591
2023-11-15,5.070095139222856
2023-11-16,5.07734393885034
2023-11-17,5.083962208939881
2023-11-20,5.12205555682781
2023-11-21,5.111826118375687
2023-11-22,5.132853438777821
2023-11-24,5.136032040467884
2023-11-27,5.126084024803882
2023-11-28,5.131128261107421
2023-11-29,5.127162896975341
2023-11-30,5.1481113375724865
2023-12-01,5.178789474889505
2023-12-04,5.150795286549975
2023-12-05,5.148085383572136
2023-12-06,5.128116579262754
2023-12-07,5.169800230532592
2023-12-08,5.191093197761849
2023-12-11,5.211489479724073
2023-12-12,5.23566944781592
2023-12-13,5.307239384941082
2023-12-14,5.322513568598713
2023-12-15,5.322404154675664
2023-12-18,5.346567837904545
2023-12-19,5.378361488334694
2023-12-20,5.300011450294273
2023-12-21,5.354619175935044
2023-12-22,5.363514782329906
2023-12-26,5.386240817500121
2023-12-27,5.394380195571026
2023-12-28,5.3969806846258175
2023-12-29,5.381993521677952
2024-01-02,5.35169604303275
2024-01-03,5.309016470612184
2024-01-04,5.291512278532225
2024-01-05,5.301178871408107
2024-01-08,5.376099419088404
2024-01-09,5.368913723304911
2024-01-10,5.399419342854889
2024-01-11,5.3959908702987
2024-01-12,5.400503304046025
2024-01-16,5.380430174833271
2024-01-17,5.350319972112172
2024-01-18,5.39786668295153
2024-01-19,5.464647852560922
2024-01-22,5.476633511703473
2024-01-23,5.492756543843177
2024-01-24,5.49726948649247
2024-01-25,5.5264987799075325
2024-01-26,5.522903387505948
2024-01-29,5.564733093640506
2024-01-30,5.561841003758241
2024-01-31,5.47243303486233
2024-02-01,5.541095106144228
2024-02-02,5.600559792164437
2024-02-05,5.58276908827668
2024-02-06,5.595828021669046
2024-02-07,5.642019526568499
2024-02-08,5.64595435658252
2024-02-09,5.678914919224535
2024-02-12,5.673599438172228
2024-02-13,5.596682468072763
2024-02-14,5.651352788655557
2024-02-15,5.685532680412109
2024-02-16,5.659122703897935
2024-02-20,5.62533873787223
2024-02-21,5.63270204044244
2024-02-22,5.751980519232678
2024-02-23,5.7541067116536
2024-02-26,5.732532321636222
2024-02-27,5.742402475299171
2024-02-28,5.733418319961934
2024-02-29,5.76463843787452
2024-03-01,5.811137319562446
2024-03-04,5.804409635549856
2024-03-05,5.745383114123811
2024-03-06,5.775342172960512
2024-03-07,5.835655707462793
2024-03-08,5.797968972247031
2024-03-11,5.791475892041537
2024-03-12,5.856536973000206
2024-03-13,5.845510085164745
2024-03-14,5.8301631285257365
2024-03-15,5.792559853232673
2024-03-18,5.829220133179645
2024-03-19,5.862149652801633
2024-03-20,5.915125838734055
2024-03-21,5.934407116485116
2024-03-22,5.9263822413569365
2024-03-25,5.908273473739386
2024-03-26,5.891738231005871
2024-03-27,5.943297633860301
2024-03-28,5.950113866815266
2024-04-01,5.938154161673066
2024-04-02,5.895329043289746
2024-04-03,5.9020409513413385
2024-04-04,5.829975852601634
2024-04-05,5.8947036027714805
2024-04-08,5.892598275331231
2024-04-09,5.901962580438317
2024-04-10,5.84625562654738
2024-04-11,5.889925013295064
2024-04-12,5.804904797164398
2024-04-15,5.735195405633036
2024-04-16,5.723407709355908
2024-04-17,5.69031686781017
2024-04-18,5.678112380821521
2024-04-19,5.6286532163876615
2024-04-22,5.677799406111403
2024-04-23,5.745851812836034
2024-04-24,5.747102693872566
2024-04-25,5.72091154520449
2024-04-26,5.779411861995964
2024-04-29,5.79807838617008
2024-04-30,5.707081116429137
2024-05-01,5.687513326870278
2024-05-02,5.739520563456258
2024-05-03,5.811877263023438
2024-05-06,5.8720508494846095
2024-05-07,5.880247733477861
2024-05-08,5.880221779477511
2024-05-09,5.9113009315450515
2024-05-10,5.921978712630692
2024-05-13,5.92063419363211
2024-05-14,5.950160685796291
2024-05-15,6.020990679460462
2024-05-16,6.0096930557782
2024-05-17,6.016946944425361
2024-05-20,6.022970817016664
2024-05-21,6.038192583771625
2024-05-22,6.021928585786877
2024-05-23,5.977707040404272
2024-05-24,6.019698068462581
2024-05-28,6.021204418286883
2024-05-29,5.97691468004061
2024-05-30,5.941812149016674
2024-05-31,5.990067760296995
2024-06-03,5.997462105887233
2024-06-04,6.006800456993967
2024-06-05,6.0780579283109795
2024-06-06,6.076922059119141
2024-06-07,6.071252382297336
2024-06-10,6.087432920359387
2024-06-11,6.103983430151933
2024-06-12,6.156027307679585
2024-06-13,6.170540173993583
2024-06-14,6.169628221667519
2024-06-17,6.21768078106274
2024-06-18,6.2335483444146735
2024-06-20,6.217847192006168
2024-06-21,6.208456932898731
2024-06-24,6.189832138685964
2024-06-25,6.214173428701562
2024-06-26,6.223960122441813
2024-06-27,6.229676618244644
2024-06-28,6.205001997440223
2024-07-01,6.221797289079218
2024-07-02,6.2603705315226605
2024-07-03,6.29238250089694
2024-07-05,6.327667218825302
2024-07-08,6.334300755973873
2024-07-09,6.339147538313957
2024-07-10,6.404620320964471
2024-07-11,6.348735760286817
2024-07-12,6.383765518329376
2024-07-15,6.4024523985821995
2024-07-16,6.443365063371018
2024-07-17,6.353697045569627
2024-07-18,6.304065872270695
2024-07-19,6.259437714215922
2024-07-22,6.327255517133457
2024-07-23,6.317396050411829
2024-07-24,6.1712388963951925
2024-07-25,6.139560257809737
2024-07-26,6.208071185207237
2024-07-29,6.213203970453152
2024-07-30,6.182411330193408
2024-07-31,6.280532209677789
2024-08-01,6.194782737027452
2024-08-02,6.080991748154594
2024-08-05,5.899007895614028
2024-08-06,5.960166207382641
2024-08-07,5.9142663033106615
2024-08-08,6.0505899446060205
2024-08-09,6.079590232135633
2024-08-12,6.080684371366122
2024-08-13,6.183187914596072
2024-08-14,6.20701826703613
2024-08-15,6.308979829670512
2024-08-16,6.322425019656339
2024-08-19,6.384573145752068
2024-08-20,6.372097414014651
2024-08-21,6.399393388854538
2024-08-22,6.342347004984695
2024-08-23,6.4152614611084395
2024-08-26,6.395172555934687
2024-08-27,6.405886469060032
2024-08-28,6.367631799248352
2024-08-29,6.367709661249405
2024-08-30,6.432875067111447
2024-09-03,6.297458289122475
2024-09-04,6.287619687381521
2024-09-05,6.268874792304384
2024-09-06,6.161447113635265
2024-09-09,6.233449617432946
2024-09-10,6.261501311694822
2024-09-11,6.3283496563639465
2024-09-12,6.375880591242306
2024-09-13,6.411420777958438
2024-09-16,6.42077490502617
2024-09-17,6.422619674658972
2024-09-18,6.404125159349928
2024-09-19,6.513210331727747
2024-09-20,6.50062569496925
2024-09-23,6.518953290432897
2024-09-24,6.535357745360723
2024-09-25,6.523231629275094
2024-09-26,6.549969847558415
2024-09-27,6.541970926430587
2024-09-30,6.570262313519235
2024-10-01,6.509187461673321
2024-10-02,6.510479563769233
2024-10-03,6.499557000837144
2024-10-04,6.559235425683774
2024-10-07,6.496440994089103
2024-10-08,6.559412523568523
2024-10-09,6.606266109927914
2024-10-10,6.593592415325074
2024-10-11,6.63355139782648
2024-10-14,6.684678234008392
2024-10-15,6.634374801210169
2024-10-16,6.66550637018038
2024-10-17,6.6644330959305655
2024-10-18,6.6912807281369355
2024-10-21,6.67934188797541
2024-10-22,6.676199927227018
2024-10-23,6.614947977496355
2024-10-24,6.629137691060882
2024-10-25,6.627204372485706
2024-10-28,6.6448597084500625
2024-10-29,6.655584308516729
2024-10-30,6.6336613206514965
2024-10-31,6.5106831245563015
2024-11-01,6.537604038646015
2024-11-04,6.519537000989814
2024-11-05,6.599575066856996
2024-11-06,6.766545802449345
2024-11-07,6.816989692190645
2024-11-08,6.8440561522431125
2024-11-11,6.850690198293652
2024-11-12,6.8312786416388676
2024-11-13,6.833165141233018
2024-11-14,6.792632626214049
2024-11-15,6.703850097836403
2024-11-18,6.73114607267629
2024-11-19,6.75791075386193
2024-11-20,6.758270038651104
2024-11-21,6.795389348172915
2024-11-22,6.819246163515292
2024-11-25,6.839882138304287
2024-11-26,6.879492014055872
2024-11-27,6.8537542970409895
2024-11-29,6.892863922158355
2024-12-02,6.910555899064383
2024-12-03,6.913812871657468
2024-12-04,6.955788632656748
2024-12-05,6.943209084917926
2024-12-06,6.961322941555154
2024-12-09,6.919524278440623
2024-12-10,6.899159039498426
2024-12-11,6.955595758811001
2024-12-12,6.917934977595591
2024-12-13,6.9186225041539124
2024-12-16,6.945835527973069
2024-12-17,6.919138530749129
2024-12-18,6.715205227441012
2024-12-19,6.70941036073516
2024-12-20,6.782663745569372
2024-12-23,6.832503059773081
2024-12-24,6.907945231970239
2024-12-26,6.905698938684947
2024-12-27,6.829944300679639
2024-12-30,6.75689956565217
2024-12-31,6.728551181543144
2025-01-02,6.713834754442078
2025-01-03,6.798932832573797
2025-01-06,6.8371096403844245
2025-01-07,6.761261364417066
2025-01-08,6.771965099503057
2025-01-10,6.668919575677539
2025-01-13,6.679430436917785
2025-01-14,6.68710671419811
2025-01-15,6.810230456256059
2025-01-16,6.795967969710155
2025-01-17,6.864004600473788
2025-01-21,6.924365462859062
2025-01-22,6.966982440337605
2025-01-23,7.004111927898769
2025-01-24,6.984778233245039
2025-01-27,6.882994277397374
2025-01-28,6.946445192530337
2025-01-29,6.913979791502864
2025-01-30,6.950561700546815
2025-01-31,6.915923288117393
2025-02-03,6.863723177685666
2025-02-04,6.913354350984598
2025-02-05,6.94044167601774
2025-02-06,6.965731559301074
2025-02-07,6.900268954689913
2025-02-10,6.947591748663497
2025-02-11,6.9501189558349425
2025-02-12,6.931931817314371
2025-02-13,7.004278338842197
2025-02-14,7.005409119014359
2025-02-18,7.023606435574283
2025-02-19,7.040423101095921
2025-02-20,7.010849789950713
2025-02-21,6.89146749515907
2025-02-24,6.857469790306944
2025-02-25,6.825493952972369
2025-02-26,6.826567736124152
2025-02-27,6.718326832110696
2025-02-28,6.8256868268181154
2025-03-03,6.706210894064422
2025-03-04,6.624348923545113
2025-03-05,6.698415024821694
2025-03-06,6.579245959954505
2025-03-07,6.6165530543023845
2025-03-10,6.439264331315537
2025-03-11,6.390602107363048
2025-03-12,6.421968280140355
2025-03-13,6.333290076666081
2025-03-14,6.46927529815294
2025-03-17,6.511245970132544
2025-03-18,6.442114691236454
2025-03-19,6.511725355786088
2025-03-20,6.498295941761259
2025-03-21,6.503830250659664
2025-03-24,6.618642605781635
2025-03-25,6.629325475886953
2025-03-26,6.5553636995137445
2025-03-27,6.5337109385933445
2025-03-28,6.404959249674939
2025-03-31,6.441098414007017
2025-04-01,6.465616801907364
2025-04-02,6.509307053635723
2025-04-03,6.194579685142353
2025-04-04,5.825280723047916
2025-04-07,5.811772938120066
2025-04-08,5.72054666249367
2025-04-09,6.264961336173006
2025-04-10,6.049224560626763
2025-04-11,6.1588206705801225
2025-04-14,6.207763808418766
2025-04-15,6.197622918909016
2025-04-16,6.0589018404439665
2025-04-17,6.067036638397163
2025-04-21,5.924553247685132
2025-04-22,6.073513942641659
2025-04-23,6.1748291997771005
2025-04-24,6.299927990371574
2025-04-25,6.346401426961117
2025-04-28,6.350585618939296
2025-04-29,6.387454548693013
2025-04-30,6.397418340318013
2025-05-01,6.437794622432907
2025-05-02,6.532809673208601
2025-05-05,6.491453754805943
2025-05-06,6.44159357562156
2025-05-07,6.46964018086376
2025-05-08,6.507170683175446
2025-05-09,6.503684195794943
2025-05-12,6.71620572870945
2025-05-13,6.765065406625395
2025-05-14,6.772304028213525
2025-05-15,6.801976066340461
2025-05-16,6.850523278448256
2025-05-19,6.857521698307647
2025-05-20,6.831054215871125
2025-05-21,6.72104691312789
2025-05-22,6.718196553206973
2025-05-23,6.6735317542105275
2025-05-27,6.810626890888874
2025-05-28,6.772767637906072
2025-05-29,6.800042747765284
2025-05-30,6.800105342707307
2025-06-02,6.828824207448798
2025-06-03,6.868538408103755
2025-06-04,6.869330259565449
2025-06-05,6.833633839945242
2025-06-06,6.90468266145551
2025-06-09,6.911624084294522
2025-06-10,6.949748984104447
2025-06-11,6.9307699941221825
2025-06-12,6.957336203540431
2025-06-13,6.879903715747717
2025-06-16,6.945652832166676
2025-06-17,6.88785581789452
2025-06-18,6.885959140261016
2025-06-20,6.871347038063322
2025-06-23,6.937481902173775
2025-06-24,7.0147892000824426
2025-06-25,7.014825841024114
2025-06-26,7.071168922374638
2025-06-27,7.108590010763277
2025-06-30,7.14590728315051
2025-07-01,7.138074772966109
2025-07-02,7.172135072760259
2025-07-03,7.233074556682773
2025-07-07,7.176340638621079
2025-07-08,7.171243985414869
2025-07-09,7.2148039582395045
2025-07-10,7.235632806874248
2025-07-11,7.211776500433839
2025-07-14,7.2219433439439396
2025-07-15,7.194042793566461
2025-07-16,7.217018699602802
2025-07-17,7.255883542873718
2025-07-18,7.255674893066974
2025-07-21,7.265998478383117
2025-07-22,7.2707872458988865
2025-07-23,7.327677396864655
2025-07-24,7.332852420973886
2025-07-25,7.362384002157745
2025-07-28,7.363681702175302
2025-07-29,7.341925125253497
2025-07-30,7.332794915051539
2025-07-31,7.306280613633993
2025-08-01,7.18974358974359
2025-08-04,7.295978402200492
2025-08-05,7.2606412673694605
2025-08-06,7.313518726320155
2025-08-07,7.307786454556327
2025-08-08,7.365458278944436
2025-08-11,7.3477459459597
2025-08-12,7.431332585247441
2025-08-13,7.455580237300987
2025-08-14,7.458107444472434
2025-08-15,7.438180370124401
2025-08-18,7.437997674318008
2025-08-19,7.39504736605064
2025-08-20,7.377251573143208
2025-08-21,7.34866298730544
2025-08-22,7.460577654623502
2025-08-25,7.428899016038046
2025-08-26,7.460082493008959
2025-08-27,7.477936300740707
2025-08-28,7.501724923219416
2025-08-29,7.454391951206479
2025-09-02,7.40427121421465
2025-09-03,7.442172197158801
2025-09-04,7.504955941812149
2025-09-05,7.482235504563579
2025-09-08,7.498400266664631
2025-09-09,7.5187863705875015
2025-09-10,7.541434034854696
2025-09-11,7.605494614544927
2025-09-12,7.602128228028794
2025-09-15,7.639622598300776
2025-09-16,7.630054732406623
2025-09-17,7.622774889759111
2025-09-18,7.659399037666379
2025-09-19,7.696840991035692
2025-09-22,7.731411719503414
2025-09-23,7.688868023908214
2025-09-24,7.667027987063712
2025-09-25,7.628705124388364
2025-09-26,7.6739383668826955
2025-09-29,7.6942303239415475
2025-09-30,7.7264768971229225
2025-10-01,7.75313725340519
2025-10-02,7.758015078765302
2025-10-03,7.759328045841889
2025-10-06,7.788192965448101
2025-10-07,7.7585621483805465
2025-10-08,7.803774016992237
2025-10-09,7.782538555685326
2025-10-10,7.572544738844233
2025-10-13,7.690660885540314
2025-10-14,7.67874799937914
2025-10-15,7.710249540079847
2025-10-16,7.661738968913723
2025-10-17,7.7022765729523694
2025-10-20,7.784576199163874
2025-10-21,7.784857621951995
2025-10-22,7.74342893056796
2025-10-23,7.788661664160324
2025-10-24,7.850559919389928
2025-10-27,7.947085900107632
2025-10-28,7.965304081648232
2025-10-29,7.96500739180108
2025-10-30,7.886162701048083
2025-10-31,7.907382386393997
2025-11-03,7.9214784619964735
2025-11-04,7.828589603641703
2025-11-05,7.857230097480172
2025-11-06,7.769458757312285
2025-11-07,7.780063256514581
2025-11-10,7.900878619247181
2025-11-11,7.917278494057297
2025-11-12,7.92258837718796
2025-11-13,7.791652989926286
2025-11-14,7.789385831660318
2025-11-17,7.718774665842245
2025-11-18,7.65561026251708
2025-11-19,7.684600372007338
2025-11-20,7.566051658638738
2025-11-21,7.640951341338361
2025-11-24,7.759239496899514
2025-11-25,7.830043536563334
2025-11-26,7.884255336473259
2025-11-28,7.926762391126785
2025-12-01,7.88552148456882
2025-12-02,7.905131004089028
2025-12-03,7.928951178489732
2025-12-04,7.938054925789371
2025-12-05,7.954642076523589
2025-12-08,7.927648389452497
2025-12-09,7.920780248496831
2025-12-10,7.974501975811889
2025-12-11,7.991172586468806
2025-12-12,7.906433793126261
2025-12-15,7.895141258463676
2025-12-16,7.876620789154281
2025-12-17,7.78547237552894
2025-12-18,7.847328900797195
2025-12-19,7.91671005055941
2025-12-22,7.968144263529795
2025-12-23,8.004429482726595
2025-12-24,8.030235392605146
2025-12-26,8.028557542817738
2025-12-29,8.000771495382986
2025-12-30,7.989781248489197
2025-12-31,7.931614262486546
2026-01-02,7.9484828360088855
2026-01-05,7.999010185672883
2026-01-06,8.049167563606385
2026-01-07,8.021527571036353
2026-01-08,8.022147413632975
2026-01-09,8.0744309839874
2026-01-12,8.087849711070907
2026-01-13,8.072315478507798
2026-01-14,8.029427765182454
2026-01-15,8.050350251779248
2026-01-16,8.045748760187582
2026-01-20,7.880059948651791
2026-01-21,7.971515739065605
2026-01-22,8.015393775620034
2026-01-23,8.018734208135816
2026-01-26,8.058875886443614
2026-01-27,8.091789630104605
2026-01-28,8.091200830528011
2026-01-29,8.080856380231195
2026-01-30,8.04662458047394
2026-02-02,8.090377427144322
2026-02-03,8.022444612382094
2026-02-04,7.9817975944203985
2026-02-05,7.8840782385885095
2026-02-06,8.03968315763493
2026-02-09,8.078152075174998
2026-02-10,8.05192428556525
2026-02-11,8.051757365719855
2026-02-12,7.92632473543459
2026-02-13,7.9314473426411505
2026-02-17,7.940676279824836
2026-02-18,7.985174667877853
2026-02-19,7.963735645783874
2026-02-20,8.019260412770386
2026-02-23,7.936215754078213
2026-02-24,7.997425973847528
2026-02-25,8.062731836652647
2026-02-26,8.019515881558156
2026-02-27,7.985471357725005
2026-03-02,7.989317129894682
2026-03-03,7.914177754368287
2026-03-04,7.975679574965077
2026-03-05,7.930931316045934
2026-03-06,7.826739744989224
2026-03-09,7.892493950427859
2026-03-10,7.876506286211556
2026-03-11,7.8701852148711335
2026-03-12,7.750667043254123
2026-03-13,7.704731007142439
2026-03-16,7.783575697895436
2026-03-17,7.803278855377695
2026-03-18,7.697128011745457
2026-03-19,7.676418755073117
2026-03-20,7.560407935817284
2026-03-23,7.647460197504854
2026-03-24,7.618908252608759
2026-03-25,7.6604931768968685
2026-03-26,7.527181726348145
2026-03-27,7.401530268216782
2026-03-30,7.372383925822449
2026-03-31,7.587834189560894
2026-04-01,7.6425146881830415
2026-04-02,7.651644898384999
2026-04-06,7.686095525988351
2026-04-07,7.691999806617252
2026-04-08,7.88492759597255
2026-04-09,7.934078874715969
2026-04-10,7.925845349781045
2026-04-13,8.006477813146464
2026-04-14,8.101028745327644
2026-04-15,8.16628270013206
2026-04-16,8.187664216303693
2026-04-17,8.28627516838294
2026-04-20,8.266811194825484
2026-04-21,8.214355615605987
2026-04-22,8.300412973946763
2026-04-23,8.26622239524889
2026-04-24,8.332477360223713
2026-04-27,8.342795347618212
2026-04-28,8.302007363811471
2026-04-29,8.298714259178682
2026-04-30,8.383999613234504
2026-05-01,8.408737337882917
2026-05-04,8.375078561741258
2026-05-05,8.443313155370316
2026-05-06,8.56649440335061
2026-05-07,8.53397149640079
2026-05-08,8.607162795194947
2026-05-11,8.624072589776668
2026-05-12,8.610543939868144
2026-05-13,8.661248896318858
2026-05-14,8.727754241061772
2026-05-15,8.621482278761231
2026-05-18,8.615661458055028
2026-05-19,8.558687847166562
2026-05-20,8.651259150693507
2026-05-21,8.667158265967435
2026-05-22,8.69996819362702
2026-05-26,8.753658369020084
2026-05-27,8.75519016394277
2026-05-28,8.805624384546682
2026-05-29,8.825275125126272
2026-06-01,8.84911616450765
2026-06-02,8.860825998783724
2026-06-03,8.795644816960685
2026-06-04,8.832831301542228
2026-06-05,8.60047175212403
2026-06-08,8.626432877102719
2026-06-09,8.604510398139455
2026-06-10,8.465340977040889
2026-06-11,8.613749004460526
2026-06-12,8.657450452032172
