Date,0
2006-01-03,1.0
2006-01-04,1.0108668173588145
2006-01-05,1.0189396806679385
2006-01-06,1.0320084249896024
2006-01-09,1.034859631825133
2006-01-10,1.0309729847056508
2006-01-11,1.0383571940912595
2006-01-12,1.0314852080732961
2006-01-13,1.0315691134465232
2006-01-17,1.0258098278145384
2006-01-18,0.9995998601170454
2006-01-19,1.0047069790300733
2006-01-20,0.9707520726758849
2006-01-23,0.9704059658879634
2006-01-24,0.9767850003779901
2006-01-25,0.9762427134171371
2006-01-26,0.9767375235621124
2006-01-27,0.992802017563405
2006-01-30,0.9946294988674939
2006-01-31,0.9931551208297018
2006-02-01,0.9889881225692477
2006-02-02,0.9721927936496241
2006-02-03,0.9597418611572874
2006-02-06,0.9528254536291163
2006-02-07,0.9458725867976989
2006-02-08,0.9568420134094074
2006-02-09,0.9502298687072375
2006-02-10,0.9557841579513107
2006-02-13,0.9424651423777756
2006-02-14,0.9511460947691627
2006-02-15,0.9572417308516366
2006-02-16,0.9674880293828662
2006-02-17,0.9621125711041136
2006-02-21,0.9545010802148673
2006-02-22,0.9579900344047899
2006-02-23,0.959696149074403
2006-02-24,0.9614111817998783
2006-02-27,0.9742605228022214
2006-02-28,0.9629257094590128
2006-03-01,0.977499260189216
2006-03-02,0.9766651447439062
2006-03-03,0.9748216161924796
2006-03-06,0.9678622690864207
2006-03-07,0.966018438918515
2006-03-08,0.9668384925259633
2006-03-09,0.9523669741697037
2006-03-10,0.955572705636894
2006-03-13,0.9545446585940747
2006-03-14,0.9689578517968438
2006-03-15,0.9733563600151336
2006-03-16,0.9675329148856033
2006-03-17,0.9723326318212986
2006-03-20,0.9792839607533287
2006-03-21,0.9709940233922071
2006-03-22,0.9686275666561716
2006-03-23,0.9625215402868117
2006-03-24,0.9701398155182254
2006-03-27,0.9749759980583325
2006-03-28,0.9713513040393931
2006-03-29,0.9839721710509137
2006-03-30,0.9872769234643161
2006-03-31,0.9824576683424416
2006-04-03,0.9857647165283895
2006-04-04,0.9924345437816445
2006-04-05,0.9976853628205072
2006-04-06,0.9922749410615205
2006-04-07,0.9831954807729042
2006-04-10,0.9878480397242525
2006-04-11,0.9826245945467601
2006-04-12,0.9811811822088035
2006-04-13,0.9826273079593999
2006-04-17,0.9767099671111199
2006-04-18,0.9920223358500967
2006-04-19,0.9925415229485504
2006-04-20,0.9851350235986113
2006-04-21,0.9843112633543278
2006-04-24,0.9832653739175079
2006-04-25,0.9816481852877394
2006-04-26,0.9847902540644065
2006-04-27,0.9965309162790585
2006-04-28,0.9608404721001846
2006-05-01,0.9502174958209099
2006-05-02,0.9487115999259883
2006-05-03,0.9382598217398223
2006-05-04,0.9467568624035839
2006-05-05,0.9506628014584455
2006-05-08,0.9529291742302088
2006-05-09,0.9550477596088498
2006-05-10,0.9484158547442151
2006-05-11,0.9255314881935153
2006-05-12,0.9215453257125231
2006-05-15,0.9271864047309895
2006-05-16,0.9194462765022064
2006-05-17,0.9078705810140337
2006-05-18,0.9053312161650251
2006-05-19,0.9056779141804097
2006-05-22,0.903843033525669
2006-05-23,0.8988615468228772
2006-05-24,0.9121437403723813
2006-05-25,0.9249586604709812
2006-05-26,0.9259053718117187
2006-05-30,0.9050649278338389
2006-05-31,0.9030862539648675
2006-06-01,0.9200796663158495
2006-06-02,0.9191172206083821
2006-06-05,0.9024619870216926
2006-06-06,0.9042496030158161
2006-06-07,0.8956936070949473
2006-06-08,0.8948433126408462
2006-06-09,0.8876494553972396
2006-06-12,0.8726182674682678
2006-06-13,0.8736787560984762
2006-06-14,0.8850078872006361
2006-06-15,0.9009514416317869
2006-06-16,0.901057491743293
2006-06-19,0.9009531324451415
2006-06-20,0.8993507468174458
2006-06-21,0.9162465570157217
2006-06-22,0.9021758326076287
2006-06-23,0.8969021028647355
2006-06-26,0.900956732766611
2006-06-27,0.8903195522692021
2006-06-28,0.9025741478193298
2006-06-29,0.9225253609779939
2006-06-30,0.9153153801693914
2006-07-03,0.9268669930102588
2006-07-05,0.9110321340606208
2006-07-06,0.9122406370120545
2006-07-07,0.9071721415548717
2006-07-10,0.9026351490509397
2006-07-11,0.9051732947088947
2006-07-12,0.8851865428948839
2006-07-13,0.8715318264094276
2006-07-14,0.8678329481666203
2006-07-17,0.8751271921146608
2006-07-18,0.8809446600473768
2006-07-19,0.8908364382359383
2006-07-20,0.8689536022718306
2006-07-21,0.8778305125281317
2006-07-24,0.887860426886049
2006-07-25,0.8889828720342287
2006-07-26,0.8917107850332792
2006-07-27,0.8840576453712724
2006-07-28,0.9008887024360331
2006-07-31,0.8949435216041229
2006-08-01,0.8836153785962922
2006-08-02,0.8856617204975684
2006-08-03,0.8886974634766459
2006-08-04,0.8856979526314074
2006-08-07,0.8834048263447397
2006-08-08,0.8843816915725642
2006-08-09,0.8995572375615543
2006-08-10,0.9001945157202343
2006-08-11,0.8940086735079038
2006-08-14,0.9026229464214802
2006-08-15,0.9195394560711954
2006-08-16,0.9318037970183699
2006-08-17,0.9334939635404977
2006-08-18,0.9429941528668488
2006-08-21,0.942804048585611
2006-08-22,0.9412405435104163
2006-08-23,0.9372619512230821
2006-08-24,0.9390746934949007
2006-08-25,0.9430660973524537
2006-08-28,0.9532352487352614
2006-08-29,0.9571368317186564
2006-08-30,0.9605194617840049
2006-08-31,0.9574689048762005
2006-09-01,0.964011125790362
2006-09-05,0.9672361665804465
2006-09-06,0.9543491776542292
2006-09-07,0.9504120269788396
2006-09-08,0.9541060261751838
2006-09-11,0.9620734312808931
2006-09-12,0.9742023631272969
2006-09-13,0.9779632854519131
2006-09-14,0.981166486225774
2006-09-15,0.9855976506942802
2006-09-18,0.9852176527144396
2006-09-19,0.9803323895551447
2006-09-20,0.9997114059707547
2006-09-21,0.9990364565524047
2006-09-22,0.9888058226864576
2006-09-25,1.003147444007827
2006-09-26,1.0129747076131832
2006-09-27,1.0155906669022543
2006-09-28,1.0180677671387404
2006-09-29,1.0109934984388902
2006-10-02,1.0032210215657493
2006-10-03,1.0135234013489696
2006-10-04,1.034407221046897
2006-10-05,1.0353450449622663
2006-10-06,1.035922224305822
2006-10-09,1.040825972151524
2006-10-10,1.0437772723797956
2006-10-11,1.0419878154452198
2006-10-12,1.0602530886685058
2006-10-13,1.0641854475054844
2006-10-16,1.0610402882699763
2006-10-17,1.0510548632035734
2006-10-18,1.0506484923391202
2006-10-19,1.053322701358412
2006-10-20,1.0695998237065085
2006-10-23,1.0788400926774857
2006-10-24,1.0741969110717695
2006-10-25,1.0794838519198695
2006-10-26,1.0845463122870125
2006-10-27,1.0687159143884464
2006-10-30,1.076678716862357
2006-10-31,1.0794771812807953
2006-11-01,1.0715751201566381
2006-11-02,1.0714642311647213
2006-11-03,1.066100774341367
2006-11-06,1.079649329768177
2006-11-07,1.0807858286762946
2006-11-08,1.0837403411128017
2006-11-09,1.0901130709315883
2006-11-10,1.0931022742784617
2006-11-13,1.1014521531929888
2006-11-14,1.1118840553174574
2006-11-15,1.114936121719604
2006-11-16,1.1211945407452064
2006-11-17,1.120722991556113
2006-11-20,1.1270037160849047
2006-11-21,1.1266301719960858
2006-11-22,1.1261931855123446
2006-11-24,1.1218065316013943
2006-11-27,1.0950520207376366
2006-11-28,1.1021504991139293
2006-11-29,1.1090594745166178
2006-11-30,1.104968058654368
2006-12-01,1.092746366363212
2006-12-04,1.106488376470201
2006-12-05,1.105593008308566
2006-12-06,1.0995899255920674
2006-12-07,1.089297144217743
2006-12-08,1.100705928971131
2006-12-11,1.104872556414701
2006-12-12,1.1029469498579396
2006-12-13,1.104588136838398
2006-12-14,1.113563846986789
2006-12-15,1.1160260150553
2006-12-18,1.1075447369840494
2006-12-19,1.1033287600981394
2006-12-20,1.0986821915017229
2006-12-21,1.0929195543755506
2006-12-22,1.0820749606053646
2006-12-26,1.0891383672116297
2006-12-27,1.0942493550034276
2006-12-28,1.0933620884004738
2006-12-29,1.088459207070878
2007-01-03,1.095829102775265
2007-01-04,1.118724688719259
2007-01-05,1.1148631745001891
2007-01-08,1.115585864310419
2007-01-09,1.1157238434570949
2007-01-10,1.1182171375199312
2007-01-11,1.136309629631627
2007-01-12,1.1502426464631628
2007-01-16,1.1450143013552276
2007-01-17,1.1302224819720996
2007-01-18,1.1175394066894795
2007-01-19,1.1230457775732112
2007-01-22,1.1149891617706977
2007-01-23,1.1074448668382089
2007-01-24,1.1279012430337279
2007-01-25,1.110789677615708
2007-01-26,1.1094172612876665
2007-01-29,1.1088257226160325
2007-01-30,1.1090177919126358
2007-01-31,1.119992868312391
2007-02-01,1.1067418575211176
2007-02-02,1.1090034407878242
2007-02-05,1.1011672169786333
2007-02-06,1.0992109459703183
2007-02-07,1.1039101503449897
2007-02-08,1.1001848131604488
2007-02-09,1.0879489724472766
2007-02-12,1.080142902840337
2007-02-13,1.0828291439246764
2007-02-14,1.0970466994644907
2007-02-15,1.1010427152585591
2007-02-16,1.094579064545956
2007-02-20,1.0974499965465991
2007-02-21,1.1024923119613326
2007-02-22,1.1035575657116257
2007-02-23,1.0936004575794835
2007-02-26,1.0888028566655106
2007-02-27,1.0430173299221435
2007-02-28,1.0491368647195813
2007-03-01,1.0435574838009614
2007-03-02,1.0288439119301784
2007-03-05,1.0246283099087155
2007-03-06,1.0436248125237484
2007-03-07,1.0356203868245073
2007-03-08,1.037512515833768
2007-03-09,1.0334951187936199
2007-03-12,1.040907594174492
2007-03-13,1.0211695467623416
2007-03-14,1.0382738739234167
2007-03-15,1.035284072306985
2007-03-16,1.0336240358148632
2007-03-19,1.0448534441019592
2007-03-20,1.0473491239075858
2007-03-21,1.0709537951081074
2007-03-22,1.0671047603753336
2007-03-23,1.0571274248454874
2007-03-26,1.0618648347312134
2007-03-27,1.0515896724589031
2007-03-28,1.0439030303614723
2007-03-29,1.044443315324078
2007-03-30,1.046750485631679
2007-04-02,1.044206469744782
2007-04-03,1.0583019222339174
2007-04-04,1.068815523743714
2007-04-05,1.0731636721367743
2007-04-09,1.0731128143328321
2007-04-10,1.0760741708318917
2007-04-11,1.0678656387461567
2007-04-12,1.0793561133859342
2007-04-13,1.0868815110948333
2007-04-16,1.0945030383025414
2007-04-17,1.0993313958069335
2007-04-18,1.0968872627071726
2007-04-19,1.099291501070725
2007-04-20,1.1123045384217127
2007-04-23,1.1031022759039606
2007-04-24,1.1019756373580685
2007-04-25,1.1131200474537073
2007-04-26,1.1115939178375234
2007-04-27,1.1233526582190003
2007-04-30,1.1122867018750078
2007-05-01,1.1184630661625268
2007-05-02,1.1293190687334314
2007-05-03,1.1359344695109352
2007-05-04,1.1311140553411088
2007-05-07,1.1305642501033382
2007-05-08,1.13344819553821
2007-05-09,1.125642675959146
2007-05-10,1.1069010144689928
2007-05-11,1.1187735789597626
2007-05-14,1.1138955242765414
2007-05-15,1.1079089621216793
2007-05-16,1.1210874283108216
2007-05-17,1.1166930926750216
2007-05-18,1.1210061760289836
2007-05-21,1.126144348189043
2007-05-22,1.1261822204544278
2007-05-23,1.1171298174801394
2007-05-24,1.0991576108552397
2007-05-25,1.110214340466696
2007-05-29,1.118799027640697
2007-05-30,1.1285179867799595
2007-05-31,1.128001935907238
2007-06-01,1.129603953689427
2007-06-04,1.1310399947469596
2007-06-05,1.1322125575949873
2007-06-06,1.119378936259318
2007-06-07,1.0971294154851206
2007-06-08,1.1142660950596186
2007-06-11,1.1127115604028046
2007-06-12,1.1065088708042785
2007-06-13,1.1254542702842854
2007-06-14,1.1354478791116303
2007-06-15,1.1495771000961588
2007-06-18,1.1490036662985115
2007-06-19,1.1488504195821334
2007-06-20,1.1394124557553198
2007-06-21,1.147387279271032
2007-06-22,1.1316129788497291
2007-06-25,1.131322972506856
2007-06-26,1.1303997137558672
2007-06-27,1.1413364632409344
2007-06-28,1.1457876022932907
2007-06-29,1.1397984825742857
2007-07-02,1.1513834028260252
2007-07-03,1.1595261108092152
2007-07-05,1.1640942250701056
2007-07-06,1.1656598715830873
2007-07-09,1.1648726170096915
2007-07-10,1.1522815041542847
2007-07-11,1.1593366242808985
2007-07-12,1.187414415733616
2007-07-13,1.1882126596060196
2007-07-16,1.1874776746600568
2007-07-17,1.199254488499068
2007-07-18,1.1925848077539318
2007-07-19,1.199869717436616
2007-07-20,1.1808274276471173
2007-07-23,1.1855067828242187
2007-07-24,1.1753120423492716
2007-07-25,1.1747344608256505
2007-07-26,1.1524549747339343
2007-07-27,1.13463515451994
2007-07-30,1.1444879663016387
2007-07-31,1.1236272709366557
2007-08-01,1.1351961936113328
2007-08-02,1.1435625315491604
2007-08-03,1.1242792108239905
2007-08-06,1.1416664231231322
2007-08-07,1.1414739739522046
2007-08-08,1.1678373926781653
2007-08-09,1.1439016095698518
2007-08-10,1.1364859271655168
2007-08-13,1.1344021436677598
2007-08-14,1.1195151488174544
2007-08-15,1.102835022348413
2007-08-16,1.0918463660988373
2007-08-17,1.111102217433015
2007-08-20,1.1075442914156575
2007-08-21,1.1085224058980123
2007-08-22,1.1168474822681236
2007-08-23,1.1215279330498775
2007-08-24,1.1374872188931138
2007-08-27,1.1338486751975547
2007-08-28,1.1103058984041212
2007-08-29,1.1401956933529993
2007-08-30,1.142200458060744
2007-08-31,1.15610775913855
2007-09-04,1.1689642964943345
2007-09-05,1.1642156853206016
2007-09-06,1.1650794244237297
2007-09-07,1.1453129037714194
2007-09-10,1.1433568729942332
2007-09-11,1.1642841839323028
2007-09-12,1.1632236953381152
2007-09-13,1.1685650063318924
2007-09-14,1.1635841698009037
2007-09-17,1.1549787205903854
2007-09-18,1.1736570154618593
2007-09-19,1.1754668660638885
2007-09-20,1.1748779484899692
2007-09-21,1.187523325120615
2007-09-24,1.191475095583199
2007-09-25,1.201776810404029
2007-09-26,1.2068116362636332
2007-09-27,1.206721555703635
2007-09-28,1.205973591440266
2007-10-01,1.218450682541187
2007-10-02,1.215653792621788
2007-10-03,1.2037443937428411
2007-10-04,1.2039952213674383
2007-10-05,1.2174834865079038
2007-10-08,1.2214389207765404
2007-10-09,1.2313938011275978
2007-10-10,1.2387046974033944
2007-10-11,1.2247553665134918
2007-10-12,1.2367966318366999
2007-10-15,1.2254707735648143
2007-10-16,1.2195421297995732
2007-10-17,1.2426045103946013
2007-10-18,1.244573236312989
2007-10-19,1.2143591699670595
2007-10-22,1.2246664322818641
2007-10-23,1.240754384272182
2007-10-24,1.237737262961679
2007-10-25,1.2313039068625726
2007-10-26,1.2743518640096834
2007-10-29,1.2771167089823425
2007-10-30,1.293022703839349
2007-10-31,1.3218087788350197
2007-11-01,1.3073336989400948
2007-11-02,1.314081607828547
2007-11-05,1.3177979713325796
2007-11-06,1.3354563190554536
2007-11-07,1.3030214307678474
2007-11-08,1.2445843451369434
2007-11-09,1.2042864293616022
2007-11-12,1.1933819820379563
2007-11-13,1.2372151083186698
2007-11-14,1.2189251351407893
2007-11-15,1.2125761202197192
2007-11-16,1.2262070333074484
2007-11-19,1.2133625396815724
2007-11-20,1.2259002780935058
2007-11-21,1.2084020645948919
2007-11-23,1.220255993091189
2007-11-26,1.1843201840910251
2007-11-27,1.1986066259205101
2007-11-28,1.2306467708159314
2007-11-29,1.2336980774685697
2007-11-30,1.2280809843791471
2007-12-03,1.21549189192194
2007-12-04,1.2080203118994202
2007-12-05,1.2365979782380112
2007-12-06,1.2544550380477406
2007-12-07,1.2448750271306053
2007-12-10,1.2523879575422876
2007-12-11,1.2298463770890902
2007-12-12,1.2443375602902698
2007-12-13,1.25127477689563
2007-12-14,1.237622523721622
2007-12-17,1.2093404689038647
2007-12-18,1.218285091664703
2007-12-19,1.2178724520136686
2007-12-20,1.242549065064673
2007-12-21,1.262859510411281
2007-12-24,1.272920883246693
2007-12-26,1.2764817731051392
2007-12-27,1.2571393542445628
2007-12-28,1.2566111363235701
2007-12-31,1.239994226015376
2008-01-02,1.2184021317122744
2008-01-03,1.2180823533216543
2008-01-04,1.1679268675046603
2008-01-07,1.1701879817419978
2008-01-08,1.1370865098037528
2008-01-09,1.1726433849483153
2008-01-10,1.1688438665664216
2008-01-11,1.15258025092846
2008-01-14,1.182405354391396
2008-01-15,1.1583536862018688
2008-01-16,1.1258381945914584
2008-01-17,1.1060804443232028
2008-01-18,1.1012100503427467
2008-01-22,1.0635429674094083
2008-01-23,1.0593652210821491
2008-01-24,1.0955374052878821
2008-01-25,1.0760534000709239
2008-01-28,1.074191952711093
2008-01-29,1.0731735264666629
2008-01-30,1.0721792670108417
2008-01-31,1.0916439289689206
2008-02-01,1.0683993154666327
2008-02-04,1.044825120888259
2008-02-05,1.017229207127394
2008-02-06,1.006316145105894
2008-02-07,1.0051708448624033
2008-02-08,1.0170654898587304
2008-02-11,1.020777320430043
2008-02-12,1.018881834680397
2008-02-13,1.0423892099095369
2008-02-14,1.027767737419082
2008-02-15,1.0262161528227904
2008-02-19,1.0163660848792142
2008-02-20,1.025259624134373
2008-02-21,1.0130389714378105
2008-02-22,1.011900006967046
2008-02-25,1.0113265967333112
2008-02-26,1.0177627122182225
2008-02-27,1.025957313721301
2008-02-28,1.0235913852924425
2008-02-29,1.0033922380247269
2008-03-03,0.9970527040239885
2008-03-04,0.9972521163601064
2008-03-05,1.0050909839804094
2008-03-06,0.9886539449523256
2008-03-07,0.9930236769096609
2008-03-10,0.9853801738972593
2008-03-11,1.0234727483754158
2008-03-12,1.018678821279452
2008-03-13,1.0245711652368104
2008-03-14,1.00075467119044
2008-03-17,0.9948256463211255
2008-03-18,1.0328259091173928
2008-03-19,1.0036208405719287
2008-03-20,1.0206966907918853
2008-03-24,1.0495560998532139
2008-03-25,1.053543179714572
2008-03-26,1.0416569754708764
2008-03-27,1.012087649327303
2008-03-28,1.0064768011864706
2008-03-31,1.0189503036144154
2008-04-01,1.0589356210318714
2008-04-02,1.0550096202042438
2008-04-03,1.0485101393726943
2008-04-04,1.0540566522081058
2008-04-07,1.053617181222421
2008-04-08,1.0402276191266886
2008-04-09,1.0382786245537934
2008-04-10,1.0561518129569478
2008-04-11,1.024919969292547
2008-04-14,1.0183765092348704
2008-04-15,1.0209756708802231
2008-04-16,1.0497348100810995
2008-04-17,1.0518921449658016
2008-04-18,1.0994317667901528
2008-04-21,1.1072180552115125
2008-04-22,1.100063496732589
2008-04-23,1.1170498262193411
2008-04-24,1.1290494673384912
2008-04-25,1.1068842204107505
2008-04-28,1.103525730249624
2008-04-29,1.107445981782039
2008-04-30,1.1036805809908823
2008-05-01,1.1467198416953044
2008-05-02,1.1420159915271675
2008-05-05,1.1408220458255185
2008-05-06,1.1488680051174551
2008-05-07,1.1280832227452966
2008-05-08,1.1351375024892747
2008-05-09,1.1286193350242115
2008-05-12,1.1499873810298642
2008-05-13,1.1503870022309473
2008-05-14,1.1474203112226908
2008-05-15,1.168833669138586
2008-05-16,1.164585764865571
2008-05-19,1.1609394259423012
2008-05-20,1.144897920856129
2008-05-21,1.1208650661766906
2008-05-22,1.1285056094658457
2008-05-23,1.1185999050445576
2008-05-27,1.1406775469717527
2008-05-28,1.1390759721739048
2008-05-29,1.1505527319014388
2008-05-30,1.15670343286373
2008-06-02,1.1434604836673794
2008-06-03,1.1347314027429816
2008-06-04,1.1482299160231968
2008-06-05,1.1718643251293712
2008-06-06,1.133896642765866
2008-06-09,1.1299333808060779
2008-06-10,1.130489866340197
2008-06-11,1.102913451912501
2008-06-12,1.1169661943959595
2008-06-13,1.1436287403245846
2008-06-16,1.1453746685639241
2008-06-17,1.1379673468921885
2008-06-18,1.1237967943851326
2008-06-19,1.1387894458536203
2008-06-20,1.109032337231464
2008-06-23,1.102729791893729
2008-06-24,1.0980009945716946
2008-06-25,1.1151616575975682
2008-06-26,1.074583580736781
2008-06-27,1.0726208588446369
2008-06-30,1.0659859153938933
2008-07-01,1.0713042340236119
2008-07-02,1.0464480756615508
2008-07-03,1.052537937270248
2008-07-07,1.0571483174868843
2008-07-08,1.0728257756122588
2008-07-09,1.0417670762377125
2008-07-10,1.0583857912520591
2008-07-11,1.0476856315570948
2008-07-14,1.0356182505613098
2008-07-15,1.0407912050541572
2008-07-16,1.0615596080986536
2008-07-17,1.0750477431801806
2008-07-18,1.0431934374432792
2008-07-21,1.0384278316351796
2008-07-22,1.0437804478259884
2008-07-23,1.059022145022559
2008-07-24,1.0456370999908142
2008-07-25,1.0676626464537249
2008-07-28,1.0507962827285193
2008-07-29,1.0750681905501855
2008-07-30,1.0791168420856114
2008-07-31,1.0732722459348487
2008-08-01,1.0683147353518214
2008-08-04,1.0610331021521249
2008-08-05,1.0990132042634682
2008-08-06,1.1183096160224457
2008-08-07,1.1185533420423173
2008-08-08,1.149937290027481
2008-08-11,1.1504633524440875
2008-08-12,1.1531175941986118
2008-08-13,1.150682930989457
2008-08-14,1.1596364949613027
2008-08-15,1.1600642417282612
2008-08-18,1.1458913940619286
2008-08-19,1.1320641344849733
2008-08-20,1.129891668771366
2008-08-21,1.1247683567772346
2008-08-22,1.1427568922242715
2008-08-25,1.1221400111589297
2008-08-26,1.1176688749984964
2008-08-27,1.1247385776689354
2008-08-28,1.13455807883556
2008-08-29,1.1066177452265757
2008-09-02,1.094024538795653
2008-09-03,1.0807856594931777
2008-09-04,1.043218511523086
2008-09-05,1.0323747336270805
2008-09-08,1.0316193802383766
2008-09-09,1.0187592435300916
2008-09-10,1.0243895042568552
2008-09-11,1.0475057523329596
2008-09-12,1.0502976804325148
2008-09-15,1.0180383791602154
2008-09-16,1.0225744321865298
2008-09-17,0.9653366139982738
2008-09-18,0.9991452632459575
2008-09-19,1.0242340198797595
2008-09-22,0.9916868787402342
2008-09-23,0.9858769031507322
2008-09-24,0.9938810871867698
2008-09-25,1.0166912794892848
2008-09-26,1.0288940754620997
2008-09-29,0.9212505588530377
2008-09-30,0.9834513260641674
2008-10-01,0.9716131306294434
2008-10-02,0.9387753855466499
2008-10-03,0.9393837603699234
2008-10-06,0.9016426576385068
2008-10-07,0.8428123746511762
2008-10-08,0.8413793495262224
2008-10-09,0.8105787741832964
2008-10-10,0.8015283949135206
2008-10-13,0.910664692965001
2008-10-14,0.8656426604356294
2008-10-15,0.7964870166523356
2008-10-16,0.8465605571716066
2008-10-17,0.847523714849592
2008-10-20,0.8812176004151376
2008-10-21,0.8380888408408261
2008-10-22,0.8055807924806719
2008-10-23,0.8152147340976811
2008-10-24,0.7932664900316806
2008-10-27,0.7745317774750873
2008-10-28,0.8649633578619166
2008-10-29,0.845697411473965
2008-10-30,0.8639530907110679
2008-10-31,0.8568087256030835
2008-11-03,0.8547662551285825
2008-11-04,0.8860553474531515
2008-11-05,0.8350641430252147
2008-11-06,0.7964237688838334
2008-11-07,0.8230498539148706
2008-11-10,0.8115680476750226
2008-11-11,0.7980359854066701
2008-11-12,0.7617076678301125
2008-11-13,0.809673858691654
2008-11-14,0.7734873284812626
2008-11-17,0.7500090632787357
2008-11-18,0.7601279131032191
2008-11-19,0.7121738755832936
2008-11-20,0.6805975171234798
2008-11-21,0.7253703766223475
2008-11-24,0.7594915383764234
2008-11-25,0.7478026181996877
2008-11-26,0.7747743540116038
2008-11-28,0.7728354197291588
2008-12-01,0.7150973946288891
2008-12-02,0.7358375498003885
2008-12-03,0.7575606304231647
2008-12-04,0.7310895880353885
2008-12-05,0.7596795600201907
2008-12-08,0.7976475102872074
2008-12-09,0.7950874080460529
2008-12-10,0.8005727999999183
2008-12-11,0.7710961088134248
2008-12-12,0.7863008172663989
2008-12-15,0.775141289405921
2008-12-16,0.8134135146252393
2008-12-17,0.7916622223060683
2008-12-18,0.776182281229355
2008-12-19,0.7838032183988052
2008-12-22,0.7737716269611808
2008-12-23,0.7701457709294905
2008-12-24,0.7712245020982806
2008-12-26,0.7714220328129019
2008-12-29,0.7651376615172323
2008-12-30,0.7837975207917128
2008-12-31,0.7879889841720444
2009-01-02,0.8206345281466307
2009-01-05,0.8198650257418693
2009-01-06,0.8308831873303896
2009-01-07,0.7980354132503653
2009-01-08,0.8085708645602101
2009-01-09,0.785978514594769
2009-01-12,0.7751036947090019
2009-01-13,0.7786143730602361
2009-01-14,0.7490169794429429
2009-01-15,0.7552276673531773
2009-01-16,0.7673849040919201
2009-01-20,0.7245833449097766
2009-01-21,0.7591568885221224
2009-01-22,0.7362025532941268
2009-01-23,0.7466112985524143
2009-01-26,0.7574798463297374
2009-01-27,0.763822663502276
2009-01-28,0.7872105518871114
2009-01-29,0.7656017402749691
2009-01-30,0.7428653414346031
2009-02-02,0.7599439633111943
2009-02-03,0.7698923599155417
2009-02-04,0.7734675691025954
2009-02-05,0.7906178562089299
2009-02-06,0.8159521484381351
2009-02-09,0.8196371316352015
2009-02-10,0.7856221555725608
2009-02-11,0.7906161481672173
2009-02-12,0.7949705135288092
2009-02-13,0.7906284649537526
2009-02-17,0.7568247302659842
2009-02-18,0.7622268125134068
2009-02-19,0.7475595702578249
2009-02-20,0.7490895747866464
2009-02-23,0.7191685618469326
2009-02-24,0.743868637490892
2009-02-25,0.740088410168494
2009-02-26,0.7167497642196274
2009-02-27,0.7089116386806106
2009-03-02,0.6919820312817258
2009-03-03,0.6927317299765047
2009-03-04,0.7064020046577554
2009-03-05,0.6798370029885556
2009-03-06,0.6734042765939507
2009-03-09,0.6577756872617959
2009-03-10,0.7081966351578485
2009-03-11,0.7212651239868895
2009-03-12,0.739720996952906
2009-03-13,0.7393860881837422
2009-03-16,0.7234436837557052
2009-03-17,0.7533146943827844
2009-03-18,0.7607710061054729
2009-03-19,0.7630643649081617
2009-03-20,0.7536452393204918
2009-03-23,0.8015171046625829
2009-03-24,0.7857148226520007
2009-03-25,0.7855604220016855
2009-03-26,0.8168190771535618
2009-03-27,0.7987994692085028
2009-03-30,0.7752737853258478
2009-03-31,0.7925969073651606
2009-04-01,0.8112129725559398
2009-04-02,0.8282749579746387
2009-04-03,0.8315415691970443
2009-04-06,0.8285360065953408
2009-04-07,0.8101346813915126
2009-04-08,0.8189370150598759
2009-04-09,0.8426878288558917
2009-04-13,0.8415562385004435
2009-04-14,0.8338364818122058
2009-04-15,0.825890184473879
2009-04-16,0.848502869582696
2009-04-17,0.8404706145648652
2009-04-20,0.8150848970891803
2009-04-21,0.8303295634035204
2009-04-22,0.8279886200212496
2009-04-23,0.8348811297940628
2009-04-24,0.8639871266024968
2009-04-27,0.8604064140578901
2009-04-28,0.8556176024328689
2009-04-29,0.8707942182312398
2009-04-30,0.8700058753625242
2009-05-01,0.8746244600974276
2009-05-04,0.8838471326457265
2009-05-05,0.8778934365740674
2009-05-06,0.8767554517529934
2009-05-07,0.85622236689201
2009-05-08,0.8538993439493363
2009-05-11,0.8548626504842868
2009-05-12,0.8513033781146303
2009-05-13,0.8360265460712744
2009-05-14,0.8455867671867067
2009-05-15,0.8426253594707096
2009-05-18,0.8651501957116757
2009-05-19,0.8672378201501217
2009-05-20,0.8648212867320136
2009-05-21,0.8474449519990463
2009-05-22,0.8418545854855184
2009-05-26,0.8687780941596132
2009-05-27,0.8627074250304395
2009-05-28,0.8736883358804179
2009-05-29,0.8819857097036474
2009-06-01,0.9054165005124319
2009-06-02,0.9087765581239092
2009-06-03,0.9110539366554451
2009-06-04,0.9230400452512907
2009-06-05,0.9264894823332435
2009-06-08,0.9252681333264102
2009-06-09,0.9302640596130333
2009-06-10,0.9291680226465089
2009-06-11,0.931915095141026
2009-06-12,0.9323236591602863
2009-06-15,0.9153647842330944
2009-06-16,0.910118548943345
2009-06-17,0.9217146749702883
2009-06-18,0.9198180015362551
2009-06-19,0.9316383485853015
2009-06-22,0.905829021672035
2009-06-23,0.9064565855163881
2009-06-24,0.920516761862004
2009-06-25,0.9380416902586882
2009-06-26,0.9354389114674516
2009-06-29,0.9422964768338137
2009-06-30,0.937980749911118
2009-07-01,0.9452906671358311
2009-07-02,0.9228628484949998
2009-07-06,0.9197343604073427
2009-07-07,0.8979218143211923
2009-07-08,0.9090613751735386
2009-07-09,0.9063272874276225
2009-07-10,0.9098941028740997
2009-07-13,0.9306210139463831
2009-07-14,0.9328877189411386
2009-07-15,0.9710519856570436
2009-07-16,0.983394028124931
2009-07-17,0.9874867441646976
2009-07-20,0.9933628579554085
2009-07-21,1.001259379848132
2009-07-22,1.002917228384414
2009-07-23,1.0213798136081043
2009-07-24,1.0079249309009741
2009-07-27,1.0029215650720782
2009-07-28,1.0080739248871378
2009-07-29,1.007503581069467
2009-07-30,1.0149760212867753
2009-07-31,1.0093459641846096
2009-08-03,1.0241704343923657
2009-08-04,1.021072904725324
2009-08-05,1.0094560938805524
2009-08-06,1.0011187686983583
2009-08-07,1.004152944902104
2009-08-10,1.0005482262521705
2009-08-11,0.9932456289267696
2009-08-12,1.006415922360745
2009-08-13,1.0112046355507462
2009-08-14,1.0058501427834172
2009-08-17,0.9812423272677724
2009-08-18,0.9919122478981792
2009-08-19,0.9978330712523037
2009-08-20,1.0103903242380694
2009-08-21,1.0259686172077824
2009-08-24,1.0283353046616275
2009-08-25,1.0303414780558775
2009-08-26,1.0311299288786717
2009-08-27,1.0319911200136496
2009-08-28,1.0369518044031738
2009-08-31,1.0289734570606082
2009-09-01,1.010826923520297
2009-09-02,1.009712239841081
2009-09-03,1.0109067992964524
2009-09-04,1.0287905873192595
2009-09-08,1.0336891024226778
2009-09-09,1.0418414188927922
2009-09-10,1.0523376496919497
2009-09-11,1.050079920219282
2009-09-14,1.0505095522264907
2009-09-15,1.053735077019473
2009-09-16,1.0621151887593239
2009-09-17,1.058670231332736
2009-09-18,1.0601515397980732
2009-09-21,1.065380669519339
2009-09-22,1.0654023216754132
2009-09-23,1.0600843268151643
2009-09-24,1.0585750548894652
2009-09-25,1.049759464041734
2009-09-28,1.0697176396003865
2009-09-29,1.0647826763648558
2009-09-30,1.0615762101088975
2009-10-01,1.0302767102976589
2009-10-02,1.0257462810686104
2009-10-05,1.0286672328070907
2009-10-06,1.0468970451331112
2009-10-07,1.0536123046756833
2009-10-08,1.059094523244463
2009-10-09,1.0639865875933532
2009-10-12,1.066639945338698
2009-10-13,1.069635746681294
2009-10-14,1.0841944187820973
2009-10-15,1.090341262806926
2009-10-16,1.0885709072431635
2009-10-19,1.0948677013235402
2009-10-20,1.0914493103593859
2009-10-21,1.0928566666583386
2009-10-22,1.0951095720302828
2009-10-23,1.1005360912928113
2009-10-26,1.0997640403038946
2009-10-27,1.0925837361990347
2009-10-28,1.0718112427601865
2009-10-29,1.086695796302299
2009-10-30,1.0632025162317815
2009-11-02,1.0642585315995465
2009-11-03,1.0583776186251759
2009-11-04,1.0658323954500175
2009-11-05,1.0888026220966658
2009-11-06,1.0926897119419043
2009-11-09,1.1138883135980355
2009-11-10,1.1116544148075467
2009-11-11,1.12046240563405
2009-11-12,1.1191638165750897
2009-11-13,1.1305098838071408
2009-11-16,1.1402363196879233
2009-11-17,1.1476142382660455
2009-11-18,1.1434121581664627
2009-11-19,1.1260882140431585
2009-11-20,1.120603437935153
2009-11-23,1.137662818006112
2009-11-24,1.1340884352253024
2009-11-25,1.1358151626490078
2009-11-27,1.118636335900846
2009-11-30,1.1204295335690309
2009-12-01,1.136233245866348
2009-12-02,1.1349689835725498
2009-12-03,1.1366801717112303
2009-12-04,1.145119950215522
2009-12-07,1.1420791806990076
2009-12-08,1.1317491335733665
2009-12-09,1.139175610502393
2009-12-10,1.1471875133968885
2009-12-11,1.1435118129113684
2009-12-14,1.1525843303756524
2009-12-15,1.1436504460522248
2009-12-16,1.1405444762001824
2009-12-17,1.1260747072095487
2009-12-18,1.1497677145314145
2009-12-21,1.161642724803778
2009-12-22,1.1673519086321351
2009-12-23,1.1740564203067032
2009-12-24,1.184475522680089
2009-12-28,1.189522391772909
2009-12-29,1.190813731549093
2009-12-30,1.1910757401288075
2009-12-31,1.1777042489563796
2010-01-04,1.1978714900315894
2010-01-05,1.1971491989071028
2010-01-06,1.1838845603594572
2010-01-07,1.1784217901354197
2010-01-08,1.188713085128664
2010-01-11,1.1837911038570914
2010-01-12,1.1687599650839526
2010-01-13,1.1800216248472306
2010-01-14,1.1924443875089656
2010-01-15,1.1787865942572118
2010-01-19,1.1964842749186728
2010-01-20,1.1810996611218025
2010-01-21,1.1666087921486836
2010-01-22,1.1233667285795628
2010-01-25,1.128423942040699
2010-01-26,1.1288468229884316
2010-01-27,1.1369027406415115
2010-01-28,1.106040558830479
2010-01-29,1.0851449124215296
2010-02-01,1.0944332721114363
2010-02-02,1.102380417830413
2010-02-03,1.1078031991092576
2010-02-04,1.0796832755384884
2010-02-05,1.0927986519846742
2010-02-08,1.0838546993178844
2010-02-09,1.0958593289850818
2010-02-10,1.090276707713487
2010-02-11,1.0995667751267488
2010-02-12,1.101035922151072
2010-02-16,1.1171784530137596
2010-02-17,1.1207858355950195
2010-02-18,1.1311165299259096
2010-02-19,1.1277716209899333
2010-02-22,1.1292435526055977
2010-02-23,1.1133540363027017
2010-02-24,1.123014092722693
2010-02-25,1.1193847521262994
2010-02-26,1.1202822736370126
2010-03-01,1.1319832488308446
2010-03-02,1.1313577683093743
2010-03-03,1.1344478367167767
2010-03-04,1.143131480586356
2010-03-05,1.15504011719159
2010-03-08,1.1599988344845409
2010-03-09,1.1649124916739164
2010-03-10,1.1725968915657679
2010-03-11,1.1789917146836266
2010-03-12,1.1781305063581846
2010-03-15,1.1734414682588223
2010-03-16,1.1813679438669662
2010-03-17,1.187217043842929
2010-03-18,1.1913155678636316
2010-03-19,1.1851565585510853
2010-03-22,1.1916688983179584
2010-03-23,1.202337777281204
2010-03-24,1.1977449139164384
2010-03-25,1.2067310532383169
2010-03-26,1.2029178753012577
2010-03-29,1.2042334179839678
2010-03-30,1.2114270091074733
2010-03-31,1.2033497876525536
2010-04-01,1.202767730108778
2010-04-05,1.209928426917362
2010-04-06,1.2104007556258365
2010-04-07,1.2105423385793028
2010-04-08,1.2150778302275078
2010-04-09,1.2247906608381829
2010-04-12,1.2268752998849441
2010-04-13,1.234364991818005
2010-04-14,1.2499826574543744
2010-04-15,1.2590804059381966
2010-04-16,1.2372059186016129
2010-04-19,1.2438959547829747
2010-04-20,1.247789471679226
2010-04-21,1.2519645452938069
2010-04-22,1.2509426033122601
2010-04-23,1.2506267870064995
2010-04-26,1.2464133275834595
2010-04-27,1.2267024294913202
2010-04-28,1.228768156993948
2010-04-29,1.2440744418825738
2010-04-30,1.222475547446244
2010-05-03,1.2390711933679102
2010-05-04,1.2004657389973907
2010-05-05,1.1951366057908954
2010-05-06,1.1546681932840095
2010-05-07,1.1303186677155368
2010-05-10,1.1793367136117856
2010-05-11,1.1735010642966055
2010-05-12,1.1953130880600549
2010-05-13,1.1771870530689499
2010-05-14,1.157632855785283
2010-05-17,1.1601484099636508
2010-05-18,1.1431322662305166
2010-05-19,1.1355455916193886
2010-05-20,1.0914209121869678
2010-05-21,1.0923482709995669
2010-05-24,1.088839156118772
2010-05-25,1.0893659749914462
2010-05-26,1.0703616232749662
2010-05-27,1.1084887885604333
2010-05-28,1.1015788361020915
2010-06-01,1.0967234793185825
2010-06-02,1.1245391293640297
2010-06-03,1.135436297421292
2010-06-04,1.0994037922015463
2010-06-07,1.0777797221262284
2010-06-08,1.0765213891118908
2010-06-09,1.0614268938548863
2010-06-10,1.0827013460479755
2010-06-11,1.095789364124327
2010-06-14,1.0929923263805466
2010-06-15,1.124243066882048
2010-06-16,1.125344189528007
2010-06-17,1.1288004769146929
2010-06-18,1.1319557027901375
2010-06-21,1.1200114506669803
2010-06-22,1.1142159456964809
2010-06-23,1.1039932247215813
2010-06-24,1.0882098022862665
2010-06-25,1.0797069303362128
2010-06-28,1.0802055021904209
2010-06-29,1.0419801252018686
2010-06-30,1.0251640518587022
2010-07-01,1.0212107425869892
2010-07-02,1.0204863573272682
2010-07-06,1.0330893585326437
2010-07-07,1.0641409907620454
2010-07-08,1.0695678805853215
2010-07-09,1.0760831263656123
2010-07-12,1.088952518186401
2010-07-13,1.1020731402595854
2010-07-14,1.1146932662007463
2010-07-15,1.1180736864921863
2010-07-16,1.0835555379991686
2010-07-19,1.0959837822186635
2010-07-20,1.109276844484161
2010-07-21,1.0948713939056371
2010-07-22,1.1257219863973207
2010-07-23,1.1291637117859707
2010-07-26,1.1352950406877031
2010-07-27,1.1369060314511663
2010-07-28,1.1273188652013129
2010-07-29,1.1185617182618228
2010-07-30,1.1134329122202107
2010-08-02,1.1355089897409352
2010-08-03,1.1303629250778156
2010-08-04,1.1370282080009053
2010-08-05,1.1310145049181395
2010-08-06,1.129300638455995
2010-08-09,1.1376261228081974
2010-08-10,1.1228008383136214
2010-08-11,1.0975040497154431
2010-08-12,1.0771009953188793
2010-08-13,1.0684011077162472
2010-08-16,1.073775004943832
2010-08-17,1.0846384558742335
2010-08-18,1.0878678625328517
2010-08-19,1.068215710017381
2010-08-20,1.0655970153614742
2010-08-23,1.0564467480512765
2010-08-24,1.036384085834302
2010-08-25,1.043657752348341
2010-08-26,1.030201953175657
2010-08-27,1.0402943726941127
2010-08-30,1.0260193278665837
2010-08-31,1.0189299522638529
2010-09-01,1.0460442329562216
2010-09-02,1.0512452389061808
2010-09-03,1.0684037370441903
2010-09-07,1.0641980868116625
2010-09-08,1.0684587910992471
2010-09-09,1.073607035382924
2010-09-10,1.0774892648380547
2010-09-13,1.1018634732971802
2010-09-14,1.1034101835734067
2010-09-15,1.1113388914301434
2010-09-16,1.1170230242630534
2010-09-17,1.1293521207834618
2010-09-20,1.1443379656605344
2010-09-21,1.1413679442191522
2010-09-22,1.1407161232396776
2010-09-23,1.1375258079024098
2010-09-24,1.1567647079692014
2010-09-27,1.1538134865853138
2010-09-28,1.1512078117569966
2010-09-29,1.1467115212803396
2010-09-30,1.1434236840617782
2010-10-01,1.1425948540735469
2010-10-04,1.1285755980492498
2010-10-05,1.151858023426152
2010-10-06,1.154984930272571
2010-10-07,1.1568672597595882
2010-10-08,1.165925977176022
2010-10-11,1.165496155651562
2010-10-12,1.174107864866954
2010-10-13,1.184148202925388
2010-10-14,1.181699148051401
2010-10-15,1.2177172425488276
2010-10-18,1.2283001622876557
2010-10-19,1.2106216789878959
2010-10-20,1.2174716718692686
2010-10-21,1.220030514806686
2010-10-22,1.2218608615370228
2010-10-25,1.2239326146578333
2010-10-26,1.2272808494973948
2010-10-27,1.2310646821757307
2010-10-28,1.239097597793307
2010-10-29,1.234421522261769
2010-11-01,1.241486176870839
2010-11-02,1.2513829784275086
2010-11-03,1.2556035278274562
2010-11-04,1.272855419986936
2010-11-05,1.2701225148397752
2010-11-08,1.2692817818972049
2010-11-09,1.2653856794175076
2010-11-10,1.265053333342331
2010-11-11,1.2369189724662577
2010-11-12,1.2209032802284763
2010-11-15,1.2142284373308132
2010-11-16,1.1941429909004675
2010-11-17,1.1960126572123853
2010-11-18,1.2116676658268808
2010-11-19,1.207931215942446
2010-11-22,1.2114116454502053
2010-11-23,1.1898821219563274
2010-11-24,1.2088669647193724
2010-11-26,1.2035227144441762
2010-11-29,1.2001965189893664
2010-11-30,1.1829223273767693
2010-12-01,1.2070994019638086
2010-12-02,1.2221790204773866
2010-12-03,1.2265228855443369
2010-12-06,1.2283467063191151
2010-12-07,1.2311405130660027
2010-12-08,1.240095415363207
2010-12-09,1.241077155074415
2010-12-10,1.2512248322306085
2010-12-13,1.2504716283020105
2010-12-14,1.2584620224795726
2010-12-15,1.2549381847663024
2010-12-16,1.260110970904809
2010-12-17,1.2649023608889864
2010-12-20,1.2685400123313553
2010-12-21,1.275101099434047
2010-12-22,1.2749568650284104
2010-12-23,1.273035405326844
2010-12-27,1.2742336907390603
2010-12-28,1.273803063020281
2010-12-29,1.2732246948243509
2010-12-30,1.2694069634310656
2010-12-31,1.266345809763473
2011-01-03,1.2798453874301905
2011-01-04,1.285643046922763
2011-01-05,1.2889636642427773
2011-01-06,1.2988717760107042
2011-01-07,1.2963953141802784
2011-01-10,1.2944391732481262
2011-01-11,1.2961169102094308
2011-01-12,1.3057053500306788
2011-01-13,1.3028739238830824
2011-01-14,1.3089233345861109
2011-01-18,1.3166479115430598
2011-01-19,1.3080105356081455
2011-01-20,1.3043584256628458
2011-01-21,1.2937522300993498
2011-01-24,1.308685420747185
2011-01-25,1.3167918289975922
2011-01-26,1.3218796273193614
2011-01-27,1.330352737091706
2011-01-28,1.29589685984112
2011-01-31,1.2988730421975583
2011-02-01,1.320769968505144
2011-02-02,1.3181760764510309
2011-02-03,1.3187064118685263
2011-02-04,1.3218011474680524
2011-02-07,1.3318057241956158
2011-02-08,1.3379824281716304
2011-02-09,1.3340299296125178
2011-02-10,1.3153607436758294
2011-02-11,1.3176086797670448
2011-02-14,1.3189708127016484
2011-02-15,1.3143095828990858
2011-02-16,1.3217900806982539
2011-02-17,1.3231021103716625
2011-02-18,1.326010109108392
2011-02-22,1.2950656489053858
2011-02-23,1.2863363308339097
2011-02-24,1.2899691101538253
2011-02-25,1.3053074109510607
2011-02-28,1.3071726603359026
2011-03-01,1.2865541638200573
2011-03-02,1.2875218822714292
2011-03-03,1.3089203697217202
2011-03-04,1.298564176210218
2011-03-07,1.2818841971651282
2011-03-08,1.2875527041357888
2011-03-09,1.281129766970089
2011-03-10,1.2563910814495605
2011-03-11,1.2642910677481272
2011-03-14,1.2590173300106966
2011-03-15,1.2394561352153408
2011-03-16,1.20495651145091
2011-03-17,1.216825366874372
2011-03-18,1.2144423419042258
2011-03-21,1.2400005555412104
2011-03-22,1.2367263108173276
2011-03-23,1.2425249427722136
2011-03-24,1.258172309096014
2011-03-25,1.2594862788179468
2011-03-28,1.2509815775083635
2011-03-29,1.263122427348023
2011-03-30,1.2653795618317836
2011-03-31,1.263970225217302
2011-04-01,1.2639394509557589
2011-04-04,1.260248848617413
2011-04-05,1.2560036640644838
2011-04-06,1.265503399894978
2011-04-07,1.2669122388356937
2011-04-08,1.2616029667978035
2011-04-11,1.2590046156327326
2011-04-12,1.2476138767089453
2011-04-13,1.2527810976317182
2011-04-14,1.2479909299180263
2011-04-15,1.2359802036162015
2011-04-18,1.2271671121513392
2011-04-19,1.2320974533415472
2011-04-20,1.262723570140807
2011-04-21,1.270597377108468
2011-04-25,1.2781165617350885
2011-04-26,1.2941952821857061
2011-04-27,1.3019564964005235
2011-04-28,1.3051744357189106
2011-04-29,1.308270972007162
2011-05-02,1.3059809510493408
2011-05-03,1.305391489491527
2011-05-04,1.3050322912270995
2011-05-05,1.2964727598654822
2011-05-06,1.2972250000213437
2011-05-09,1.296758620856129
2011-05-10,1.3061777817845908
2011-05-11,1.2982510287822036
2011-05-12,1.3005662111307192
2011-05-13,1.286972371652746
2011-05-16,1.2663745632568335
2011-05-17,1.2724800745060414
2011-05-18,1.279888253126338
2011-05-19,1.2834010095576869
2011-05-20,1.2711281386488218
2011-05-23,1.2523577204445053
2011-05-24,1.2465510400568838
2011-05-25,1.2511671238044453
2011-05-26,1.257452295318848
2011-05-27,1.2609949035699268
2011-05-31,1.2832656060482888
2011-06-01,1.256026657504403
2011-06-02,1.2553967473903613
2011-06-03,1.2399863234419202
2011-06-06,1.2347749523251144
2011-06-07,1.2287760105098813
2011-06-08,1.2218513467232544
2011-06-09,1.222568415614985
2011-06-10,1.2040760460941144
2011-06-13,1.2078205485200952
2011-06-14,1.222485582252262
2011-06-15,1.1990557204592878
2011-06-16,1.1974444171977074
2011-06-17,1.1927023768315208
2011-06-20,1.1997605670332052
2011-06-21,1.2218539603350935
2011-06-22,1.2111733471933674
2011-06-23,1.2191010323797522
2011-06-24,1.1949617235755168
2011-06-27,1.2174980479745188
2011-06-28,1.2372573617034623
2011-06-29,1.236778419928004
2011-06-30,1.2574303485766456
2011-07-01,1.274639606717378
2011-07-05,1.2811943141699904
2011-07-06,1.2875529753594006
2011-07-07,1.309636369626128
2011-07-08,1.305306389233901
2011-07-11,1.2857495719049254
2011-07-12,1.2776570313412086
2011-07-13,1.2815460628903117
2011-07-14,1.2677369810894148
2011-07-15,1.2943954466292311
2011-07-18,1.291528404281245
2011-07-19,1.3228022665974393
2011-07-20,1.3183601995899337
2011-07-21,1.3277248950210123
2011-07-22,1.3431787691773418
2011-07-25,1.3450006227978872
2011-07-26,1.349206985818136
2011-07-27,1.3122527433505182
2011-07-28,1.3170251434167883
2011-07-29,1.3096419114082418
2011-08-01,1.3059855211222398
2011-08-02,1.2775798965048986
2011-08-03,1.2902205803384141
2011-08-04,1.2380914992841368
2011-08-05,1.232052640764183
2011-08-08,1.1623381981184617
2011-08-09,1.2116537734554222
2011-08-10,1.162621251557852
2011-08-11,1.2151007172946942
2011-08-12,1.2171086772829534
2011-08-15,1.2311587585469896
2011-08-16,1.2221479377022864
2011-08-17,1.2179358384313252
2011-08-18,1.1627109275031398
2011-08-19,1.1385015788546702
2011-08-22,1.1420574929560445
2011-08-23,1.182048298014827
2011-08-24,1.1923416204865196
2011-08-25,1.1739754658868238
2011-08-26,1.2014961216389366
2011-08-29,1.2340258197085605
2011-08-30,1.2384313290935327
2011-08-31,1.2410420965646412
2011-09-01,1.2306329951578774
2011-09-02,1.2054421144227687
2011-09-06,1.2008177923041994
2011-09-07,1.231966671299842
2011-09-08,1.230165504179579
2011-09-09,1.2053972294834563
2011-09-12,1.2222490553808483
2011-09-13,1.2413970487774437
2011-09-14,1.2560704134280747
2011-09-15,1.2794096143245428
2011-09-16,1.2931970312496526
2011-09-19,1.297615152003121
2011-09-20,1.293759533498628
2011-09-21,1.2755318261775581
2011-09-22,1.2367194316054706
2011-09-23,1.2497406534041577
2011-09-26,1.264640169042044
2011-09-27,1.2757784278765911
2011-09-28,1.261120531195821
2011-09-29,1.2533384477507405
2011-09-30,1.2198658397354085
2011-10-03,1.1913324402083316
2011-10-04,1.216551945720711
2011-10-05,1.2441817278207334
2011-10-06,1.2613814067153528
2011-10-07,1.2554364514011687
2011-10-10,1.2994692469225733
2011-10-11,1.3071639587248922
2011-10-12,1.3150908029859614
2011-10-13,1.3290658141239908
2011-10-14,1.3578082369746785
2011-10-17,1.3385984339234571
2011-10-18,1.355506167012212
2011-10-19,1.3340811374134864
2011-10-20,1.3274837983772398
2011-10-21,1.340526112255478
2011-10-24,1.3632377824190074
2011-10-25,1.342029137010379
2011-10-26,1.342132830556439
2011-10-27,1.3734807055026754
2011-10-28,1.3683914235265269
2011-10-31,1.3503591950367497
2011-11-01,1.313636552711621
2011-11-02,1.3236058553209191
2011-11-03,1.3546180646238137
2011-11-04,1.3409630721225376
2011-11-07,1.358800954144529
2011-11-08,1.3761637468534462
2011-11-09,1.3286928125703246
2011-11-10,1.3323777975109885
2011-11-11,1.356948292160128
2011-11-14,1.3507710690455255
2011-11-15,1.368678454201746
2011-11-16,1.344140014540871
2011-11-17,1.317170107788149
2011-11-18,1.3083354930342355
2011-11-21,1.2838675519329885
2011-11-22,1.2836271299279152
2011-11-23,1.254795852853641
2011-11-25,1.2472341028895353
2011-11-28,1.289499820382276
2011-11-29,1.282592730641641
2011-11-30,1.3313497759045108
2011-12-01,1.3374122127082113
2011-12-02,1.3369366690229585
2011-12-05,1.3514660651285109
2011-12-06,1.3513030354325637
2011-12-07,1.3522000879715959
2011-12-08,1.332571098515435
2011-12-09,1.3524303126624346
2011-12-12,1.3372031201062236
2011-12-13,1.3300856305004036
2011-12-14,1.3097808387935201
2011-12-15,1.3056208365539104
2011-12-16,1.3144214852686456
2011-12-19,1.301207358886315
2011-12-20,1.335526934307526
2011-12-21,1.310511407865344
2011-12-22,1.318713865001649
2011-12-23,1.3325450111764217
2011-12-27,1.3369459042620753
2011-12-28,1.3243649332819265
2011-12-29,1.3356889781838923
2011-12-30,1.3311529105664668
2012-01-03,1.358402665626666
2012-01-04,1.3743925525719292
2012-01-05,1.3836259435875793
2012-01-06,1.3880602206819346
2012-01-09,1.3799243173960563
2012-01-10,1.3836896646253813
2012-01-11,1.3861387849696951
2012-01-12,1.393397397837738
2012-01-13,1.3898947050023949
2012-01-17,1.398749383628506
2012-01-18,1.4131114509551108
2012-01-19,1.4190918100655148
2012-01-20,1.421558734375054
2012-01-23,1.4233848532414102
2012-01-24,1.4176961060454574
2012-01-25,1.434135396922651
2012-01-26,1.4274354936997946
2012-01-27,1.4292474351886972
2012-01-30,1.4377051510483154
2012-01-31,1.4365556580435013
2012-02-01,1.448696466168969
2012-02-02,1.4504660151527118
2012-02-03,1.467632299080872
2012-02-06,1.4724486693016021
2012-02-07,1.4761350965403457
2012-02-08,1.4851182121557938
2012-02-09,1.4942964320651406
2012-02-10,1.4859068103153263
2012-02-13,1.4967087869380078
2012-02-14,1.4974457900216434
2012-02-15,1.487360081902308
2012-02-16,1.512925395264622
2012-02-17,1.5164527410586215
2012-02-21,1.5255749694281329
2012-02-22,1.5160357198370331
2012-02-23,1.523885483090393
2012-02-24,1.5299003181612039
2012-02-27,1.5313797531682671
2012-02-28,1.5483163072174897
2012-02-29,1.5449939253519143
2012-03-01,1.5558636686993184
2012-03-02,1.5535221269478467
2012-03-05,1.5385142862550178
2012-03-06,1.5278221157901364
2012-03-07,1.5381379255714802
2012-03-08,1.5501553832903132
2012-03-09,1.554273721208327
2012-03-12,1.5563731811960786
2012-03-13,1.587371908770195
2012-03-14,1.5967534569606865
2012-03-15,1.5984964205438872
2012-03-16,1.5944864503594183
2012-03-19,1.6073372534387496
2012-03-20,1.6122569949937424
2012-03-21,1.6059203325945797
2012-03-22,1.6023427114449955
2012-03-23,1.601176633868266
2012-03-26,1.6281937199704746
2012-03-27,1.6324210359228761
2012-03-28,1.6300570360288251
2012-03-29,1.6240058381094191
2012-03-30,1.6185239432901726
2012-04-02,1.636290282907979
2012-04-03,1.6317980162042613
2012-04-04,1.6118311033802946
2012-04-05,1.6222217308776705
2012-04-09,1.6095697086192327
2012-04-10,1.585799531742187
2012-04-11,1.5922848004711552
2012-04-12,1.6145278454719851
2012-04-13,1.585516839915712
2012-04-16,1.571177143232274
2012-04-17,1.6026826606420352
2012-04-18,1.5927637220377637
2012-04-19,1.5650111771305562
2012-04-20,1.5684349301053926
2012-04-23,1.5578148222435821
2012-04-24,1.551210184708961
2012-04-25,1.5953059353357557
2012-04-26,1.6026994134753032
2012-04-27,1.6073341271161468
2012-04-30,1.5955297963615056
2012-05-01,1.597776926857021
2012-05-02,1.601391700460366
2012-05-03,1.5925113199831569
2012-05-04,1.5506403648327456
2012-05-07,1.5495486192136645
2012-05-08,1.5457221897224391
2012-05-09,1.542734777792418
2012-05-10,1.5318518204986935
2012-05-11,1.5309828210577587
2012-05-14,1.5151699711446052
2012-05-15,1.510849862525581
2012-05-16,1.5016132058572251
2012-05-17,1.4775774866997935
2012-05-18,1.4579774181220377
2012-05-21,1.4933537532807666
2012-05-22,1.4886017395410445
2012-05-23,1.489502209378344
2012-05-24,1.4805000240692086
2012-05-25,1.475431414056325
2012-05-29,1.4958552682635493
2012-05-30,1.4913226086502231
2012-05-31,1.4861121060945346
2012-06-01,1.4499171715622523
2012-06-04,1.460147473733536
2012-06-05,1.464437920357148
2012-06-06,1.4992356658126993
2012-06-07,1.4932343697972528
2012-06-08,1.5086357056563808
2012-06-11,1.4824504215968748
2012-06-12,1.5002619438016351
2012-06-13,1.4924283328288435
2012-06-14,1.4980485196739768
2012-06-15,1.517468171246528
2012-06-18,1.5237156480284402
2012-06-19,1.5434101744690583
2012-06-20,1.5485454442911892
2012-06-21,1.5128115931076984
2012-06-22,1.528672869542012
2012-06-25,1.4952456977927207
2012-06-26,1.5005835972369699
2012-06-27,1.5118214644932702
2012-06-28,1.4980914431319579
2012-06-29,1.5441371255085956
2012-07-02,1.5522046858103866
2012-07-03,1.5640157471811487
2012-07-05,1.5637652993839066
2012-07-06,1.5444722867004046
2012-07-09,1.5470246774594927
2012-07-10,1.533863524534415
2012-07-11,1.5257743256373664
2012-07-12,1.5031520486251575
2012-07-13,1.5315261293140243
2012-07-16,1.5297061185366685
2012-07-17,1.5401799386338693
2012-07-18,1.5642540631749358
2012-07-19,1.5800668607360397
2012-07-20,1.5602777925206608
2012-07-23,1.5435558693939302
2012-07-24,1.5265910278880024
2012-07-25,1.5135008799475522
2012-07-26,1.5287614417565996
2012-07-27,1.567216411967999
2012-07-30,1.5679478590474658
2012-07-31,1.5742587543043616
2012-08-01,1.5758113884092093
2012-08-02,1.569099399270349
2012-08-03,1.6001086033870706
2012-08-06,1.6115728299528433
2012-08-07,1.6197559600781977
2012-08-08,1.6188843941569155
2012-08-09,1.6294902999636565
2012-08-10,1.6321938422295648
2012-08-13,1.6367669683596884
2012-08-14,1.6389848083115786
2012-08-15,1.6396887372937603
2012-08-16,1.6645282832748558
2012-08-17,1.674099472087388
2012-08-20,1.678065339887287
2012-08-21,1.669605497629346
2012-08-22,1.6751808658236247
2012-08-23,1.6621524743146303
2012-08-24,1.6694748653795959
2012-08-27,1.6746025107070281
2012-08-28,1.6736539808212552
2012-08-29,1.6730615023135624
2012-08-30,1.6528564004281423
2012-08-31,1.6682238718210896
2012-09-04,1.6641069987973478
2012-09-05,1.6636278178649428
2012-09-06,1.7023341237401433
2012-09-07,1.6929582776009238
2012-09-10,1.6663485811350631
2012-09-11,1.664371223997496
2012-09-12,1.6691428310119727
2012-09-13,1.6925724822829098
2012-09-14,1.703245290874868
2012-09-17,1.7062828058775776
2012-09-18,1.708645319016099
2012-09-19,1.709249147836988
2012-09-20,1.7097330365578751
2012-09-21,1.7094330917662182
2012-09-24,1.7008489441363401
2012-09-25,1.676871585467086
2012-09-26,1.664526163886403
2012-09-27,1.687420305070177
2012-09-28,1.6730555270511878
2012-10-01,1.6688268058102405
2012-10-02,1.673169310606579
2012-10-03,1.6842813820518405
2012-10-04,1.6863369153308634
2012-10-05,1.6754654534466098
2012-10-08,1.6573762716468141
2012-10-09,1.6335477509459793
2012-10-10,1.626680829707722
2012-10-11,1.6197314951383999
2012-10-12,1.6228649979897858
2012-10-15,1.6375635489420628
2012-10-16,1.6612729231703531
2012-10-17,1.658161538582372
2012-10-18,1.6306260771105234
2012-10-19,1.5891164586717828
2012-10-22,1.6005486152949056
2012-10-23,1.5851545816286403
2012-10-24,1.578651464036799
2012-10-25,1.5760764053452243
2012-10-26,1.5858431641398223
2012-10-31,1.5801523244267524
2012-11-01,1.603830056782105
2012-11-02,1.58710386233587
2012-11-05,1.5933698791766169
2012-11-06,1.5964028379646786
2012-11-07,1.5513709715531976
2012-11-08,1.530200467623154
2012-11-09,1.5399366837559607
2012-11-12,1.5329673696232953
2012-11-13,1.5189126147112249
2012-11-14,1.5060962121345751
2012-11-15,1.4990640750610353
2012-11-16,1.5036280552384547
2012-11-19,1.5400126997865573
2012-11-20,1.536485548633076
2012-11-21,1.5391449966859674
2012-11-23,1.5645474583683048
2012-11-26,1.570702809296664
2012-11-27,1.567808666979893
2012-11-28,1.5788699100539096
2012-11-29,1.582461366067706
2012-11-30,1.5822737161122884
2012-12-03,1.57992557883667
2012-12-04,1.5772261819035853
2012-12-05,1.5557784433830684
2012-12-06,1.5674389778950562
2012-12-07,1.5521926054653352
2012-12-10,1.5603158538533854
2012-12-11,1.5809974927111472
2012-12-12,1.5765651443110849
2012-12-13,1.5642294931110554
2012-12-14,1.5461802535247784
2012-12-17,1.571188609353596
2012-12-18,1.5961131622862188
2012-12-19,1.593486110032452
2012-12-20,1.5944422375435887
2012-12-21,1.5774724736766803
2012-12-24,1.5713306968653857
2012-12-26,1.563653540985705
2012-12-27,1.5583789850235599
2012-12-28,1.5411244486590678
2012-12-31,1.5698507013700167
2013-01-02,1.6229943025516969
2013-01-03,1.6112351546742418
2013-01-04,1.6012980679626472
2013-01-07,1.5970964871934952
2013-01-08,1.5952769072045618
2013-01-09,1.5991667443646327
2013-01-10,1.6063819133527224
2013-01-11,1.6082571466205346
2013-01-14,1.5977571282041882
2013-01-15,1.5889041221210511
2013-01-16,1.5971430497194825
2013-01-17,1.6023691176120434
2013-01-18,1.5899800684673846
2013-01-22,1.5885932219835208
2013-01-23,1.6063740955219636
2013-01-24,1.5740707581524258
2013-01-25,1.5745989892325196
2013-01-28,1.5821492139836129
2013-01-29,1.5881002660962027
2013-01-30,1.582327616624474
2013-01-31,1.5773915405633898
2013-02-01,1.5982409658700183
2013-02-04,1.5705870252129983
2013-02-05,1.5945814184463145
2013-02-06,1.5896586870217115
2013-02-07,1.5897705785005551
2013-02-08,1.6062548592827541
2013-02-11,1.6104322836574978
2013-02-12,1.6017887152463537
2013-02-13,1.608511979348338
2013-02-14,1.6087314153579553
2013-02-15,1.6060055437465695
2013-02-19,1.620536200509799
2013-02-20,1.599390707353413
2013-02-21,1.582174100020749
2013-02-22,1.595060917949556
2013-02-25,1.579716366570854
2013-02-26,1.5871564385683854
2013-02-27,1.6021941995009241
2013-02-28,1.5971836315624923
2013-03-01,1.6001178180196904
2013-03-04,1.6063373531066543
2013-03-05,1.6317904413113073
2013-03-06,1.6286694658404663
2013-03-07,1.6333505223197717
2013-03-08,1.6301324195437659
2013-03-11,1.6338183935091675
2013-03-12,1.6225634421806865
2013-03-13,1.6210711112008132
2013-03-14,1.6301423024907662
2013-03-15,1.628904076246044
2013-03-18,1.6265426861164256
2013-03-19,1.625661197749071
2013-03-20,1.6349372129914717
2013-03-21,1.6041758737995113
2013-03-22,1.6170955553052193
2013-03-25,1.6136484250909355
2013-03-26,1.622565140243184
2013-03-27,1.6224205126994082
2013-03-28,1.6237083390360503
2013-04-01,1.61116517960637
2013-04-02,1.6299511544012422
2013-04-03,1.617655119970019
2013-04-04,1.6150059093613223
2013-04-05,1.598371112521617
2013-04-08,1.6024573008560075
2013-04-09,1.622677503746238
2013-04-10,1.6568841155644372
2013-04-11,1.6415996234616015
2013-04-12,1.638881125901854
2013-04-15,1.6118549079243913
2013-04-16,1.6341710744414142
2013-04-17,1.6002810526344533
2013-04-18,1.582684643604461
2013-04-19,1.6100670546367943
2013-04-22,1.633339893475564
2013-04-23,1.6453424943649908
2013-04-24,1.6473987584489456
2013-04-25,1.6467564242011987
2013-04-26,1.6476563563371247
2013-04-29,1.6698474619212205
2013-04-30,1.6840357840102325
2013-05-01,1.6786631016664746
2013-05-02,1.699224698401199
2013-05-03,1.7134254129486226
2013-05-06,1.7255547612769795
2013-05-07,1.7174150644572312
2013-05-08,1.7278191471401416
2013-05-09,1.7229793019030375
2013-05-10,1.7322746064302685
2013-05-13,1.7334011405132115
2013-05-14,1.7379200416541456
2013-05-15,1.7453721893830014
2013-05-16,1.7587050437240512
2013-05-17,1.7758241596062112
2013-05-20,1.771968358625257
2013-05-21,1.7738175455382115
2013-05-22,1.7547454982450967
2013-05-23,1.7495108056116886
2013-05-24,1.7493138214931592
2013-05-28,1.7627102121703395
2013-05-29,1.756139309301002
2013-05-30,1.7646926287657518
2013-05-31,1.7489021821792665
2013-06-03,1.7663659848737125
2013-06-04,1.7568969425570018
2013-06-05,1.7407096409149
2013-06-06,1.7401885720630021
2013-06-07,1.7588462296442664
2013-06-10,1.7596641783860751
2013-06-11,1.7399434152881204
2013-06-12,1.7282553778522398
2013-06-13,1.744605876875965
2013-06-14,1.730187646317606
2013-06-17,1.7528807348960043
2013-06-18,1.7656259197427884
2013-06-19,1.7462144285854069
2013-06-20,1.7052560750134227
2013-06-21,1.6881800461609067
2013-06-24,1.671779755975569
2013-06-25,1.6761828447220617
2013-06-26,1.6899706240224837
2013-06-27,1.6938409054236891
2013-06-28,1.7010005558991097
2013-07-01,1.6996849666636158
2013-07-02,1.696652506411686
2013-07-03,1.7062173472116051
2013-07-05,1.717260286933131
2013-07-08,1.718603704239873
2013-07-09,1.7254015496476018
2013-07-10,1.7367668935363005
2013-07-11,1.7746781555985442
2013-07-12,1.7750414159818582
2013-07-15,1.7823922592201746
2013-07-16,1.7843430305396482
2013-07-17,1.7807420617300649
2013-07-18,1.7689634285382883
2013-07-19,1.7269110112720816
2013-07-22,1.736840865964279
2013-07-23,1.7266042817976366
2013-07-24,1.741077982353289
2013-07-25,1.7353085314241816
2013-07-26,1.7421230165896946
2013-07-29,1.7403789510122205
2013-07-30,1.752698038956847
2013-07-31,1.7536929562529888
2013-08-01,1.7677331689814544
2013-08-02,1.7766646905824177
2013-08-05,1.7763615910804986
2013-08-06,1.76406411621248
2013-08-07,1.7729958873212297
2013-08-08,1.7797991301818696
2013-08-09,1.7700435004148862
2013-08-12,1.7815686322114774
2013-08-13,1.789387684190493
2013-08-14,1.7901242426388158
2013-08-15,1.7564758256988287
2013-08-16,1.7515361761068315
2013-08-19,1.751299883997784
2013-08-20,1.7562834079987577
2013-08-21,1.749950854419002
2013-08-22,1.7639558838602933
2013-08-23,1.7801175300174863
2013-08-26,1.7841357084084715
2013-08-27,1.7500684671896154
2013-08-28,1.7500246551403176
2013-08-29,1.757850207240527
2013-08-30,1.7493528269566099
2013-09-03,1.7480905871309893
2013-09-04,1.7631979705264729
2013-09-05,1.7617542801599544
2013-09-06,1.7599133932348656
2013-09-09,1.7818598856433858
2013-09-10,1.7876309554694354
2013-09-11,1.779003008815903
2013-09-12,1.7793902831043535
2013-09-13,1.7843910553181792
2013-09-16,1.7791332162469355
2013-09-17,1.7884178507673372
2013-09-18,1.8124277852901562
2013-09-19,1.8172927547872617
2013-09-20,1.805970928310925
2013-09-23,1.8068695733032563
2013-09-24,1.7995433167959636
2013-09-25,1.792119318186129
2013-09-26,1.7949218168112553
2013-09-27,1.7908295072093456
2013-09-30,1.7840562000739602
2013-10-01,1.8035609847690075
2013-10-02,1.8079115760627442
2013-10-03,1.7884692542023564
2013-10-04,1.7957832098678483
2013-10-07,1.7810108380243124
2013-10-08,1.7573397654497707
2013-10-09,1.7564154786120567
2013-10-10,1.790328055362442
2013-10-11,1.8065211152545466
2013-10-14,1.8170917415990553
2013-10-15,1.8162531713072265
2013-10-16,1.8333443365488096
2013-10-17,1.8380947060663353
2013-10-18,1.8749201468256267
2013-10-21,1.881278174281508
2013-10-22,1.8797251920180378
2013-10-23,1.8698141873673726
2013-10-24,1.878500794077898
2013-10-25,1.902207769846269
2013-10-28,1.9070607298118396
2013-10-29,1.9102470171847081
2013-10-30,1.907952532032161
2013-10-31,1.9059458787347956
2013-11-01,1.9107667145845524
2013-11-04,1.9150211499551542
2013-11-05,1.9168549076016115
2013-11-06,1.9361366701422533
2013-11-07,1.9070932564410605
2013-11-08,1.928573411653212
2013-11-11,1.9224186405817971
2013-11-12,1.9266624018861627
2013-11-13,1.9508802902190783
2013-11-14,1.939237102386041
2013-11-15,1.9416923389743435
2013-11-18,1.929748758662531
2013-11-19,1.9266544011351283
2013-11-20,1.9206011559459546
2013-11-21,1.9378449125528283
2013-11-22,1.9377263940973015
2013-11-25,1.9442533253569647
2013-11-26,1.9519950075723185
2013-11-27,1.968466692198189
2013-11-29,1.9791886549648734
2013-12-02,1.9723761779281688
2013-12-03,1.9761977526592545
2013-12-04,1.984047758282077
2013-12-05,1.977833485131383
2013-12-06,1.9930339741733158
2013-12-09,2.0021786793796426
2013-12-10,1.9935139057592572
2013-12-11,1.9728336466246728
2013-12-12,1.9579669312609977
2013-12-13,1.9420900063178224
2013-12-16,1.956482522007693
2013-12-17,1.9522347615805704
2013-12-18,1.9714968992655868
2013-12-19,1.9767670159207196
2013-12-20,1.9910591994806086
2013-12-23,2.01274375946036
2013-12-24,2.01852392528764
2013-12-26,2.030756172541073
2013-12-27,2.0315869549183025
2013-12-30,2.0297825778332887
2013-12-31,2.0416605590350967
2014-01-02,2.0255779082009724
2014-01-03,2.00696086376197
2014-01-06,1.9995265958397612
2014-01-07,2.0199173911823793
2014-01-08,2.0168485482094436
2014-01-09,2.009221643634237
2014-01-10,2.014593034197152
2014-01-13,1.9930022042024989
2014-01-14,2.032251709624165
2014-01-15,2.060151320866885
2014-01-16,2.06155542868829
2014-01-17,2.0412097168944516
2014-01-21,2.052743256693164
2014-01-22,2.0587069419187833
2014-01-23,2.0545859138215876
2014-01-24,2.0242697175089517
2014-01-27,2.007687143276526
2014-01-28,1.9906036246298684
2014-01-29,1.9755831923333886
2014-01-30,2.0034730728039563
2014-01-31,2.0122769053407326
2014-02-03,1.9649011568501813
2014-02-04,1.973715470238454
2014-02-05,1.9684204087454993
2014-02-06,1.9915463861589775
2014-02-07,2.019367459994369
2014-02-10,2.0318209010619532
2014-02-11,2.0526656079760706
2014-02-12,2.056340092885526
2014-02-13,2.0624199655475737
2014-02-14,2.06613631208967
2014-02-18,2.0702760361442927
2014-02-19,2.048803829388621
2014-02-20,2.0508611395312406
2014-02-21,2.041642177296801
2014-02-24,2.048976721128787
2014-02-25,2.0417280699564926
2014-02-26,2.036670262022366
2014-02-27,2.050552399830181
2014-02-28,2.055407941073585
2014-03-03,2.037513122185912
2014-03-04,2.0629231157740393
2014-03-05,2.0664874341847077
2014-03-06,2.063277832742533
2014-03-07,2.05405286703775
2014-03-10,2.0580863535854053
2014-03-11,2.055433273053286
2014-03-12,2.064080330025721
2014-03-13,2.0397083829789526
2014-03-14,2.0228236843123
2014-03-17,2.042616902447088
2014-03-18,2.0739520759271657
2014-03-19,2.063401348870696
2014-03-20,2.079144546380627
2014-03-21,2.0615279612989816
2014-03-24,2.057474329226366
2014-03-25,2.0678973846043225
2014-03-26,2.045932861844956
2014-03-27,2.0325050903870796
2014-03-28,2.0448233973405525
2014-03-31,2.0582550691846224
2014-04-01,2.0879606114951867
2014-04-02,2.0897544207963015
2014-04-03,2.0871054791468793
2014-04-04,2.0343965623411093
2014-04-07,2.022058334181717
2014-04-08,2.0359037891637235
2014-04-09,2.0637318956586617
2014-04-10,2.006003958265683
2014-04-11,1.9881611203024614
2014-04-14,2.00678572436819
2014-04-15,2.0164001845227397
2014-04-16,2.041573828101326
2014-04-17,2.0351299940872583
2014-04-21,2.044041459452221
2014-04-22,2.0543548899842463
2014-04-23,2.034514286643855
2014-04-24,2.0645005766717013
2014-04-25,2.0421654818751493
2014-04-28,2.0700591291236226
2014-04-29,2.0783064288172155
2014-04-30,2.0795883318937496
2014-05-01,2.080655488373427
2014-05-02,2.0733923587317804
2014-05-05,2.0834534474779947
2014-05-06,2.0581874967402496
2014-05-07,2.0593711982185696
2014-05-08,2.0571782845714854
2014-05-09,2.0600709474585597
2014-05-12,2.081220859490432
2014-05-13,2.0882679829919413
2014-05-14,2.0806657864793046
2014-05-15,2.0710402502832537
2014-05-16,2.081292083964143
2014-05-19,2.0972115738065544
2014-05-20,2.0959020560577457
2014-05-21,2.1176317071943287
2014-05-22,2.1215957082636225
2014-05-23,2.13484240605389
2014-05-27,2.158564610266195
2014-05-28,2.1532725353514923
2014-05-29,2.166955182618744
2014-05-30,2.173966875844899
2014-06-02,2.16760927543217
2014-06-03,2.1663123159524402
2014-06-04,2.171779131703533
2014-06-05,2.193963617045455
2014-06-06,2.2040236648799802
2014-06-09,2.204532997669828
2014-06-10,2.2091839267560656
2014-06-11,2.2023983234550975
2014-06-12,2.182013857243198
2014-06-13,2.19726851682545
2014-06-16,2.1994473682351763
2014-06-17,2.1981564195202274
2014-06-18,2.2100799529549424
2014-06-19,2.2118969896966125
2014-06-20,2.214872695258349
2014-06-23,2.2176491200654493
2014-06-24,2.2106780909776327
2014-06-25,2.2285285764114047
2014-06-26,2.228513764401332
2014-06-27,2.2431150771768698
2014-06-30,2.242166195207761
2014-07-01,2.2615316045443365
2014-07-02,2.266864074472116
2014-07-03,2.2790497159008902
2014-07-07,2.281420693446711
2014-07-08,2.260116680804977
2014-07-09,2.272605293519307
2014-07-10,2.268914952899306
2014-07-11,2.282832758510974
2014-07-14,2.299140684139059
2014-07-15,2.29459987938867
2014-07-16,2.3315748164684154
2014-07-17,2.301318121543648
2014-07-18,2.337275182924507
2014-07-21,2.333795192712628
2014-07-22,2.356195687439858
2014-07-23,2.3679447279948813
2014-07-24,2.352502115507583
2014-07-25,2.3432942462567494
2014-07-28,2.34583283284982
2014-07-29,2.339011547836336
2014-07-30,2.348698446629681
2014-07-31,2.298825156624804
2014-08-01,2.285430195853405
2014-08-04,2.3050003514832373
2014-08-05,2.281136990041054
2014-08-06,2.276806021720246
2014-08-07,2.2739614766199256
2014-08-08,2.2875202296989214
2014-08-11,2.3017808395296555
2014-08-12,2.3014641700804837
2014-08-13,2.333653996146572
2014-08-14,2.34209613883166
2014-08-15,2.35415736651855
2014-08-18,2.374839573302011
2014-08-19,2.388699798857268
2014-08-20,2.388082396190141
2014-08-21,2.395348850789284
2014-08-22,2.3959195546724184
2014-08-25,2.4024510800196532
2014-08-26,2.4014846461649606
2014-08-27,2.4053957480551458
2014-08-28,2.4029077975324196
2014-08-29,2.4154454351300814
2014-09-02,2.4151727916672736
2014-09-03,2.392609235096643
2014-09-04,2.394701627267002
2014-09-05,2.412355824689335
2014-09-08,2.4214281400541147
2014-09-09,2.4093238788021405
2014-09-10,2.4335759397921057
2014-09-11,2.4364092825987673
2014-09-12,2.4236286177049933
2014-09-15,2.411275892171199
2014-09-16,2.4279288042131206
2014-09-17,2.431937810500418
2014-09-18,2.4421747406444294
2014-09-19,2.4501332822450834
2014-09-22,2.4330729532224558
2014-09-23,2.4229026732233545
2014-09-24,2.437918763644415
2014-09-25,2.380951799038168
2014-09-26,2.4091921497102624
2014-09-29,2.4095420958503473
2014-09-30,2.4118534632180086
2014-10-01,2.3783339240099517
2014-10-02,2.374746543360643
2014-10-03,2.3951694654977835
2014-10-06,2.3903866223636108
2014-10-07,2.358467869370882
2014-10-08,2.411676698042016
2014-10-09,2.3739043333023404
2014-10-10,2.3163827104050165
2014-10-13,2.2837275780338655
2014-10-14,2.2842340734073927
2014-10-15,2.2548069873206233
2014-10-16,2.2317566512235287
2014-10-17,2.2602569275622963
2014-10-20,2.2905966450584083
2014-10-21,2.3478107292448307
2014-10-22,2.338647142822169
2014-10-23,2.3788860704540373
2014-10-24,2.3952539213710153
2014-10-27,2.3954443762626516
2014-10-28,2.4380684470634386
2014-10-29,2.444604428106347
2014-10-30,2.4341201314546175
2014-10-31,2.4723828894109583
2014-11-03,2.483366018907955
2014-11-04,2.476648773642248
2014-11-05,2.4691869930069923
2014-11-06,2.4693221052468357
2014-11-07,2.466603842392099
2014-11-10,2.4665586505822454
2014-11-11,2.4753147502349186
2014-11-12,2.482884532376427
2014-11-13,2.5053372096352873
2014-11-14,2.5148135803121088
2014-11-17,2.509711093174704
2014-11-18,2.5273907265235045
2014-11-19,2.5136377002681267
2014-11-20,2.5390259830552475
2014-11-21,2.532647416679149
2014-11-24,2.553176171803552
2014-11-25,2.554059115124985
2014-11-26,2.5724766124912026
2014-11-28,2.581433529264232
2014-12-01,2.557697768012425
2014-12-02,2.5672028392172193
2014-12-03,2.566066275590578
2014-12-04,2.5679793888831477
2014-12-05,2.5571546458597285
2014-12-08,2.5332973019120453
2014-12-09,2.542255769623742
2014-12-10,2.499699635614491
2014-12-11,2.508796580371204
2014-12-12,2.4796895662649527
2014-12-15,2.4531987191400373
2014-12-16,2.4113094025301374
2014-12-17,2.4552631726619225
2014-12-18,2.5198816811446236
2014-12-19,2.523639399891727
2014-12-22,2.5342960018877436
2014-12-23,2.533289632166399
2014-12-24,2.531983108137842
2014-12-26,2.55341019078362
2014-12-29,2.547414115275059
2014-12-30,2.526033972903868
2014-12-31,2.4927052547529778
2015-01-02,2.488493425279247
2015-01-05,2.4482918835552185
2015-01-06,2.417089199722079
2015-01-07,2.4475304098798483
2015-01-08,2.49784920961662
2015-01-09,2.48945856279303
2015-01-12,2.4639533121092376
2015-01-13,2.4665549612196065
2015-01-14,2.456658222895203
2015-01-15,2.422453773258635
2015-01-16,2.4473274922921227
2015-01-20,2.4624926968082486
2015-01-21,2.469380049407558
2015-01-22,2.524357442977981
2015-01-23,2.525827935874908
2015-01-26,2.5177747854563512
2015-01-27,2.4192251325269005
2015-01-28,2.4126143134650984
2015-01-29,2.43579936227338
2015-01-30,2.4116488437813874
2015-02-02,2.444732846397979
2015-02-03,2.459243674463901
2015-02-04,2.458380921654692
2015-02-05,2.485464375961604
2015-02-06,2.469639779951341
2015-02-09,2.4658468674524214
2015-02-10,2.5077325435414735
2015-02-11,2.5181910674121477
2015-02-12,2.562992598511698
2015-02-13,2.585621921044296
2015-02-17,2.5867336592665193
2015-02-18,2.5861585795557205
2015-02-19,2.5853780540817204
2015-02-20,2.601847775917193
2015-02-23,2.6138714299984387
2015-02-24,2.6184643635271514
2015-02-25,2.6046984439178975
2015-02-26,2.6209702691345664
2015-02-27,2.6030754191245267
2015-03-02,2.63128265533448
2015-03-03,2.6203691251942485
2015-03-04,2.6134276226518067
2015-03-05,2.603217084371046
2015-03-06,2.5771842869968884
2015-03-09,2.587174347581887
2015-03-10,2.5304581210020722
2015-03-11,2.5108516440721234
2015-03-12,2.5114475675696157
2015-03-13,2.5014434159245313
2015-03-16,2.53494867568399
2015-03-17,2.53878976230879
2015-03-18,2.5669063753382706
2015-03-19,2.5599313924653186
2015-03-20,2.5698531649571335
2015-03-23,2.5676974545448275
2015-03-24,2.5589177430103125
2015-03-25,2.4948845554482206
2015-03-26,2.491675639989541
2015-03-27,2.4989583486184586
2015-03-30,2.5261756887358917
2015-03-31,2.5005573612462815
2015-04-01,2.489768041569077
2015-04-02,2.485522681774544
2015-04-06,2.5133103493928606
2015-04-07,2.511494605873213
2015-04-08,2.52135383534031
2015-04-09,2.533889771327222
2015-04-10,2.551533652385628
2015-04-13,2.5435675849131583
2015-04-14,2.5334983152707657
2015-04-15,2.5630421672922745
2015-04-16,2.562966343475828
2015-04-17,2.52212292085075
2015-04-20,2.5716725055810064
2015-04-21,2.5717055577205836
2015-04-22,2.589444512445437
2015-04-23,2.602288088849783
2015-04-24,2.672173687422891
2015-04-27,2.675591245468696
2015-04-28,2.681324515869163
2015-04-29,2.6586822663351684
2015-04-30,2.614364774851868
2015-05-01,2.6544638792713124
2015-05-04,2.6554313993981467
2015-05-05,2.612125094086626
2015-05-06,2.583611166255587
2015-05-07,2.59732628683075
2015-05-08,2.6439169161776874
2015-05-11,2.6263891718548256
2015-05-12,2.612121432287454
2015-05-13,2.617774361099587
2015-05-14,2.6604625159441753
2015-05-15,2.6578357840138174
2015-05-18,2.66961550868846
2015-05-19,2.6653808120660925
2015-05-20,2.6694135069593075
2015-05-21,2.681453247823188
2015-05-22,2.678106432103862
2015-05-26,2.6449503771777554
2015-05-27,2.6902903346786533
2015-05-28,2.6830834234714405
2015-05-29,2.662639174414241
2015-06-01,2.669123824007952
2015-06-02,2.659113655268152
2015-06-03,2.6614518807283614
2015-06-04,2.6400459695106684
2015-06-05,2.6248414080762594
2015-06-08,2.5998282664893373
2015-06-09,2.5939203918569795
2015-06-10,2.6312412207463622
2015-06-11,2.635247674973069
2015-06-12,2.608546234623787
2015-06-15,2.5981165613822244
2015-06-16,2.613146947315905
2015-06-17,2.6198162951859607
2015-06-18,2.656111768134679
2015-06-19,2.637925898212436
2015-06-22,2.652716783434726
2015-06-23,2.6472022525106476
2015-06-24,2.6359627959636005
2015-06-25,2.631010477612224
2015-06-26,2.610213644151315
2015-06-29,2.5521092464308444
2015-06-30,2.5590351055940426
2015-07-01,2.5786388600671177
2015-07-02,2.5802274293781235
2015-07-06,2.5728601479994317
2015-07-07,2.574368636203782
2015-07-08,2.535025053078008
2015-07-09,2.5226496213655976
2015-07-10,2.563308029053984
2015-07-13,2.6109636336093964
2015-07-14,2.6281440057933136
2015-07-15,2.638632052054283
2015-07-16,2.6811940279467517
2015-07-17,2.7387830282490317
2015-07-20,2.7488771943486974
2015-07-21,2.7439017605058065
2015-07-22,2.693532712870661
2015-07-23,2.677505908169356
2015-07-24,2.6600250961311693
2015-07-27,2.65246230193226
2015-07-28,2.6773730265063618
2015-07-29,2.689153282391147
2015-07-30,2.698068570615111
2015-07-31,2.693921261296419
2015-08-03,2.686968197611297
2015-08-04,2.664900462210484
2015-08-05,2.67344953899698
2015-08-06,2.6432397992670404
2015-08-07,2.6432997618882803
2015-08-10,2.6820238107373435
2015-08-11,2.640041141813674
2015-08-12,2.6612692027707
2015-08-13,2.6570180990124372
2015-08-14,2.665902437054841
2015-08-17,2.6871621575246687
2015-08-18,2.671938933698863
2015-08-19,2.650813322212007
2015-08-20,2.587085110354751
2015-08-21,2.4637927472990593
2015-08-24,2.3759299618607574
2015-08-25,2.351465547341297
2015-08-26,2.485148923783896
2015-08-27,2.5393793216044185
2015-08-28,2.541498982903681
2015-08-31,2.51697188890106
2015-09-01,2.431778826849827
2015-09-02,2.5069080367327183
2015-09-03,2.4921900036668183
2015-09-04,2.4576872599042296
2015-09-08,2.531269629773709
2015-09-09,2.4980975841594812
2015-09-10,2.528014280130457
2015-09-11,2.5431007402436374
2015-09-14,2.534011686652569
2015-09-15,2.5675465837767044
2015-09-16,2.5754569403286607
2015-09-17,2.5725223474101586
2015-09-18,2.5375183611899224
2015-09-21,2.5549183583720034
2015-09-22,2.5238540742543853
2015-09-23,2.526412921247584
2015-09-24,2.521999236811875
2015-09-25,2.507426364948636
2015-09-28,2.4521358066383674
2015-09-29,2.4401875801739346
2015-09-30,2.495277359956427
2015-10-01,2.499526298713328
2015-10-02,2.5403034655427597
2015-10-05,2.585978929944897
2015-10-06,2.5883651291462435
2015-10-07,2.606894604111084
2015-10-08,2.6159808798524646
2015-10-09,2.6255959724676203
2015-10-12,2.6310751530723864
2015-10-13,2.6234415154103576
2015-10-14,2.6178195848756385
2015-10-15,2.6570216873931294
2015-10-16,2.6675239556467343
2015-10-19,2.682160638104904
2015-10-20,2.6736663522344046
2015-10-21,2.657790876442529
2015-10-22,2.708070052300412
2015-10-23,2.8197153543189244
2015-10-26,2.819616654428824
2015-10-27,2.8154132782085215
2015-10-28,2.8532944161788447
2015-10-29,2.8553592607706153
2015-10-30,2.8283611806707394
2015-11-02,2.8604123715339407
2015-11-03,2.876960348103187
2015-11-04,2.8781772492975795
2015-11-05,2.8627221852440816
2015-11-06,2.8724842398845976
2015-11-09,2.848502803941435
2015-11-10,2.8207071663388175
2015-11-11,2.8201257152065753
2015-11-12,2.7946374325752847
2015-11-13,2.736876965120098
2015-11-16,2.7774966640631664
2015-11-17,2.7752411438333677
2015-11-18,2.825620362381668
2015-11-19,2.842401058335003
2015-11-20,2.8673032650450674
2015-11-23,2.8585641429040884
2015-11-24,2.8568510922822186
2015-11-25,2.8489362201353368
2015-11-27,2.8519462039323344
2015-11-30,2.8467091937761873
2015-12-01,2.875915803668368
2015-12-02,2.8605224862527505
2015-12-03,2.813067260972625
2015-12-04,2.88612549961755
2015-12-07,2.8712449351121823
2015-12-08,2.863131750901086
2015-12-09,2.8200298626094247
2015-12-10,2.830342499163365
2015-12-11,2.7667764442405764
2015-12-14,2.790709548750166
2015-12-15,2.798099517795127
2015-12-16,2.836590286754959
2015-12-17,2.7975257323073177
2015-12-18,2.737693952358389
2015-12-21,2.763697445027057
2015-12-22,2.7834164492568028
2015-12-23,2.8037813910482865
2015-12-24,2.7999355559405954
2015-12-28,2.8039005008185214
2015-12-29,2.847560438948039
2015-12-30,2.8227335606683996
2015-12-31,2.782283505408062
2016-01-04,2.738201162750091
2016-01-05,2.7262477478864553
2016-01-06,2.696389864127034
2016-01-07,2.6068374973150235
2016-01-08,2.594059291341184
2016-01-11,2.61068431066203
2016-01-12,2.6436278082784317
2016-01-13,2.561860205853681
2016-01-14,2.6233800975052883
2016-01-15,2.5306461910799825
2016-01-19,2.5331083631387097
2016-01-20,2.527397828370953
2016-01-21,2.526245583276759
2016-01-22,2.607813022025624
2016-01-25,2.5724059310361587
2016-01-26,2.5907079239182456
2016-01-27,2.516098164061386
2016-01-28,2.585362656330389
2016-01-29,2.6483767797464592
2016-02-01,2.6466893527848616
2016-02-02,2.600451549119645
2016-02-03,2.5913693463935203
2016-02-04,2.5866725243903717
2016-02-05,2.5065959801402644
2016-02-08,2.488713188167273
2016-02-09,2.479336177082272
2016-02-10,2.476234621428062
2016-02-11,2.4905375809986388
2016-02-12,2.5144511950961776
2016-02-16,2.557949782443747
2016-02-17,2.6101579037660825
2016-02-18,2.579383928845221
2016-02-19,2.579616012722929
2016-02-22,2.613198690229698
2016-02-23,2.5655001220318554
2016-02-24,2.588079317582565
2016-02-25,2.6109646510546325
2016-02-26,2.6002958953511524
2016-02-29,2.577118719562751
2016-03-01,2.664319344532091
2016-03-02,2.6679808428373897
2016-03-03,2.66045980196272
2016-03-04,2.660947476244002
2016-03-07,2.6335620894667553
2016-03-08,2.6238681956185035
2016-03-09,2.646246644638978
2016-03-10,2.6444040939483795
2016-03-11,2.6884188631141708
2016-03-14,2.6932544578537128
2016-03-15,2.7099575379150593
2016-03-16,2.7351139393499744
2016-03-17,2.7376479374183873
2016-03-18,2.7318964075663814
2016-03-21,2.740359939898497
2016-03-22,2.753837444745446
2016-03-23,2.7385695884141477
2016-03-24,2.7453124132317734
2016-03-28,2.7370568788268117
2016-03-29,2.784671087701458
2016-03-30,2.801859017769647
2016-03-31,2.793110445726793
2016-04-01,2.8229761082856286
2016-04-04,2.810552980578167
2016-04-05,2.7835339283917286
2016-04-06,2.825270859874258
2016-04-07,2.7854955254410623
2016-04-08,2.7806247709839482
2016-04-11,2.776213313288966
2016-04-12,2.8024939351991467
2016-04-13,2.8325542392894922
2016-04-14,2.8352157707930647
2016-04-15,2.8220771503969293
2016-04-18,2.8324207241800194
2016-04-19,2.8251546532684406
2016-04-20,2.8234374671524716
2016-04-21,2.8232347780123916
2016-04-22,2.7533028738393246
2016-04-25,2.7544686638048073
2016-04-26,2.7305555436241873
2016-04-27,2.6891234600124547
2016-04-28,2.65860966554134
2016-04-29,2.650419616788632
2016-05-02,2.6729924202910085
2016-05-03,2.6541550638397258
2016-05-04,2.6433820739356357
2016-05-05,2.6397210427423565
2016-05-06,2.6564448567612384
2016-05-09,2.659101182550696
2016-05-10,2.698113995061688
2016-05-11,2.6782901931587677
2016-05-12,2.667267634243272
2016-05-13,2.6591673929664132
2016-05-16,2.6931738763893267
2016-05-17,2.6549504746962365
2016-05-18,2.6666527961727904
2016-05-19,2.6547147125889334
2016-05-20,2.6831353997130694
2016-05-23,2.6777616397199715
2016-05-24,2.731978564371383
2016-05-25,2.7600651835435386
2016-05-26,2.76580693044346
2016-05-27,2.7787711210004686
2016-05-31,2.788749154020138
2016-06-01,2.779640744825975
2016-06-02,2.7773476594453212
2016-06-03,2.764044990930223
2016-06-06,2.7704584263273024
2016-06-07,2.768922545308007
2016-06-08,2.776077930975644
2016-06-09,2.7735493561378437
2016-06-10,2.7517273938271254
2016-06-13,2.7213642450150766
2016-06-14,2.725074249023885
2016-06-15,2.710289316162322
2016-06-16,2.7195872726374803
2016-06-17,2.6826215425663555
2016-06-20,2.6889765947090956
2016-06-21,2.7052087564720226
2016-06-22,2.700923185521491
2016-06-23,2.733393157054231
2016-06-24,2.6366904847862465
2016-06-27,2.5959509576210573
2016-06-28,2.6482333242148686
2016-06-29,2.6832103888537686
2016-06-30,2.717517419175713
2016-07-01,2.73080037864887
2016-07-05,2.7199292626100746
2016-07-06,2.7441204307322176
2016-07-07,2.749733950631116
2016-07-08,2.792261611039783
2016-07-11,2.8088786456874115
2016-07-12,2.8252221537018656
2016-07-13,2.8166521359825953
2016-07-14,2.838149462051083
2016-07-15,2.835638365324479
2016-07-18,2.859261375327043
2016-07-19,2.8565682327728994
2016-07-20,2.8971070103270717
2016-07-21,2.878120902785451
2016-07-22,2.890745579432746
2016-07-25,2.8874800932008404
2016-07-26,2.8806103209863236
2016-07-27,2.9217214008026438
2016-07-28,2.9375589981204273
2016-07-29,2.9524006733417
2016-08-01,2.976042883438635
2016-08-02,2.956380303920933
2016-08-03,2.9624750023635196
2016-08-04,2.9773815988389747
2016-08-05,3.0066606167814087
2016-08-08,3.0086233738952823
2016-08-09,3.010670113608245
2016-08-10,3.00099162272822
2016-08-11,3.009023306265146
2016-08-12,3.006001934184472
2016-08-15,3.018902368630174
2016-08-16,3.0083123237797116
2016-08-17,3.014614526334564
2016-08-18,3.0087232628519303
2016-08-19,3.0033100203407304
2016-08-22,3.002656626240808
2016-08-23,3.0078302641004324
2016-08-24,2.9919799042837716
2016-08-25,2.990915213085237
2016-08-26,2.9961706430268817
2016-08-29,3.004372633982887
2016-08-30,2.99286255295992
2016-08-31,2.9891580779505373
2016-09-01,2.9985677743933845
2016-09-02,3.011253060860638
2016-09-06,3.0356491055510144
2016-09-07,3.040017289264301
2016-09-08,3.0160031354373564
2016-09-09,2.9491011788027572
2016-09-12,3.000126432503732
2016-09-13,2.983629357113283
2016-09-14,3.0066768956015246
2016-09-15,3.0620728622649023
2016-09-16,3.066151926737558
2016-09-19,3.0479928322483474
2016-09-20,3.057343098064963
2016-09-21,3.0813394346347662
2016-09-22,3.103635503219798
2016-09-23,3.0782341078925155
2016-09-26,3.051573262830726
2016-09-27,3.0780568254805916
2016-09-28,3.0888584835915713
2016-09-29,3.057889357626365
2016-09-30,3.076457700131144
2016-10-03,3.0709115008315693
2016-10-04,3.0677685015511877
2016-10-05,3.078778227903862
2016-10-06,3.0820465563016812
2016-10-07,3.082106973638881
2016-10-10,3.1079215665306394
2016-10-11,3.075492517398716
2016-10-12,3.076695372473429
2016-10-13,3.0624799845837183
2016-10-14,3.069565550061071
2016-10-17,3.064585910290593
2016-10-18,3.0850900572049755
2016-10-19,3.0677171483160617
2016-10-20,3.0573811382146987
2016-10-21,3.0750115622828442
2016-10-24,3.1121730736613746
2016-10-25,3.103648993461071
2016-10-26,3.0718296138997294
2016-10-27,3.051271892530446
2016-10-28,3.0196500641224415
2016-10-31,3.0125350666866404
2016-11-01,2.9876939351917384
2016-11-02,2.9612836421621562
2016-11-03,2.9227994334928944
2016-11-04,2.907572763725835
2016-11-07,2.97587167250579
2016-11-08,2.994311903416094
2016-11-09,3.000594286307643
2016-11-10,2.9521638036119797
2016-11-11,2.9522263250524166
2016-11-14,2.905545792412235
2016-11-15,2.95122124243759
2016-11-16,2.974941904515332
2016-11-17,2.9862695476355663
2016-11-18,2.974313402452987
2016-11-21,3.0080690493260143
2016-11-22,3.0152058174329732
2016-11-23,2.9979948660355666
2016-11-25,3.007763440939109
2016-11-28,3.0019782825052395
2016-11-29,3.0128685402402584
2016-11-30,2.9740104626799173
2016-12-01,2.932143643900903
2016-12-02,2.934501425102033
2016-12-05,2.9604746184756623
2016-12-06,2.964114331160224
2016-12-07,3.0008918622531096
2016-12-08,3.007306085207819
2016-12-09,3.0414145071899044
2016-12-12,3.036520918509514
2016-12-13,3.085097777161684
2016-12-14,3.0807502207019075
2016-12-15,3.0856402855759115
2016-12-16,3.0717476238561234
2016-12-19,3.093116830591177
2016-12-20,3.100095453765656
2016-12-21,3.093772055254847
2016-12-22,3.0836484167485088
2016-12-23,3.0808995206065113
2016-12-27,3.09479530973708
2016-12-28,3.075889386344068
2016-12-29,3.0697984532418707
2016-12-30,3.0358299147121977
2017-01-03,3.0678826733787146
2017-01-04,3.0730164313842017
2017-01-05,3.0921761146869877
2017-01-06,3.128462761415728
2017-01-09,3.1430056744327866
2017-01-10,3.1423210818123946
2017-01-11,3.1593061133940696
2017-01-12,3.152155280287451
2017-01-13,3.164454285899884
2017-01-17,3.159092958440851
2017-01-18,3.159684154259734
2017-01-19,3.1503754890282183
2017-01-20,3.1637347888798035
2017-01-23,3.1758320601584704
2017-01-24,3.1943655618207605
2017-01-25,3.2255135493939218
2017-01-26,3.236693188201817
2017-01-27,3.2519072167927012
2017-01-30,3.217007681335405
2017-01-31,3.2034643645517926
2017-02-01,3.2424133413170684
2017-02-02,3.240591736683274
2017-02-03,3.2526979034501564
2017-02-06,3.2554233838269133
2017-02-07,3.2691268781554315
2017-02-08,3.2791482845715576
2017-02-09,3.2849697283605037
2017-02-10,3.2880223239608215
2017-02-13,3.3155597673421275
2017-02-14,3.3325793517959412
2017-02-15,3.3461827993073934
2017-02-16,3.3561922057326146
2017-02-17,3.361686043497782
2017-02-21,3.3761656554757695
2017-02-22,3.379533522934194
2017-02-23,3.3757994491303216
2017-02-24,3.3800337320634255
2017-02-27,3.381668057836585
2017-02-28,3.3707663400225036
2017-03-01,3.410516888923361
2017-03-02,3.3898766016652844
2017-03-03,3.397520608879905
2017-03-06,3.3909567532458245
2017-03-07,3.3938588947141883
2017-03-08,3.395429830224305
2017-03-09,3.4014329352524597
2017-03-10,3.413880801815171
2017-03-13,3.4087287503819597
2017-03-14,3.4044138481811057
2017-03-15,3.42363179012893
2017-03-16,3.422064614073044
2017-03-17,3.404660625933053
2017-03-20,3.4150990135481596
2017-03-21,3.370409646862097
2017-03-22,3.3943454517873697
2017-03-23,3.3817718836044928
2017-03-24,3.38058625944023
2017-03-27,3.383236770094123
2017-03-28,3.4098639615490143
2017-03-29,3.4225358722237105
2017-03-30,3.428525995420215
2017-03-31,3.432945191757768
2017-04-03,3.437381764107974
2017-04-04,3.4500526315996836
2017-04-05,3.4340466013741247
2017-04-06,3.430967923843785
2017-04-07,3.425031883461629
2017-04-10,3.4222683271797636
2017-04-11,3.4041509669840533
2017-04-12,3.3979089902629247
2017-04-13,3.379040461059875
2017-04-17,3.410407081811524
2017-04-18,3.409488235790706
2017-04-19,3.407376351293594
2017-04-20,3.4349911410301
2017-04-21,3.439243542537558
2017-04-24,3.4833880739867213
2017-04-25,3.506899694823883
2017-04-26,3.5047650428762807
2017-04-27,3.525493227333077
2017-04-28,3.542656604709357
2017-05-01,3.5828928580477464
2017-05-02,3.5993308277193505
2017-05-03,3.5949637897464704
2017-05-04,3.5875966987852856
2017-05-05,3.603218257805626
2017-05-08,3.6333623168395004
2017-05-09,3.633661121268117
2017-05-10,3.621602854134597
2017-05-11,3.618572752824501
2017-05-12,3.630091780086301
2017-05-15,3.6367710847495753
2017-05-16,3.652398985230314
2017-05-17,3.5584811044704003
2017-05-18,3.5779149400891006
2017-05-19,3.584428559100189
2017-05-22,3.6109885039502325
2017-05-23,3.620748517976561
2017-05-24,3.634834436596918
2017-05-25,3.663000518757539
2017-05-26,3.6700522533196094
2017-05-30,3.67685855132642
2017-05-31,3.6638040830347802
2017-06-01,3.6731991989322714
2017-06-02,3.7205997158508453
2017-06-05,3.7209971107009716
2017-06-06,3.7124271598965954
2017-06-07,3.7273472378874972
2017-06-08,3.7235374521955893
2017-06-09,3.6281307395503624
2017-06-12,3.595248659534149
2017-06-13,3.6293128759277056
2017-06-14,3.6107903634513794
2017-06-15,3.59295705807103
2017-06-16,3.587174830809675
2017-06-19,3.6459225344155914
2017-06-20,3.610042409556023
2017-06-21,3.6333256793419895
2017-06-22,3.6285444405725813
2017-06-23,3.645214515128723
2017-06-26,3.6250581355809763
2017-06-27,3.563679871464068
2017-06-28,3.61330982422852
2017-06-29,3.5486927204513417
2017-06-30,3.548814425458743
2017-07-03,3.518330526373452
2017-07-05,3.5584517329653087
2017-07-06,3.5232619100292384
2017-07-07,3.561487721933039
2017-07-10,3.587664150415426
2017-07-11,3.599539024817688
2017-07-12,3.635398544586035
2017-07-13,3.6563536786035704
2017-07-14,3.684923517310163
2017-07-17,3.6929512753509957
2017-07-18,3.713721079148591
2017-07-19,3.7369956079458757
2017-07-20,3.738875834923366
2017-07-21,3.7366213356313476
2017-07-24,3.7533743285636425
2017-07-25,3.748921345590576
2017-07-26,3.74220683551459
2017-07-27,3.7172631415196937
2017-07-28,3.71660699236427
2017-07-31,3.6925447404910856
2017-08-01,3.7109638565468965
2017-08-02,3.7460452604852437
2017-08-03,3.726607296785017
2017-08-04,3.7398967234865887
2017-08-07,3.760209592247958
2017-08-08,3.7664733877244676
2017-08-09,3.7705982577921042
2017-08-10,3.6945053074228738
2017-08-11,3.728295884566848
2017-08-14,3.781538121321021
2017-08-15,3.7868296697181814
2017-08-16,3.7864871847872106
2017-08-17,3.7105668264827534
2017-08-18,3.703759945601594
2017-08-21,3.7003143118589783
2017-08-22,3.750817465057234
2017-08-23,3.7357402734479215
2017-08-24,3.7248645176349178
2017-08-25,3.7211767467406247
2017-08-28,3.735564304008443
2017-08-29,3.7535022638251996
2017-08-30,3.7884025361863305
2017-08-31,3.8206213753868568
2017-09-01,3.816955584787456
2017-09-05,3.778826659634886
2017-09-06,3.7943190732656795
2017-09-07,3.7910678660936887
2017-09-08,3.7513825435486376
2017-09-11,3.79964137342657
2017-09-12,3.808508862177365
2017-09-13,3.8128687237519667
2017-09-14,3.7874215703764054
2017-09-15,3.796663636907965
2017-09-18,3.7785253464466457
2017-09-19,3.7923577699657023
2017-09-20,3.7829015785556903
2017-09-21,3.7569476040385354
2017-09-22,3.7515855779893177
2017-09-25,3.7091144062949017
2017-09-26,3.728908976330877
2017-09-27,3.767005634879607
2017-09-28,3.766067816308101
2017-09-29,3.797359925775957
2017-10-02,3.7954392668155776
2017-10-03,3.8065558291719306
2017-10-04,3.8033447733889134
2017-10-05,3.8446029137679942
2017-10-06,3.852316067975902
2017-10-09,3.8580795966169323
2017-10-10,3.849327082555175
2017-10-11,3.8623936378239674
2017-10-12,3.850301284942607
2017-10-13,3.869583152039784
2017-10-16,3.8944217321150183
2017-10-17,3.9080896304180435
2017-10-18,3.9029069239210585
2017-10-19,3.874002114903763
2017-10-20,3.8915017219501498
2017-10-23,3.863000641820878
2017-10-24,3.8766526285299663
2017-10-25,3.8638972062455457
2017-10-26,3.8695334351469377
2017-10-27,4.05111754537046
2017-10-30,4.073271720746598
2017-10-31,4.085302482718546
2017-11-01,4.09931447994364
2017-11-02,4.091813921636681
2017-11-03,4.1293408717367335
2017-11-06,4.14378888861504
2017-11-07,4.162575991509978
2017-11-08,4.176993044252888
2017-11-09,4.159626770588919
2017-11-10,4.142898371011839
2017-11-13,4.14328359829068
2017-11-14,4.127513758315019
2017-11-15,4.101616088064517
2017-11-16,4.14573430796803
2017-11-17,4.107417432690591
2017-11-20,4.105301487329102
2017-11-21,4.162038582453725
2017-11-22,4.167759719390453
2017-11-24,4.183078491372415
2017-11-27,4.19300705200815
2017-11-28,4.2029017535690345
2017-11-29,4.129585885651175
2017-11-30,4.171571735599421
2017-12-01,4.161398337387948
2017-12-04,4.118571247556072
2017-12-05,4.114149632264196
2017-12-06,4.129651457735217
2017-12-07,4.13582571217927
2017-12-08,4.156339989086491
2017-12-11,4.197960522009874
2017-12-12,4.191373674584182
2017-12-13,4.1935589082898135
2017-12-14,4.192713506068657
2017-12-15,4.2539200429520365
2017-12-18,4.290231202870218
2017-12-19,4.2714160291978
2017-12-20,4.2672348891059855
2017-12-21,4.268689252961637
2017-12-22,4.264262456678523
2017-12-26,4.230955508634759
2017-12-27,4.234025210805919
2017-12-28,4.235175977922702
2017-12-29,4.207192442623106
2018-01-02,4.278852768674695
2018-01-03,4.294601568679063
2018-01-04,4.303334046336876
2018-01-05,4.353971865142084
2018-01-08,4.36178053866751
2018-01-09,4.354758289719369
2018-01-10,4.34540651159448
2018-01-11,4.379693682080476
2018-01-12,4.409513829331847
2018-01-16,4.384676096703267
2018-01-17,4.433372224623622
2018-01-18,4.438759913673353
2018-01-19,4.451963554770638
2018-01-22,4.506058497329377
2018-01-23,4.538234872061113
2018-01-24,4.508939892052945
2018-01-25,4.49995878162508
2018-01-26,4.591156407256871
2018-01-29,4.563985740556193
2018-01-30,4.531306428759184
2018-01-31,4.542611300397841
2018-02-01,4.524244434391583
2018-02-02,4.4120836708743045
2018-02-05,4.231936270632907
2018-02-06,4.356791631257047
2018-02-07,4.295915123474394
2018-02-08,4.113396085017195
2018-02-09,4.198864875108614
2018-02-12,4.278114096714755
2018-02-13,4.300593835523197
2018-02-14,4.390475389500927
2018-02-15,4.481699142534982
2018-02-16,4.46182901273566
2018-02-20,4.474101400542256
2018-02-21,4.4606992041907185
2018-02-22,4.466366005598799
2018-02-23,4.562043503740446
2018-02-26,4.636638412579842
2018-02-27,4.577222200925789
2018-02-28,4.54393396120091
2018-03-01,4.470553636913717
2018-03-02,4.50388710302827
2018-03-05,4.552795559572951
2018-03-06,4.563923546814264
2018-03-07,4.573624912296032
2018-03-08,4.5970495747671665
2018-03-09,4.69144214748243
2018-03-12,4.703390709082091
2018-03-13,4.6458532855332475
2018-03-14,4.643808417521816
2018-03-15,4.637137251158568
2018-03-16,4.623259816580011
2018-03-19,4.516915647571524
2018-03-20,4.520974416106859
2018-03-21,4.492291829701565
2018-03-22,4.379349376787588
2018-03-23,4.265560855473621
2018-03-26,4.449224753489025
2018-03-27,4.293837821501399
2018-03-28,4.2428558954618625
2018-03-29,4.341416768580935
2018-04-02,4.212923269899327
2018-04-03,4.2576968264846755
2018-04-04,4.323324215649665
2018-04-05,4.361922486196227
2018-04-06,4.256461436939747
2018-04-09,4.288388353750889
2018-04-10,4.38830508825234
2018-04-11,4.3636729137851535
2018-04-12,4.411563516999173
2018-04-13,4.3956715931107295
2018-04-16,4.4307163359224395
2018-04-17,4.52946948685963
2018-04-18,4.531407648184533
2018-04-19,4.507154706083816
2018-04-20,4.4253431593485635
2018-04-23,4.4255613090319
2018-04-24,4.324972097093264
2018-04-25,4.331754404940373
2018-04-26,4.426141243808984
2018-04-27,4.4304473359876155
2018-04-30,4.3953211527292435
2018-05-01,4.466989681597926
2018-05-02,4.467945389636688
2018-05-03,4.4690558574917425
2018-05-04,4.562050286067088
2018-05-07,4.604171520465703
2018-05-08,4.5951188663973745
2018-05-09,4.653827508114372
2018-05-10,4.7082565145900865
2018-05-11,4.7034622123272
2018-05-14,4.709217010627001
2018-05-15,4.651399772457854
2018-05-16,4.675239006711891
2018-05-17,4.647830190929482
2018-05-18,4.62553356425727
2018-05-21,4.667007067404129
2018-05-22,4.659847129377426
2018-05-23,4.700394621016833
2018-05-24,4.684987660587279
2018-05-25,4.691964920180851
2018-05-29,4.672911694670323
2018-05-30,4.698174897727957
2018-05-31,4.709053832464504
2018-06-01,4.8019887278029465
2018-06-04,4.834993447897334
2018-06-05,4.846869372212685
2018-06-06,4.8667114299555365
2018-06-07,4.817484984735337
2018-06-08,4.80686171196395
2018-06-11,4.807961728040752
2018-06-12,4.833056159554609
2018-06-13,4.8201039457042665
2018-06-14,4.87393847793258
2018-06-15,4.839550853287743
2018-06-18,4.839459529158946
2018-06-19,4.820123693029178
2018-06-20,4.859841079903826
2018-06-21,4.81168659442184
2018-06-22,4.807050220647543
2018-06-25,4.7014578417398125
2018-06-26,4.720662071810006
2018-06-27,4.665795156645305
2018-06-28,4.712969043315107
2018-06-29,4.714273015683161
2018-07-02,4.764033262374414
2018-07-03,4.698790646150128
2018-07-05,4.757475411073905
2018-07-06,4.820676939447219
2018-07-09,4.8684253797602475
2018-07-10,4.872728379129538
2018-07-11,4.850374519092794
2018-07-12,4.9506048940477925
2018-07-13,4.959204341263231
2018-07-16,4.954899245119471
2018-07-17,4.979588856234367
2018-07-18,4.9603992491137525
2018-07-19,4.951252756041631
2018-07-20,4.958060116243259
2018-07-23,4.980819215346007
2018-07-24,5.027256197192996
2018-07-25,5.101376741737141
2018-07-26,4.994037618329379
2018-07-27,4.8961753251857765
2018-07-30,4.834195222516287
2018-07-31,4.858410417076939
2018-08-01,4.929199030197668
2018-08-02,5.00599271293257
2018-08-03,5.022784073973206
2018-08-06,5.057232323197654
2018-08-07,5.073304714002384
2018-08-08,5.088830675096972
2018-08-09,5.101189355380801
2018-08-10,5.061615207272089
2018-08-13,5.060944214988177
2018-08-14,5.094490027568761
2018-08-15,5.044501129933206
2018-08-16,5.062734733741304
2018-08-17,5.082231293426412
2018-08-20,5.060033214862812
2018-08-21,5.059017723384339
2018-08-22,5.076095212377406
2018-08-23,5.077154853730614
2018-08-24,5.1187833811098535
2018-08-27,5.173566991629218
2018-08-28,5.185704763441147
2018-08-29,5.2593011899522
2018-08-30,5.263182143386855
2018-08-31,5.275091240394693
2018-09-04,5.247843469505398
2018-09-05,5.177611022407592
2018-09-06,5.118637199623322
2018-09-07,5.09308722926898
2018-09-10,5.0923488587187
2018-09-11,5.149244285531876
2018-09-12,5.116055617854844
2018-09-13,5.180419290340503
2018-09-14,5.161146434911231
2018-09-17,5.080780939107139
2018-09-18,5.121352040866486
2018-09-19,5.112685081612013
2018-09-20,5.177371693236017
2018-09-21,5.14448567015656
2018-09-24,5.169150098387325
2018-09-25,5.18400182660432
2018-09-26,5.172932624591622
2018-09-27,5.228374295622809
2018-09-28,5.234369670480575
2018-10-01,5.245429753341404
2018-10-02,5.2535822847150175
2018-10-03,5.274612408185366
2018-10-04,5.176913554525966
2018-10-05,5.119518018235506
2018-10-08,5.0929131121472455
2018-10-09,5.117312885309438
2018-10-10,4.881022729374651
2018-10-11,4.828606262777639
2018-10-12,4.971738536330806
2018-10-15,4.898421708852
2018-10-16,5.038932136248517
2018-10-17,5.03691629574406
2018-10-18,4.928324275281678
2018-10-19,4.936721866388792
2018-10-22,4.970379341278425
2018-10-23,4.954730892299703
2018-10-24,4.72480049338714
2018-10-25,4.915388348757359
2018-10-26,4.811322417540962
2018-10-29,4.696816903189678
2018-10-30,4.758405637173199
2018-10-31,4.882399625133524
2018-11-01,4.9227025555046655
2018-11-02,4.809428849956318
2018-11-05,4.781583966317159
2018-11-06,4.808925635667332
2018-11-07,4.976420988486419
2018-11-08,4.9576641050241115
2018-11-09,4.865987323229082
2018-11-12,4.708504663815987
2018-11-13,4.698669163910567
2018-11-14,4.647771085506037
2018-11-15,4.741519847357881
2018-11-16,4.7440740525537155
2018-11-19,4.588077086455209
2018-11-20,4.49005485602321
2018-11-21,4.519724366374302
2018-11-23,4.467049650682322
2018-11-26,4.579981397638233
2018-11-27,4.59599130004503
2018-11-28,4.750552924231568
2018-11-29,4.733752517953818
2018-11-30,4.77591113832827
2018-12-03,4.85950888180391
2018-12-04,4.663768072521088
2018-12-06,4.696976424643292
2018-12-07,4.532850604632285
2018-12-10,4.594779948766491
2018-12-11,4.605533127717912
2018-12-12,4.638690467296147
2018-12-13,4.655859069012242
2018-12-14,4.534437467020081
2018-12-17,4.431109334820148
2018-12-18,4.476253683797371
2018-12-19,4.366776052818699
2018-12-20,4.298395983614602
2018-12-21,4.148874510285845
2018-12-24,4.046469815004411
2018-12-26,4.316802157110679
2018-12-27,4.327323056383094
2018-12-28,4.322141565114814
2018-12-31,4.352559977656034
2019-01-02,4.374673259313985
2019-01-03,4.181511090546074
2019-01-04,4.37617737079285
2019-01-07,4.396671256906031
2019-01-08,4.45380430598444
2019-01-09,4.485564310177353
2019-01-10,4.485707989920452
2019-01-11,4.45728554944712
2019-01-14,4.415646184685225
2019-01-15,4.516021989953713
2019-01-16,4.526332704791416
2019-01-17,4.556960583801118
2019-01-18,4.602412569873451
2019-01-22,4.501910385207544
2019-01-23,4.528176609849944
2019-01-24,4.536234070361329
2019-01-25,4.568856282440136
2019-01-28,4.498885882586035
2019-01-29,4.4505804206345045
2019-01-30,4.592314001658627
2019-01-31,4.663518492873485
2019-02-01,4.630103015620038
2019-02-04,4.707285894041217
2019-02-05,4.766294827774956
2019-02-06,4.739998633830293
2019-02-07,4.670901675506956
2019-02-08,4.669328439192551
2019-02-11,4.655174642233295
2019-02-12,4.7232726274882495
2019-02-13,4.717900854888623
2019-02-14,4.726789306676103
2019-02-15,4.743562337745752
2019-02-19,4.751576493226185
2019-02-20,4.750112101710126
2019-02-21,4.749145916810318
2019-02-22,4.806456807001774
2019-02-25,4.839160841535813
2019-02-26,4.854878358397039
2019-02-27,4.858388041560373
2019-02-28,4.844224186383551
2019-03-01,4.888097317569821
2019-03-04,4.911975920209696
2019-03-05,4.9194289502439315
2019-03-06,4.8947717468115055
2019-03-07,4.832649686783195
2019-03-08,4.829904857628205
2019-03-11,4.946941872208634
2019-03-12,4.981498640618825
2019-03-13,5.0185509713079695
2019-03-14,5.014158944125504
2019-03-15,5.056721670214231
2019-03-18,5.073731301887778
2019-03-19,5.081003578132968
2019-03-20,5.116585758770953
2019-03-21,5.209754151011199
2019-03-22,5.090532637792311
2019-03-25,5.077810186502374
2019-03-26,5.08607885475354
2019-03-27,5.067939631625003
2019-03-28,5.073841463524116
2019-03-29,5.1066520952921355
2019-04-01,5.170063285054387
2019-04-02,5.204667787625087
2019-04-03,5.237077763137622
2019-04-04,5.246799843434557
2019-04-05,5.2614927888967715
2019-04-08,5.284013702749666
2019-04-09,5.2679227110187155
2019-04-10,5.298308384217647
2019-04-11,5.2860052405579
2019-04-12,5.312998141526781
2019-04-15,5.323998368671322
2019-04-16,5.332463045191775
2019-04-17,5.375652716133032
2019-04-18,5.383673801108117
2019-04-22,5.41063785943647
2019-04-23,5.4748015611857115
2019-04-24,5.451512310386951
2019-04-25,5.5011301067667295
2019-04-26,5.473175730736504
2019-04-29,5.480895659583846
2019-04-30,5.399885929080475
2019-05-01,5.402201510098747
2019-05-02,5.360280667568517
2019-05-03,5.4530625239217425
2019-05-06,5.418315739802621
2019-05-07,5.314025585264296
2019-05-08,5.293428513090595
2019-05-09,5.248460527402185
2019-05-10,5.2423027458109965
2019-05-13,5.0507526541422045
2019-05-14,5.090036570496079
2019-05-15,5.17286679955111
2019-05-16,5.246508353097945
2019-05-17,5.208359833062888
2019-05-20,5.114779993824435
2019-05-21,5.167456687834463
2019-05-22,5.146964931845761
2019-05-23,5.076782300134739
2019-05-24,5.072582184656045
2019-05-28,5.06278632752099
2019-05-29,5.022855007820736
2019-05-30,5.0422319604840204
2019-05-31,4.946050311283811
2019-06-03,4.809937502083537
2019-06-04,4.931093613019718
2019-06-05,4.9772005803607255
2019-06-06,5.0224568101960365
2019-06-07,5.137636870008375
2019-06-10,5.200134936263876
2019-06-11,5.219849148591698
2019-06-12,5.189494659512665
2019-06-13,5.222245582257128
2019-06-14,5.209738800057677
2019-06-17,5.2561270102246285
2019-06-18,5.336718304985815
2019-06-19,5.336434046442527
2019-06-20,5.385227152083046
2019-06-21,5.392722663461276
2019-06-24,5.3973013060971295
2019-06-25,5.285556455365969
2019-06-26,5.322173190291751
2019-06-27,5.315236125559863
2019-06-28,5.3097626847459845
2019-07-01,5.37133420077415
2019-07-02,5.413147508811314
2019-07-03,5.459691018976595
2019-07-05,5.4532107595028965
2019-07-08,5.405612915308777
2019-07-09,5.434150531148724
2019-07-10,5.500913284947699
2019-07-11,5.491040832294409
2019-07-12,5.53239374189629
2019-07-15,5.551984198439317
2019-07-16,5.523832093470296
2019-07-17,5.489628566675779
2019-07-18,5.510734580761574
2019-07-19,5.470836517442242
2019-07-22,5.539380360216815
2019-07-23,5.5706742338889015
2019-07-24,5.5944130107453525
2019-07-25,5.545277882759665
2019-07-26,5.604835837452468
2019-07-29,5.602007500708937
2019-07-30,5.570261708736857
2019-07-31,5.527545390034994
2019-08-01,5.49340875250406
2019-08-02,5.407871530751879
2019-08-05,5.204288190725292
2019-08-06,5.288325465201345
2019-08-07,5.302986491153926
2019-08-08,5.418634732048177
2019-08-09,5.377794648724105
2019-08-12,5.337744334231005
2019-08-13,5.469545982170058
2019-08-14,5.300397211146098
2019-08-15,5.271520505617464
2019-08-16,5.357885325838031
2019-08-19,5.451151826373604
2019-08-20,5.407558604013727
2019-08-21,5.458002793294821
2019-08-22,5.4279876031796706
2019-08-23,5.242339976432838
2019-08-26,5.328600039517885
2019-08-27,5.320565846188993
2019-08-28,5.33369860822164
2019-08-29,5.417006089251022
2019-08-30,5.412462666803116
2019-09-03,5.351634938653125
2019-09-04,5.442960584463855
2019-09-05,5.551922671215227
2019-09-06,5.540620298567476
2019-09-09,5.53083025289246
2019-09-10,5.5232571809331095
2019-09-11,5.589842859357524
2019-09-12,5.6142538543133815
2019-09-13,5.5867968004320945
2019-09-16,5.557875518621111
2019-09-17,5.579664067577993
2019-09-18,5.598179324555949
2019-09-19,5.61479998759041
2019-09-20,5.563628909919239
2019-09-23,5.559932730323425
2019-09-24,5.486156906055731
2019-09-25,5.563805361139148
2019-09-26,5.526798716811384
2019-09-27,5.482441164582658
2019-09-30,5.5364549200226465
2019-10-01,5.4872190776221
2019-10-02,5.378766485995823
2019-10-03,5.4412469397158665
2019-10-04,5.531879756533869
2019-10-07,5.518832332021482
2019-10-08,5.444622034107172
2019-10-09,5.5110268979433465
2019-10-10,5.543420179049875
2019-10-11,5.622436022560349
2019-10-14,5.612659239406586
2019-10-15,5.679927525797234
2019-10-16,5.66893568453696
2019-10-17,5.67841896558965
2019-10-18,5.630315449360927
2019-10-21,5.696118012603134
2019-10-22,5.651348658014982
2019-10-23,5.684836963926316
2019-10-24,5.709623893474323
2019-10-25,5.7802741032882885
2019-10-28,5.851598048771029
2019-10-29,5.788544841502465
2019-10-30,5.808961426275881
2019-10-31,5.838839257162951
2019-11-01,5.90103025785082
2019-11-04,5.935561917427131
2019-11-05,5.937333574448642
2019-11-06,5.934768650022852
2019-11-07,5.968240461540452
2019-11-08,6.001110287713564
2019-11-11,5.99562051799263
2019-11-12,6.016233186059462
2019-11-13,6.016540045907467
2019-11-14,5.994308294012566
2019-11-15,6.040881798126907
2019-11-18,6.056446422422517
2019-11-19,6.062999117960981
2019-11-20,6.0206604843013
2019-11-21,6.014630149962303
2019-11-22,6.018362399985073
2019-11-25,6.086070381769757
2019-11-26,6.091706909520591
2019-11-27,6.130479338461143
2019-11-29,6.1029085674128
2019-12-02,6.03695161744778
2019-12-03,5.9875048244966536
2019-12-04,6.0127130107658235
2019-12-05,6.035779228159565
2019-12-06,6.105705194491643
2019-12-09,6.076823542542852
2019-12-10,6.07445917226217
2019-12-11,6.099942881978311
2019-12-12,6.135219454312577
2019-12-13,6.165029957324642
2019-12-16,6.232729231073129
2019-12-17,6.2318892914474535
2019-12-18,6.228516077634866
2019-12-19,6.274430013807305
2019-12-20,6.291767520251461
2019-12-23,6.326714092871399
2019-12-24,6.322211266742238
2019-12-26,6.413783573310407
2019-12-27,6.414375815276383
2019-12-30,6.381834052622508
2019-12-31,6.401389738622186
2020-01-02,6.523241410725327
2020-01-03,6.455145719852605
2020-01-06,6.51142781544499
2020-01-07,6.484475392732673
2020-01-08,6.539669191742926
2020-01-09,6.614263137448394
2020-01-10,6.597863065565504
2020-01-13,6.689734601143552
2020-01-14,6.634688917185341
2020-01-15,6.640116411059317
2020-01-16,6.72225423866908
2020-01-17,6.765844979436277
2020-01-21,6.765905820830268
2020-01-22,6.787959970135441
2020-01-23,6.793827804575189
2020-01-24,6.7867997782805585
2020-01-27,6.624918567882255
2020-01-28,6.7494863947133075
2020-01-29,6.807217219184131
2020-01-30,6.8259480167276045
2020-01-31,6.714119335530862
2020-02-03,6.780023830377475
2020-02-04,6.930561848651983
2020-02-05,6.967015253464886
2020-02-06,7.046321681423455
2020-02-07,7.026556029007119
2020-02-10,7.128310751599167
2020-02-11,7.090260978293244
2020-02-12,7.170207067165795
2020-02-13,7.126099275183173
2020-02-14,7.133138642267954
2020-02-18,7.118589091428264
2020-02-19,7.164953768401854
2020-02-20,7.091273890903248
2020-02-21,6.928884181115729
2020-02-24,6.628551017471372
2020-02-25,6.461473272408743
2020-02-26,6.500266935915855
2020-02-27,6.124307616208138
2020-02-28,6.166415548625294
2020-03-02,6.522834965944736
2020-03-03,6.287476443244341
2020-03-04,6.529503429292554
2020-03-05,6.315374533484305
2020-03-06,6.209106076670727
2020-03-09,5.786998758815175
2020-03-10,6.13587120785482
2020-03-11,5.873315194510791
2020-03-12,5.322857125269826
2020-03-13,5.953754350232261
2020-03-16,5.2180819327543375
2020-03-17,5.542965473726305
2020-03-18,5.407750790541356
2020-03-19,5.463926679143872
2020-03-20,5.244691782622391
2020-03-23,5.251510507845003
2020-03-24,5.638614897611993
2020-03-25,5.543092415059218
2020-03-26,5.868680105125152
2020-03-27,5.622175780610539
2020-03-30,5.870619830909568
2020-03-31,5.822931817899591
2020-04-01,5.583898290012977
2020-04-02,5.698645926103484
2020-04-03,5.6264011538927905
2020-04-06,6.0408054260708175
2020-04-07,6.021074090142857
2020-04-08,6.134975352992698
2020-04-09,6.127848527288442
2020-04-13,6.2291656136452795
2020-04-14,6.51006328400045
2020-04-15,6.44471247939191
2020-04-16,6.567650080973686
2020-04-17,6.570256222178514
2020-04-20,6.484262218679181
2020-04-21,6.2448803170032114
2020-04-22,6.451617556748359
2020-04-23,6.449771094296934
2020-04-24,6.559659699886325
2020-04-27,6.5469139504666485
2020-04-28,6.411918373742244
2020-04-29,6.686176135104682
2020-04-30,6.773367211743725
2020-05-01,6.557274455504229
2020-05-04,6.643193216352461
2020-05-05,6.711232667117928
2020-05-06,6.757439040911155
2020-05-07,6.817385677689844
2020-05-08,6.910727793697729
2020-05-11,6.986201999645092
2020-05-12,6.858748584619359
2020-05-13,6.772407466208331
2020-05-14,6.841827441009291
2020-05-15,6.877270250305091
2020-05-18,6.993983245565916
2020-05-19,6.985696672007572
2020-05-20,7.154266615958279
2020-05-21,7.081241778818244
2020-05-22,7.104227936760974
2020-05-26,7.074599055800387
2020-05-27,7.096037381723389
2020-05-28,7.056201274604809
2020-05-29,7.127576129299688
2020-06-01,7.158514967803087
2020-06-02,7.204941908384345
2020-06-03,7.219909163804194
2020-06-04,7.160584332242002
2020-06-05,7.312463005460896
2020-06-08,7.362508837399425
2020-06-09,7.474802119311211
2020-06-10,7.605416779312345
2020-06-11,7.226148447234656
2020-06-12,7.27600966922327
2020-06-15,7.34911191604302
2020-06-16,7.494225714119557
2020-06-17,7.507075976544847
2020-06-18,7.518774243767977
2020-06-19,7.493888798865468
2020-06-22,7.626362343046666
2020-06-23,7.725163264816931
2020-06-24,7.584495790698198
2020-06-25,7.649939994191268
2020-06-26,7.434367408956285
2020-06-29,7.531651597377802
2020-06-30,7.675479620637348
2020-07-01,7.764784477085022
2020-07-02,7.789245765994385
2020-07-06,8.010202609523477
2020-07-07,7.931963033957381
2020-07-08,8.074692305303671
2020-07-09,8.156012495434044
2020-07-10,8.193473727165838
2020-07-13,8.038613102423136
2020-07-14,8.095147626115834
2020-07-15,8.079545129223005
2020-07-16,8.010263649838711
2020-07-17,7.999305305869546
2020-07-20,8.272390842790246
2020-07-21,8.178039768853074
2020-07-22,8.194928391670853
2020-07-23,7.9167331868822455
2020-07-24,7.8121549772602705
2020-07-27,7.924213063640047
2020-07-28,7.811472063333712
2020-07-29,7.901932908121551
2020-07-30,7.942751995345872
2020-07-31,8.247334865604545
2020-08-03,8.382459794570131
2020-08-04,8.38979252798476
2020-08-05,8.41654529099592
2020-08-06,8.601444638095261
2020-08-07,8.47774431101133
2020-08-10,8.472060193804632
2020-08-11,8.28358755881877
2020-08-12,8.498632379063437
2020-08-13,8.499512738050827
2020-08-14,8.489646150998187
2020-08-17,8.512485630830435
2020-08-18,8.625311918640188
2020-08-19,8.582963805551909
2020-08-20,8.743075679325733
2020-08-21,8.858471511228036
2020-08-24,8.928986391462432
2020-08-25,8.978218172883
2020-08-26,9.184938088232016
2020-08-27,9.145304648300991
2020-08-28,9.178668110096657
2020-08-31,9.27051657125139
2020-09-01,9.44708467950779
2020-09-02,9.507808016693687
2020-09-03,8.954267268789723
2020-09-04,8.849517334717373
2020-09-08,8.414199840690385
2020-09-09,8.680147143975676
2020-09-10,8.458883845631533
2020-09-11,8.388281268594282
2020-09-14,8.476476576313441
2020-09-15,8.579933941603723
2020-09-16,8.40570914566625
2020-09-17,8.2702333416652
2020-09-18,8.105924124487371
2020-09-21,8.165975579431056
2020-09-22,8.374346501921005
2020-09-23,8.080815957525155
2020-09-24,8.14848574214741
2020-09-25,8.352992849709446
2020-09-28,8.506472227825407
2020-09-29,8.462298508084777
2020-09-30,8.538008476153351
2020-10-01,8.639778969881553
2020-10-02,8.408589600727591
2020-10-05,8.586761305972823
2020-10-06,8.396274722362605
2020-10-07,8.535881772100701
2020-10-08,8.578159173182602
2020-10-09,8.714507095348416
2020-10-12,9.055855109496965
2020-10-13,9.00183519129447
2020-10-14,8.931291333903395
2020-10-15,8.886258470766423
2020-10-16,8.836248244751436
2020-10-19,8.657057291291368
2020-10-20,8.709167145434593
2020-10-21,8.72865777462555
2020-10-22,8.720892446002695
2020-10-23,8.709742792005757
2020-10-26,8.579095858616514
2020-10-27,8.674643408459575
2020-10-28,8.303530465501684
2020-10-29,8.486670617437312
2020-10-30,8.252424016921664
2020-11-02,8.231408758567817
2020-11-03,8.35901523584107
2020-11-04,8.74256646011611
2020-11-05,8.959597709005802
2020-11-06,8.952433146167207
2020-11-09,8.779013467368666
2020-11-10,8.636311644582948
2020-11-11,8.828072236652972
2020-11-12,8.778120754467622
2020-11-13,8.852583762296208
2020-11-16,8.907128069473849
2020-11-17,8.84288518826063
2020-11-18,8.746620171116783
2020-11-19,8.794784695929208
2020-11-20,8.71837215128918
2020-11-23,8.658017905265783
2020-11-24,8.801149996622264
2020-11-25,8.840433567417083
2020-11-27,8.891352228668733
2020-11-30,8.89686134418071
2020-12-01,9.076070840005155
2020-12-02,9.092957810383608
2020-12-03,9.073034790897339
2020-12-04,9.061294133636084
2020-12-07,9.08492667336291
2020-12-08,9.11356148931902
2020-12-09,8.957032222074359
2020-12-10,8.956388947184553
2020-12-11,8.96394716004426
2020-12-14,8.975258825832471
2020-12-15,9.114859764874996
2020-12-16,9.195320125644136
2020-12-17,9.195633878200617
2020-12-18,9.106065672335827
2020-12-21,9.148543174563105
2020-12-22,9.204318817073837
2020-12-23,9.1581951347536
2020-12-24,9.198337689972874
2020-12-28,9.411609881896915
2020-12-29,9.398917651727771
2020-12-30,9.308035345678016
2020-12-31,9.315343339508992
2021-01-04,9.13186599360575
2021-01-05,9.208890618676286
2021-01-06,9.01486924481301
2021-01-07,9.272586193146829
2021-01-08,9.376013411065875
2021-01-11,9.17386340897494
2021-01-12,9.155464984000094
2021-01-13,9.279921524961646
2021-01-14,9.174984151324958
2021-01-15,9.095699291976482
2021-01-19,9.229521743505213
2021-01-20,9.524622975289741
2021-01-21,9.702374937440062
2021-01-22,9.699923525877683
2021-01-25,9.82374157466809
2021-01-26,9.882225524309995
2021-01-27,9.691591585756633
2021-01-28,9.689095924307265
2021-01-29,9.434220570811926
2021-02-01,9.706540889085078
2021-02-02,9.8188491034143
2021-02-03,9.856469321839887
2021-02-04,9.95497215984312
2021-02-05,9.972811982044828
2021-02-08,10.006755322733941
2021-02-09,9.986013970139016
2021-02-10,9.947992204063025
2021-02-11,9.97881590125236
2021-02-12,10.01817293640606
2021-02-16,9.979487385150472
2021-02-17,9.947946115539853
2021-02-18,9.89539858594403
2021-02-19,9.814789636440242
2021-02-22,9.5471712149156
2021-02-23,9.544390615864515
2021-02-24,9.595225635879979
2021-02-25,9.25086963251013
2021-02-26,9.32604913105406
2021-03-01,9.63360656096145
2021-03-02,9.466544424482015
2021-03-03,9.213690525742692
2021-03-04,9.119232535487827
2021-03-05,9.263038422871489
2021-03-08,8.981740771022084
2021-03-09,9.351241011636239
2021-03-10,9.316095100450857
2021-03-11,9.524345333151569
2021-03-12,9.431217005706962
2021-03-15,9.5179920723513
2021-03-16,9.599838822962814
2021-03-17,9.633065025667182
2021-03-18,9.315930678349908
2021-03-19,9.356080388232538
2021-03-22,9.538656029905827
2021-03-23,9.518172455416716
2021-03-24,9.353646807225472
2021-03-25,9.317981739290266
2021-03-26,9.386774984912844
2021-03-29,9.409219992364998
2021-03-30,9.344068926968072
2021-03-31,9.493426246560942
2021-04-01,9.66152146020025
2021-04-05,9.922480329957247
2021-04-06,9.89863341132915
2021-04-07,10.003573081836008
2021-04-08,10.119191917246448
2021-04-09,10.239375127719597
2021-04-12,10.198010607255023
2021-04-13,10.349562772857567
2021-04-14,10.176908825637557
2021-04-15,10.354038981727138
2021-04-16,10.360419265825977
2021-04-19,10.292683080209072
2021-04-20,10.221527904480695
2021-04-21,10.29199740785081
2021-04-22,10.142806222423975
2021-04-23,10.260939700783737
2021-04-26,10.322808002633963
2021-04-27,10.28015563798857
2021-04-28,10.255023757520496
2021-04-29,10.3215838042173
2021-04-30,10.249025686970906
2021-05-03,10.196821525303985
2021-05-04,9.981310919622748
2021-05-05,9.948483639067453
2021-05-06,10.058898863675987
2021-05-07,10.120133681148806
2021-05-10,9.833009363342608
2021-05-11,9.799436061312546
2021-05-12,9.540789285968913
2021-05-13,9.640373774007454
2021-05-14,9.86123926168119
2021-05-17,9.802953590755607
2021-05-18,9.701578409962355
2021-05-19,9.708284685350776
2021-05-20,9.868997966885425
2021-05-21,9.79212993063773
2021-05-24,9.99447589896306
2021-05-25,10.013464971944739
2021-05-26,10.0452684881428
2021-05-27,9.995903217752458
2021-05-28,9.975006495707115
2021-06-01,9.95552787571466
2021-06-02,9.972953264267296
2021-06-03,9.852707848219941
2021-06-04,10.033867077482792
2021-06-07,10.07476681318145
2021-06-08,10.095416853996179
2021-06-09,10.111061759277892
2021-06-10,10.19416476017103
2021-06-11,10.231862276540472
2021-06-14,10.36704269726264
2021-06-15,10.305238751036404
2021-06-16,10.294149804432939
2021-06-17,10.446431608110787
2021-06-18,10.361855261252419
2021-06-21,10.435198945002295
2021-06-22,10.552695129503691
2021-06-23,10.550117898537787
2021-06-24,10.576358607610178
2021-06-25,10.520324541924058
2021-06-28,10.679898049263386
2021-06-29,10.71431043818088
2021-06-30,10.702853681228516
2021-07-01,10.735577669759014
2021-07-02,10.925624768473627
2021-07-06,11.029355868530503
2021-07-07,11.095884509954118
2021-07-08,11.028405621585513
2021-07-09,11.093233100843193
2021-07-12,11.137167864680762
2021-07-13,11.153181793130095
2021-07-14,11.214153599443767
2021-07-15,11.118353238478399
2021-07-16,11.01049490422966
2021-07-19,10.857644116315916
2021-07-20,11.006867012588298
2021-07-21,11.069628356483419
2021-07-22,11.180401439757544
2021-07-23,11.32375071268519
2021-07-26,11.382215526359976
2021-07-27,11.222869082348137
2021-07-28,11.249699145458244
2021-07-29,11.22769496212517
2021-07-30,11.080586050693233
2021-08-02,11.079364681790093
2021-08-03,11.162323612405546
2021-08-04,11.162919992885078
2021-08-05,11.241640304044951
2021-08-06,11.195546075696774
2021-08-09,11.198019275375072
2021-08-10,11.148667105347519
2021-08-11,11.139195614714625
2021-08-12,11.249570194494305
2021-08-13,11.286024503730046
2021-08-16,11.33320336033188
2021-08-17,11.20503134890989
2021-08-18,11.07530125576718
2021-08-19,11.135262128299946
2021-08-20,11.288016959660494
2021-08-23,11.444087304160119
2021-08-24,11.465859624904196
2021-08-25,11.456501852216277
2021-08-26,11.384299767194268
2021-08-27,11.50463878418373
2021-08-30,11.707836499281465
2021-08-31,11.695922607324022
2021-09-01,11.722526557995725
2021-09-02,11.696598821837808
2021-09-03,11.732721275104312
2021-09-07,11.80812844894412
2021-09-08,11.75436543490969
2021-09-09,11.682549709913388
2021-09-10,11.528344201162847
2021-09-13,11.567780742979307
2021-09-14,11.529029637012467
2021-09-15,11.642732245173448
2021-09-16,11.635011678357499
2021-09-17,11.457768056479885
2021-09-20,11.20131384703022
2021-09-21,11.221006015765695
2021-09-22,11.326997436973697
2021-09-23,11.4099711873866
2021-09-24,11.449902861638268
2021-09-27,11.359834412590883
2021-09-28,11.01867731464887
2021-09-29,11.015814668764019
2021-09-30,10.955587654506624
2021-10-01,11.098112104824372
2021-10-04,10.83718116368593
2021-10-05,11.002544925321013
2021-10-06,11.104844742659344
2021-10-07,11.19105849727855
2021-10-08,11.148166355331618
2021-10-11,11.07649664428559
2021-10-12,11.007571362182116
2021-10-13,11.069189778679455
2021-10-14,11.288559497369254
2021-10-15,11.391483033540084
2021-10-18,11.528300605817977
2021-10-19,11.606651226765626
2021-10-20,11.572851857708844
2021-10-21,11.636027272168095
2021-10-22,11.423874254681241
2021-10-25,11.505234615220864
2021-10-26,11.559409482039639
2021-10-27,11.72689733030009
2021-10-28,11.874441977090987
2021-10-29,11.926646426102165
2021-11-01,11.90916011399695
2021-11-02,11.966324015558671
2021-11-03,12.095913245434078
2021-11-04,12.244294769305688
2021-11-05,12.295801392625169
2021-11-08,12.254269370197678
2021-11-09,12.164788244679139
2021-11-10,11.977790250166375
2021-11-11,11.990390397093833
2021-11-12,12.136267806426046
2021-11-15,12.13553530651622
2021-11-16,12.199577110512802
2021-11-17,12.250244295114598
2021-11-18,12.466417042265533
2021-11-19,12.566633107210338
2021-11-22,12.452224755601
2021-11-23,12.390228727432616
2021-11-24,12.441738014979146
2021-11-26,12.11524178579953
2021-11-29,12.40084289924172
2021-11-30,12.321457705639036
2021-12-01,12.163698073636198
2021-12-02,12.196377459707904
2021-12-03,11.987472554685722
2021-12-06,12.142767320506625
2021-12-07,12.501832669964934
2021-12-08,12.59921892936681
2021-12-09,12.453746837509327
2021-12-10,12.62201203813824
2021-12-13,12.4019282930645
2021-12-14,12.255915495863736
2021-12-15,12.548366039484115
2021-12-16,12.185349563644417
2021-12-17,12.120250497096594
2021-12-20,11.974149416785963
2021-12-21,12.241529733783045
2021-12-22,12.43251411548568
2021-12-23,12.52951542206756
2021-12-27,12.748143995988624
2021-12-28,12.695449761940555
2021-12-29,12.675909148334773
2021-12-30,12.606263428606498
2021-12-31,12.498016208825685
2022-01-03,12.744007479198297
2022-01-04,12.566175679129863
2022-01-05,12.145338153520187
2022-01-06,12.067858697216689
2022-01-07,12.001065327411604
2022-01-10,12.021076645407689
2022-01-11,12.158086377801494
2022-01-12,12.243142386570272
2022-01-13,11.889555941957454
2022-01-14,11.997980120333839
2022-01-18,11.722297451376154
2022-01-19,11.586949300832343
2022-01-20,11.441768985858168
2022-01-21,11.151725171677372
2022-01-24,11.1703933373403
2022-01-25,10.925296767716164
2022-01-26,11.027641003548807
2022-01-27,10.954606961559398
2022-01-28,11.389737160335285
2022-01-31,11.706493645648507
2022-02-01,11.740087081569909
2022-02-02,11.932559072057565
2022-02-03,11.372374137803664
2022-02-04,11.606988970663915
2022-02-07,11.471775614786534
2022-02-08,11.611722256446413
2022-02-09,11.789251022418409
2022-02-10,11.518836870219783
2022-02-11,11.19366886806555
2022-02-14,11.23945859295688
2022-02-15,11.477388740053392
2022-02-16,11.485311213350476
2022-02-17,11.15559129223436
2022-02-18,11.026838793279431
2022-02-22,10.89616265003274
2022-02-23,10.600367093589053
2022-02-24,10.96862813982743
2022-02-25,11.109745506250887
2022-02-28,11.173001309964624
2022-03-01,11.024640680744001
2022-03-02,11.19471618265835
2022-03-03,11.056864200131992
2022-03-04,10.888834662328387
2022-03-07,10.489565326899683
2022-03-08,10.43876307328243
2022-03-09,10.833537423060976
2022-03-10,10.747239228519547
2022-03-11,10.522073047420541
2022-03-14,10.296329262654869
2022-03-15,10.649012502531548
2022-03-16,10.983455157894547
2022-03-17,11.09431172024996
2022-03-18,11.348549766315399
2022-03-21,11.366045612026781
2022-03-22,11.613967177157168
2022-03-23,11.542040613950718
2022-03-24,11.778651391761878
2022-03-25,11.794797461769543
2022-03-28,11.983269546531933
2022-03-29,12.139754015252961
2022-03-30,12.042189566633015
2022-03-31,11.838486434432333
2022-04-01,11.861819308911395
2022-04-04,12.140755757839761
2022-04-05,11.899062777137893
2022-04-06,11.57068754418511
2022-04-07,11.590757390116375
2022-04-08,11.401930033901865
2022-04-11,11.05823132879633
2022-04-12,11.04840293338591
2022-04-13,11.262477633267661
2022-04-14,10.96343765539208
2022-04-18,11.00901436166802
2022-04-19,11.221950031875187
2022-04-20,11.08972864681599
2022-04-21,10.900182978656012
2022-04-22,10.619777877736357
2022-04-25,10.762418151245486
2022-04-26,10.309109985489764
2022-04-27,10.34108034238471
2022-04-28,10.746334914823711
2022-04-29,10.22122099267814
2022-05-02,10.382801658615715
2022-05-03,10.404834588564146
2022-05-04,10.765464444336208
2022-05-05,10.185013939298187
2022-05-06,10.128853845925315
2022-05-09,9.740958514567584
2022-05-10,9.884519243413871
2022-05-11,9.517037908517796
2022-05-12,9.395633597159648
2022-05-13,9.714020352254412
2022-05-16,9.611771877945266
2022-05-17,9.848381120557711
2022-05-18,9.315893587769594
2022-05-19,9.209979779121056
2022-05-20,9.15927036691451
2022-05-23,9.385062785097732
2022-05-24,9.155927070014153
2022-05-25,9.253530150632898
2022-05-26,9.494462590470107
2022-05-27,9.837895756598096
2022-05-31,9.857556002074068
2022-06-01,9.836391341089678
2022-06-02,10.066443342661604
2022-06-03,9.75514545473012
2022-06-06,9.822126447687626
2022-06-07,9.904355092030842
2022-06-08,9.85320969125054
2022-06-09,9.579412882815227
2022-06-10,9.206567109285444
2022-06-13,8.802749322733298
2022-06-14,8.839963034200716
2022-06-15,9.094083871207431
2022-06-16,8.760268000154268
2022-06-17,8.8656342243952
2022-06-21,9.128023927037493
2022-06-22,9.103455801299894
2022-06-23,9.261444220786927
2022-06-24,9.58028254826026
2022-06-27,9.49241484462678
2022-06-28,9.169210476912902
2022-06-29,9.238817997422553
2022-06-30,9.086114185415134
2022-07-01,9.175530286502022
2022-07-05,9.379743358342981
2022-07-06,9.468035789647534
2022-07-07,9.670810910738966
2022-07-08,9.691457274521134
2022-07-11,9.472606684605562
2022-07-12,9.348229124574251
2022-07-13,9.325411577886232
2022-07-14,9.390805164986148
2022-07-15,9.523780630808698
2022-07-18,9.417939917991127
2022-07-19,9.69116610782979
2022-07-20,9.832444866260609
2022-07-21,9.980272003473402
2022-07-22,9.780553536935734
2022-07-25,9.710584347793223
2022-07-26,9.487970390028746
2022-07-27,9.969964535212872
2022-07-28,10.080943743978555
2022-07-29,10.393412658166017
2022-08-01,10.350831341352016
2022-08-02,10.289373160726292
2022-08-03,10.60577787872189
2022-08-04,10.650685904773912
2022-08-05,10.558338538661232
2022-08-08,10.499719319836858
2022-08-09,10.457634234114861
2022-08-10,10.753303852134707
2022-08-11,10.66477786550316
2022-08-12,10.893993056534912
2022-08-15,10.962035750588846
2022-08-16,10.95275848720615
2022-08-17,10.897266068436062
2022-08-18,10.904103554812687
2022-08-19,10.69624331538103
2022-08-22,10.413981142727453
2022-08-23,10.405861515864089
2022-08-24,10.414935083166949
2022-08-25,10.58909458004232
2022-08-26,10.153250682581914
2022-08-29,10.041381915564003
2022-08-30,9.9255083383605
2022-08-31,9.851058367036751
2022-09-01,9.873601811191728
2022-09-02,9.735542959647104
2022-09-06,9.66077193173361
2022-09-07,9.831273647946261
2022-09-08,9.818821395974929
2022-09-09,10.036416420005565
2022-09-12,10.220555268076899
2022-09-13,9.628505363816608
2022-09-14,9.703770834606509
2022-09-15,9.527639312611651
2022-09-16,9.462729671484672
2022-09-19,9.569624964587534
2022-09-20,9.539100002686629
2022-09-21,9.362883793111047
2022-09-22,9.319737541933398
2022-09-23,9.154168493501535
2022-09-26,9.153196155418678
2022-09-27,9.158817549386582
2022-09-28,9.264126129014278
2022-09-29,8.957031627499985
2022-09-30,8.778669275062311
2022-10-03,8.965826812332374
2022-10-04,9.23400188264684
2022-10-05,9.217064657310575
2022-10-06,9.159008266084852
2022-10-07,8.785766518599901
2022-10-10,8.714995912286195
2022-10-11,8.60703979546106
2022-10-12,8.61274691691142
2022-10-13,8.82434618697281
2022-10-14,8.534530146467134
2022-10-17,8.860203473588873
2022-10-18,8.934390740847057
2022-10-19,8.897737798273315
2022-10-20,8.852024469015616
2022-10-21,9.061348921387326
2022-10-24,9.18083728581604
2022-10-25,9.350994004339109
2022-10-26,8.956010156583073
2022-10-27,8.684722182903222
2022-10-28,8.992134474082782
2022-10-31,8.856520397429467
2022-11-01,8.67635689697138
2022-11-02,8.357398483812874
2022-11-03,8.11825189141207
2022-11-04,8.237109598001519
2022-11-07,8.32280700351412
2022-11-08,8.340725780261343
2022-11-09,8.119463816876632
2022-11-10,8.797908073808813
2022-11-11,8.97866577071158
2022-11-14,8.859634950283326
2022-11-15,8.96539576991724
2022-11-16,8.890582376224664
2022-11-17,8.88680701539062
2022-11-18,8.871590243459304
2022-11-21,8.753049774284243
2022-11-22,8.873749614327592
2022-11-23,8.97793071994818
2022-11-25,8.891517790719677
2022-11-28,8.73704713467457
2022-11-29,8.632705400249309
2022-11-30,9.088875433121872
2022-12-01,9.076452970570168
2022-12-02,9.044910171054495
2022-12-05,8.898036403160976
2022-12-06,8.685723121773472
2022-12-07,8.608102157423547
2022-12-08,8.698841738320315
2022-12-09,8.666066320064013
2022-12-12,8.78346801707369
2022-12-13,8.898545521468955
2022-12-14,8.829001699232405
2022-12-15,8.508328255446784
2022-12-16,8.40388316311994
2022-12-19,8.260143387159648
2022-12-20,8.25483147290527
2022-12-21,8.383460825219089
2022-12-22,8.160730944812551
2022-12-23,8.186472263630257
2022-12-27,8.043868682044833
2022-12-28,7.913836948724982
2022-12-29,8.134706715698998
2022-12-30,8.128358750304004
2023-01-03,8.026910679230713
2023-01-04,7.972242493519762
2023-01-05,7.823930893662325
2023-01-06,8.033210123994007
2023-01-09,8.098675745263137
2023-01-10,8.161706676716248
2023-01-11,8.370977690202965
2023-01-12,8.406380604479136
2023-01-13,8.48039996817191
2023-01-17,8.515794719161834
2023-01-18,8.426865876835883
2023-01-19,8.381016314747598
2023-01-20,8.639194029597887
2023-01-23,8.808018310958614
2023-01-24,8.801112847926202
2023-01-25,8.755557555336448
2023-01-26,8.965135752784636
2023-01-27,9.107462716538071
2023-01-30,8.901405184354285
2023-01-31,9.047065247613103
2023-02-01,9.21073900431513
2023-02-02,9.681677445164922
2023-02-03,9.55781881064316
2023-02-06,9.472371980841146
2023-02-07,9.716797710135138
2023-02-08,9.524053509065226
2023-02-09,9.413150107263519
2023-02-10,9.358106666641973
2023-02-13,9.52755899204407
2023-02-14,9.571761603328977
2023-02-15,9.640632952768796
2023-02-16,9.447291323967548
2023-02-17,9.370919104192174
2023-02-21,9.146447700621392
2023-02-22,9.1566582869834
2023-02-23,9.24410228717397
2023-02-24,9.076553019355268
2023-02-27,9.145288281741102
2023-02-28,9.137846130416786
2023-03-01,9.02976278811221
2023-03-02,9.100430876510515
2023-03-03,9.338483523461132
2023-03-06,9.401891105246577
2023-03-07,9.297218458407983
2023-03-08,9.335166559103435
2023-03-09,9.193710473542069
2023-03-10,9.068902747109505
2023-03-13,9.183072691607142
2023-03-14,9.416647983089709
2023-03-15,9.509878728047939
2023-03-16,9.793406273257963
2023-03-17,9.779017997332222
2023-03-20,9.771914326368268
2023-03-21,9.934853764377012
2023-03-22,9.839033365089369
2023-03-23,9.959808038216485
2023-03-24,10.003365230469493
2023-03-27,9.881268825305199
2023-03-28,9.819360178496414
2023-03-29,9.991646619048609
2023-03-30,10.083235346842121
2023-03-31,10.262243195955401
2023-04-03,10.257490640897787
2023-04-04,10.250791109313228
2023-04-05,10.128965032843718
2023-04-06,10.268319663941359
2023-04-10,10.186052317431754
2023-04-11,10.067035088452483
2023-04-12,10.000899803916258
2023-04-13,10.269682675170476
2023-04-14,10.24792118405351
2023-04-17,10.249139474499435
2023-04-18,10.256968228235756
2023-04-19,10.287409407138185
2023-04-20,10.203942912589014
2023-04-21,10.203899401024925
2023-04-24,10.171148828854006
2023-04-25,9.99561889315491
2023-04-26,10.183466338082997
2023-04-27,10.53356732937734
2023-04-28,10.564291674794179
2023-05-01,10.539048534481898
2023-05-02,10.476421198358484
2023-05-03,10.434175117901853
2023-05-04,10.395650470888867
2023-05-05,10.667379882353835
2023-05-08,10.686321512875246
2023-05-09,10.62276361586924
2023-05-10,10.792465477190053
2023-05-11,10.860671590005156
2023-05-12,10.811998004299436
2023-05-15,10.823082882689183
2023-05-16,10.898530729860253
2023-05-17,11.015233806201264
2023-05-18,11.199291751376943
2023-05-19,11.179791786327764
2023-05-22,11.211451189225704
2023-05-23,11.061409342656136
2023-05-24,11.043495555875676
2023-05-25,11.348533873011114
2023-05-26,11.61708551812885
2023-05-30,11.674146880080928
2023-05-31,11.604552470060199
2023-06-01,11.779852417981123
2023-06-02,11.862725034067385
2023-06-05,11.865847437499076
2023-06-06,11.853477203504555
2023-06-07,11.599108608188342
2023-06-08,11.745918799218988
2023-06-09,11.784545855464067
2023-06-12,11.988556652016142
2023-06-13,12.047629841507945
2023-06-14,12.138085050604857
2023-06-15,12.308547913038474
2023-06-16,12.204598184267057
2023-06-20,12.22003475668436
2023-06-21,12.066233528019286
2023-06-22,12.276775680871234
2023-06-23,12.18063289765385
2023-06-26,11.948583579516693
2023-06-27,12.1483861984335
2023-06-28,12.194317694634956
2023-06-29,12.166248248049945
2023-06-30,12.382854423602073
2023-07-03,12.37456099911174
2023-07-05,12.394133421742985
2023-07-06,12.364625091088298
2023-07-07,12.301821683544143
2023-07-10,12.164891640798468
2023-07-11,12.199463295908457
2023-07-12,12.37428155812861
2023-07-13,12.596750681325148
2023-07-14,12.62704157733999
2023-07-17,12.725115721472099
2023-07-18,12.846016714153114
2023-07-19,12.837338359959077
2023-07-20,12.530163144817395
2023-07-21,12.448735207597569
2023-07-24,12.505865960845743
2023-07-25,12.610460115868074
2023-07-26,12.577016641207717
2023-07-27,12.5074118492353
2023-07-28,12.770924004609672
2023-07-31,12.757006179772821
2023-08-01,12.711321328199048
2023-08-02,12.423725415476802
2023-08-03,12.406143966643247
2023-08-04,12.309394757904986
2023-08-07,12.365457125182532
2023-08-08,12.29000435168703
2023-08-09,12.1039333633681
2023-08-10,12.11432075355278
2023-08-11,12.049284188750432
2023-08-14,12.213105550573852
2023-08-15,12.081258838537254
2023-08-16,11.976765542935473
2023-08-17,11.851570646745413
2023-08-18,11.808477191063199
2023-08-21,12.032584181856121
2023-08-22,12.036232479319928
2023-08-23,12.262152540689788
2023-08-24,12.001150315459856
2023-08-25,12.082230399422045
2023-08-28,12.1629273943536
2023-08-29,12.44291496694301
2023-08-30,12.533668926089003
2023-08-31,12.578569276490315
2023-09-01,12.544306577866424
2023-09-05,12.61607155392772
2023-09-06,12.409412097748081
2023-09-07,12.2911386510722
2023-09-08,12.338619957564337
2023-09-11,12.51823298326685
2023-09-12,12.331405619900941
2023-09-13,12.409069555635472
2023-09-14,12.515402500273796
2023-09-15,12.306361366177164
2023-09-18,12.348472198415184
2023-09-19,12.342088424288344
2023-09-20,12.084616926927955
2023-09-21,11.889108082028674
2023-09-22,11.886379237169841
2023-09-25,11.965416432155791
2023-09-26,11.73269597107804
2023-09-27,11.731175332523353
2023-09-28,11.809548379887895
2023-09-29,11.836388602251565
2023-10-02,12.042231194753926
2023-10-03,11.819962685659798
2023-10-04,12.00387020273534
2023-10-05,12.01405512775512
2023-10-06,12.22816203834166
2023-10-09,12.294869761635324
2023-10-10,12.31003014012153
2023-10-11,12.458333683484602
2023-10-12,12.443769770920404
2023-10-13,12.266926732247459
2023-10-16,12.395994412783143
2023-10-17,12.319467112325766
2023-10-18,12.158413385308577
2023-10-19,12.089939665390004
2023-10-20,11.894086652699903
2023-10-23,11.986522805455483
2023-10-24,12.078970737701798
2023-10-25,11.82140406904074
2023-10-26,11.496794573826394
2023-10-27,11.638612377887146
2023-10-30,11.83073879383611
2023-10-31,11.843813944918374
2023-11-01,12.108534459107034
2023-11-02,12.275694800869257
2023-11-03,12.364902534483239
2023-11-06,12.488653312222084
2023-11-07,12.634348729821928
2023-11-08,12.699877384545037
2023-11-09,12.61731773824114
2023-11-10,12.911686135388452
2023-11-13,12.861601935637387
2023-11-14,13.070933015607801
2023-11-15,13.06257070071059
2023-11-16,13.155751555590765
2023-11-17,13.109553961399758
2023-11-20,13.272044179292372
2023-11-21,13.199345722968257
2023-11-22,13.271202793069317
2023-11-24,13.203963223595375
2023-11-27,13.205813364249357
2023-11-28,13.27854027063033
2023-11-29,13.170876223721814
2023-11-30,13.107825232346192
2023-12-01,13.091770488256893
2023-12-04,12.919837710169032
2023-12-05,13.082897406518969
2023-12-06,12.973184460368316
2023-12-07,13.18594177645549
2023-12-08,13.265269271284852
2023-12-11,13.161964708671398
2023-12-12,13.279754905004568
2023-12-13,13.38787920004523
2023-12-14,13.319136092746135
2023-12-15,13.420499995942752
2023-12-18,13.53851542914043
2023-12-19,13.58258532236435
2023-12-20,13.449102446491935
2023-12-21,13.563480179636857
2023-12-22,13.552813880688843
2023-12-26,13.569975708046679
2023-12-27,13.57388676436158
2023-12-28,13.574395201885492
2023-12-29,13.518344225765828
2024-01-02,13.248060743280051
2024-01-03,13.160232343294886
2024-01-04,13.03507495540526
2024-01-05,13.049960224714951
2024-01-08,13.364991536634207
2024-01-09,13.421175258969892
2024-01-10,13.59214903389857
2024-01-11,13.612373559927113
2024-01-12,13.652840944079161
2024-01-16,13.62743079484634
2024-01-17,13.560036844912789
2024-01-18,13.800304212965605
2024-01-19,14.049760980975341
2024-01-22,14.058289533862494
2024-01-23,14.137122798722041
2024-01-24,14.234452849300531
2024-01-25,14.24479495273537
2024-01-26,14.19975045695664
2024-01-29,14.34454952995581
2024-01-30,14.221368771387134
2024-01-31,13.818338285892292
2024-02-01,14.028413098711722
2024-02-02,14.45425896839306
2024-02-05,14.456369797305682
2024-02-06,14.438504041727992
2024-02-07,14.639553031428596
2024-02-08,14.62319424259254
2024-02-09,14.828347431613208
2024-02-12,14.690195957200498
2024-02-13,14.465583960718156
2024-02-14,14.593397212046707
2024-02-15,14.537578170488237
2024-02-16,14.401907299068963
2024-02-20,14.27851396681809
2024-02-21,14.275031334539204
2024-02-22,14.751989617544387
2024-02-23,14.701100659420703
2024-02-26,14.602782672360823
2024-02-27,14.631016968732201
2024-02-28,14.555341764241934
2024-02-29,14.69660554060793
2024-03-01,14.826199310594435
2024-03-04,14.701502438342834
2024-03-05,14.4010703236371
2024-03-06,14.418638037845634
2024-03-07,14.689873963371404
2024-03-08,14.511652092711792
2024-03-11,14.445658742551226
2024-03-12,14.753942828531898
2024-03-13,14.673659559021152
2024-03-14,14.780124148328
2024-03-15,14.566131539227984
2024-03-18,14.744031834319978
2024-03-19,14.845624675274763
2024-03-20,15.038634127338796
2024-03-21,14.966097598558342
2024-03-22,15.064936268328925
2024-03-25,14.987927948089457
2024-03-26,14.89093598147
2024-03-27,14.92768489452567
2024-03-28,14.869467150560675
2024-04-01,14.948128729169735
2024-04-02,14.853546245361015
2024-04-03,14.903862623080814
2024-04-04,14.729301747219285
2024-04-05,14.954247255023342
2024-04-08,14.931394639584624
2024-04-09,14.971134762489415
2024-04-10,14.925610774650732
2024-04-11,15.279917334708676
2024-04-12,15.112948748597951
2024-04-15,14.802665195336044
2024-04-16,14.763286253019816
2024-04-17,14.607997511712501
2024-04-18,14.515102748538272
2024-04-19,14.13437935379652
2024-04-22,14.27791019050855
2024-04-23,14.506514181530152
2024-04-24,14.530489919214858
2024-04-25,14.362728738801213
2024-04-26,14.767248665011277
2024-04-29,14.783595906629632
2024-04-30,14.441533830786456
2024-05-01,14.450741889310686
2024-05-02,14.693661315649164
2024-05-03,15.099355871417519
2024-05-06,15.280718630496505
2024-05-07,15.260010279871171
2024-05-08,15.254379714572773
2024-05-09,15.293049863742432
2024-05-10,15.286269062592371
2024-05-13,15.3323519547437
2024-05-14,15.451587299065043
2024-05-15,15.6808133551928
2024-05-16,15.631182189820025
2024-05-17,15.618930611566215
2024-05-20,15.722135425380841
2024-05-21,15.80782324896862
2024-05-22,15.760147816223594
2024-05-23,15.737396952779475
2024-05-24,15.93506583838964
2024-05-28,16.10144849495098
2024-05-29,16.080126408439522
2024-05-30,15.794645334217128
2024-05-31,15.759577212377508
2024-06-03,15.918337676772836
2024-06-04,15.998141860791916
2024-06-05,16.324471520333287
2024-06-06,16.32770596164825
2024-06-07,16.3394395174395
2024-06-10,16.378460651326865
2024-06-11,16.7148080529645
2024-06-12,17.02017517365149
2024-06-13,17.147207701279278
2024-06-14,17.231285280121767
2024-06-17,17.42498246232066
2024-06-18,17.376722533775137
2024-06-20,17.204274159197464
2024-06-21,17.139356140917485
2024-06-24,16.923539138872968
2024-06-25,17.209820330040838
2024-06-26,17.403041568331446
2024-06-27,17.45898537210152
2024-06-28,17.23051593747667
2024-07-01,17.53626992177984
2024-07-02,17.721305439214103
2024-07-03,17.90987692453682
2024-07-05,18.177083073052163
2024-07-08,18.206353649785594
2024-07-09,18.234660679837983
2024-07-10,18.48502638080203
2024-07-11,17.904796654327264
2024-07-12,17.954708378766718
2024-07-15,18.034452929156245
2024-07-16,17.925954711595946
2024-07-17,17.386589250596526
2024-07-18,17.293392923842287
2024-07-19,17.16959253696059
2024-07-22,17.42519473964389
2024-07-23,17.484543897800123
2024-07-24,16.71967743025883
2024-07-25,16.478296017917057
2024-07-26,16.626151925249523
2024-07-29,16.668445798100453
2024-07-30,16.445042330141245
2024-07-31,16.90092785086978
2024-08-01,16.5992088042165
2024-08-02,16.262712047609416
2024-08-05,15.599789556119603
2024-08-06,15.726703267995747
2024-08-07,15.62023185972152
2024-08-08,16.02063266067252
2024-08-09,16.17403366196269
2024-08-12,16.264023954573087
2024-08-13,16.6650121273759
2024-08-14,16.680012776985944
2024-08-15,17.046632619201382
2024-08-16,17.071011528282412
2024-08-19,17.2754467601194
2024-08-20,17.263566840978598
2024-08-21,17.301076333290755
2024-08-22,16.991012069068976
2024-08-23,17.205811220295537
2024-08-26,17.070581029996625
2024-08-27,17.0910308442926
2024-08-28,16.903320622538338
2024-08-29,16.849767364143833
2024-08-30,17.03134593462336
2024-09-03,16.469999704175603
2024-09-04,16.392081577075448
2024-09-05,16.50637542443219
2024-09-06,16.055122131791215
2024-09-09,16.22134145745691
2024-09-10,16.40016491810219
2024-09-11,16.8279067986997
2024-09-12,17.039221678627737
2024-09-13,17.080882314639712
2024-09-16,16.903870535785327
2024-09-17,16.952169199213184
2024-09-18,16.945898671457687
2024-09-19,17.43556217750315
2024-09-20,17.40205172773576
2024-09-23,17.404861204656182
2024-09-24,17.478008869940496
2024-09-25,17.529279069388558
2024-09-26,17.555889546785686
2024-09-27,17.45064752516633
2024-09-30,17.594541186564815
2024-10-01,17.268147912689876
2024-10-02,17.251907091041687
2024-10-03,17.283884660080055
2024-10-04,17.464536489509307
2024-10-07,17.21436263707102
2024-10-08,17.511478111232265
2024-10-09,17.602042139505798
2024-10-10,17.610881110983282
2024-10-11,17.571293257824408
2024-10-14,17.734949238085978
2024-10-15,17.62795479032318
2024-10-16,17.615161271820956
2024-10-17,17.644920685797818
2024-10-18,17.732289703766632
2024-10-21,17.864265101958964
2024-10-22,17.958838057312413
2024-10-23,17.632089210802025
2024-10-24,17.751785320937707
2024-10-25,17.893960672331012
2024-10-28,17.906534889023888
2024-10-29,18.086886268325777
2024-10-30,18.051813926441916
2024-10-31,17.436722777423736
2024-11-01,17.57731703613652
2024-11-04,17.48967936717625
2024-11-05,17.71900500689335
2024-11-06,18.14394466855707
2024-11-07,18.48294479233243
2024-11-08,18.44117571898866
2024-11-11,18.350482029978195
2024-11-12,18.43975906754586
2024-11-13,18.437603148337192
2024-11-14,18.38304950264815
2024-11-15,17.9497656606221
2024-11-18,18.039463800314635
2024-11-19,18.275515343807605
2024-11-20,18.198421925492042
2024-11-21,18.061169951527607
2024-11-22,18.016592349714433
2024-11-25,18.035147173312136
2024-11-26,18.26741296512008
2024-11-27,18.122068045468662
2024-11-29,18.28510252795954
2024-12-02,18.53530266152215
2024-12-03,18.683748373950735
2024-12-04,18.94596779853561
2024-12-05,19.00212605978515
2024-12-06,19.169049095396087
2024-12-09,19.158827976569153
2024-12-10,19.192490910780933
2024-12-11,19.59229955168845
2024-12-12,19.467067954056105
2024-12-13,19.56047746686063
2024-12-16,19.90653440064723
2024-12-17,19.88332376115929
2024-12-18,19.226202124204526
2024-12-19,19.266764885648072
2024-12-20,19.416368288813953
2024-12-23,19.647290292335445
2024-12-24,19.911597575280496
2024-12-26,19.882687753300786
2024-12-27,19.56916440552202
2024-12-30,19.350928854182243
2024-12-31,19.13696807476035
2025-01-02,19.06628537123984
2025-01-03,19.35234370451322
2025-01-06,19.674307326972684
2025-01-07,19.253110802927104
2025-01-08,19.250958145895982
2025-01-10,18.962755127502696
2025-01-13,18.845427264585023
2025-01-14,18.709378299488392
2025-01-15,19.215016168548093
2025-01-16,18.907162498696685
2025-01-17,19.212081268958613
2025-01-21,19.238310537797148
2025-01-22,19.600841490227847
2025-01-23,19.6377293792619
2025-01-24,19.567535027217783
2025-01-27,18.90422060493873
2025-01-28,19.453930906481173
2025-01-29,19.312751217092824
2025-01-30,19.194362257324297
2025-01-31,19.192486951314418
2025-02-03,18.910119622043975
2025-02-04,19.201316915106112
2025-02-05,19.1218151622108
2025-02-06,19.262867788364495
2025-02-07,18.93136411458131
2025-02-10,19.116261364595285
2025-02-11,19.107119603645167
2025-02-12,19.114635649539185
2025-02-13,19.37308306999233
2025-02-14,19.4502959051183
2025-02-18,19.34696275638427
2025-02-19,19.403401679634452
2025-02-20,19.348652883058868
2025-02-21,18.95616524088447
2025-02-24,18.7260599675311
2025-02-25,18.463726361534853
2025-02-26,18.494973281840064
2025-02-27,17.95018003389827
2025-02-28,18.269940425265247
2025-03-03,17.734886696027996
2025-03-04,17.70589102842875
2025-03-05,17.983685577732885
2025-03-06,17.547499084722944
2025-03-07,17.642814478733815
2025-03-10,16.8967561888372
2025-03-11,16.895192937873244
2025-03-12,17.134415971603644
2025-03-13,16.75995923488053
2025-03-14,17.177321175291496
2025-03-17,17.098702676654035
2025-03-18,16.77181941353939
2025-03-19,17.01911864711404
2025-03-20,16.970910362463247
2025-03-21,17.149300781431208
2025-03-24,17.49912022863789
2025-03-25,17.643092299789927
2025-03-26,17.21602766653117
2025-03-27,17.143722957045988
2025-03-28,16.633668856597456
2025-03-31,16.617330678892586
2025-04-01,16.81825730426678
2025-04-02,16.91651351088476
2025-04-03,15.889475115675918
2025-04-04,15.080747802897566
2025-04-07,15.116268948877298
2025-04-08,14.829990672064113
2025-04-09,16.687065422386073
2025-04-10,15.99928072317023
2025-04-11,16.359332732805225
2025-04-14,16.384124334607684
2025-04-15,16.333329617974034
2025-04-16,15.767866778884818
2025-04-17,15.681549945593497
2025-04-21,15.277739395865122
2025-04-22,15.684071654794735
2025-04-23,16.112992090267813
2025-04-24,16.56740029498257
2025-04-25,16.86133616345105
2025-04-28,16.81363266797339
2025-04-29,16.88290962404719
2025-04-30,16.84647527282667
2025-05-01,17.32748341029196
2025-05-02,17.483072543367754
2025-05-05,17.318285738889365
2025-05-06,17.218216623753445
2025-05-07,17.195905496127132
2025-05-08,17.355897134245875
2025-05-09,17.371014694726213
2025-05-12,18.17835710114551
2025-05-13,18.493416865652687
2025-05-14,18.705611317535762
2025-05-15,18.606371877186582
2025-05-16,18.65410646795714
2025-05-19,18.665028428761367
2025-05-20,18.56139701822548
2025-05-21,18.381102604996272
2025-05-22,18.465468823706175
2025-05-23,18.21631577580485
2025-05-27,18.686302336458382
2025-05-28,18.63395356933253
2025-05-29,18.725276225122474
2025-05-30,18.67960521935548
2025-06-02,18.819294770425643
2025-06-03,18.90920580725797
2025-06-04,19.007018131854533
2025-06-05,18.856420843570046
2025-06-06,19.067914020331408
2025-06-09,19.123414346221114
2025-06-10,19.232377026371005
2025-06-11,19.132583653003344
2025-06-12,19.21247837689961
2025-06-13,19.008013249953358
2025-06-16,19.255472706386303
2025-06-17,19.116737559400658
2025-06-18,19.140265680982665
2025-06-20,19.026573488094265
2025-06-23,19.21663773533255
2025-06-24,19.426248153675996
2025-06-25,19.577156604962273
2025-06-26,19.778306501474134
2025-06-27,19.945121764673083
2025-06-30,19.999453625372613
2025-07-01,19.768294954255687
2025-07-02,19.964449610957082
2025-07-03,20.171931497520262
2025-07-07,20.0051414010371
2025-07-08,19.956312233284944
2025-07-09,20.19528941211937
2025-07-10,20.211233307531835
2025-07-11,20.255272003773428
2025-07-14,20.251488533762807
2025-07-15,20.39328653583587
2025-07-16,20.394866418678475
2025-07-17,20.51671479947877
2025-07-18,20.532135894928654
2025-07-21,20.66805171269378
2025-07-22,20.500829263234177
2025-07-23,20.60174316181339
2025-07-24,20.718233193486377
2025-07-25,20.769305276380702
2025-07-28,20.87064321439579
2025-07-29,20.787702821747814
2025-07-30,20.838180242763364
2025-07-31,21.064428087472198
2025-08-01,20.536748386420722
2025-08-04,20.924722784814822
2025-08-05,20.76545463296418
2025-08-06,21.12286484050006
2025-08-07,21.224977771319697
2025-08-08,21.51960812403516
2025-08-11,21.47136423284297
2025-08-12,21.726196612160024
2025-08-13,21.635429583811785
2025-08-14,21.736864433835123
2025-08-15,21.65837035558733
2025-08-18,21.61970736375247
2025-08-19,21.273982438385143
2025-08-20,21.06875742449765
2025-08-21,20.976941495364198
2025-08-22,21.32691322106869
2025-08-25,21.351632718520914
2025-08-26,21.424597204936802
2025-08-27,21.482149758035412
2025-08-28,21.624243076994436
2025-08-29,21.361927568647907
2025-09-02,21.18521383065945
2025-09-03,21.588984421146797
2025-09-04,21.82640765645026
2025-09-05,21.787296378889575
2025-09-08,21.876355496420366
2025-09-09,21.95504788603351
2025-09-10,21.992708802515114
2025-09-11,22.037958044985626
2025-09-12,22.24219290212021
2025-09-15,22.55360450910154
2025-09-16,22.522042660600935
2025-09-17,22.377932239312948
2025-09-18,22.452171629553625
2025-09-19,22.71592783606538
2025-09-22,22.873869230450513
2025-09-23,22.594214830339563
2025-09-24,22.530183630434852
2025-09-25,22.472864924826514
2025-09-26,22.526562706222244
2025-09-29,22.57101664739389
2025-09-30,22.645653671218174
2025-10-01,22.706868331078738
2025-10-02,22.744627825026694
2025-10-03,22.66576511006474
2025-10-06,22.82611295447411
2025-10-07,22.69893866915409
2025-10-08,22.89490768584037
2025-10-09,22.90719928696783
2025-10-10,22.130158860839632
2025-10-13,22.620965463729124
2025-10-14,22.369724984744412
2025-10-15,22.50863599894102
2025-10-16,22.45820865210222
2025-10-17,22.60711130484963
2025-10-20,22.916802865610972
2025-10-21,22.853251446551322
2025-10-22,22.70506112316031
2025-10-23,22.838067283997567
2025-10-24,23.10500251733809
2025-10-27,23.593970568128924
2025-10-28,23.927721859351024
2025-10-29,24.18541019763244
2025-10-30,23.72685104990706
2025-10-31,23.796279789664556
2025-11-03,23.933018216404292
2025-11-04,23.548527360357685
2025-11-05,23.596837703084013
2025-11-06,23.221906871594143
2025-11-07,23.093543007764673
2025-11-10,23.650759174137658
2025-11-11,23.63622915513573
2025-11-12,23.508077219169568
2025-11-13,23.033652109053023
2025-11-14,23.090203191071076
2025-11-17,22.990770369740208
2025-11-18,22.64630370012756
2025-11-19,22.826352607488744
2025-11-20,22.456370488888105
2025-11-21,22.570390235917674
2025-11-24,23.258453952904247
2025-11-25,23.384013049389775
2025-11-26,23.545747417771487
2025-11-28,23.678009471158767
2025-12-01,23.610474502956865
2025-12-02,23.72847358827471
2025-12-03,23.57109036284767
2025-12-04,23.612196977767468
2025-12-05,23.686649816414597
2025-12-08,23.67449079480565
2025-12-09,23.721502004424675
2025-12-10,23.680827206755854
2025-12-11,23.53732977336455
2025-12-12,23.122508075928124
2025-12-15,22.93703764973122
2025-12-16,23.02743278632349
2025-12-17,22.60747286528831
2025-12-18,22.933498253696875
2025-12-19,23.18455172519905
2025-12-22,23.243009665877675
2025-12-23,23.505834147234882
2025-12-24,23.5455724353224
2025-12-26,23.54738151289438
2025-12-29,23.444557864099817
2025-12-30,23.438123087634064
2025-12-31,23.299688912351417
2026-01-02,23.164246783388116
2026-01-05,23.207403014298812
2026-01-06,23.1821945985509
2026-01-07,23.28568225083253
2026-01-08,23.196129031870274
2026-01-09,23.344360948019848
2026-01-12,23.39314058714486
2026-01-13,23.360389013036812
2026-01-14,23.019127019309625
2026-01-15,23.04183228654999
2026-01-16,23.028756561686258
2026-01-20,22.370440825321722
2026-01-21,22.490847408701676
2026-01-22,22.733818472916845
2026-01-23,22.939503245857487
2026-01-26,23.145657703688443
2026-01-27,23.414075552442444
2026-01-28,23.434522354593952
2026-01-29,23.177130691252646
2026-01-30,23.094945536747318
2026-02-02,23.166967347967297
2026-02-03,22.783474701052057
2026-02-04,22.54476864991782
2026-02-05,22.202415119890727
2026-02-06,22.455030533652113
2026-02-09,22.691962061569477
2026-02-10,22.54289544662047
2026-02-11,22.411015886305048
2026-02-12,21.929841452155173
2026-02-13,21.677938574478468
2026-02-17,21.79909726813313
2026-02-18,21.944022934158433
2026-02-19,21.875118156805968
2026-02-20,22.171977466361945
2026-02-23,21.943169563695108
2026-02-24,22.140188753728122
2026-02-25,22.463465067895992
2026-02-26,22.12226716352927
2026-02-27,21.85456408573415
2026-03-02,21.94514270179362
2026-03-03,21.867957202540683
2026-03-04,22.058604401638426
2026-03-05,22.113092418582003
2026-03-06,21.818231888500193
2026-03-09,22.118479178823264
2026-03-10,22.14706451059811
2026-03-11,22.168911295342117
2026-03-12,21.837692239007513
2026-03-13,21.491501405748973
2026-03-16,21.750631975585005
2026-03-17,21.811933380899163
2026-03-18,21.50510185976814
2026-03-19,21.372408776459725
2026-03-20,20.99130727114655
2026-03-23,21.274480221779356
2026-03-24,20.972934174059215
2026-03-25,21.1006825428558
2026-03-26,20.603388591774262
2026-03-27,20.1339945101083
2026-03-30,20.065177425518634
2026-03-31,20.868849598337484
2026-04-01,21.09842891210526
2026-04-02,21.1158747483469
2026-04-06,21.219982192820126
2026-04-07,21.286357863395754
2026-04-08,21.826666230541132
2026-04-09,22.07230588054365
2026-04-10,22.238856299189624
2026-04-13,22.45751357616714
2026-04-14,22.975827387596254
2026-04-15,23.500030402264457
2026-04-16,23.536986425071483
2026-04-17,23.84657130569992
2026-04-20,23.68723373041134
2026-04-21,23.53938042771666
2026-04-22,24.012252737198292
2026-04-23,23.73296251593117
2026-04-24,24.123366173561
2026-04-27,24.24296176475786
2026-04-28,24.148037401464983
2026-04-29,24.074596626432413
2026-04-30,24.141396848392688
2026-05-01,24.37935481610959
2026-05-04,24.309625710038993
2026-05-05,24.460532254973714
2026-05-06,24.880618185333578
2026-05-07,24.955334446448198
2026-05-08,25.199731660142774
2026-05-11,25.065125872345224
2026-05-12,25.00008993693137
2026-05-13,25.393145382150674
2026-05-14,25.65647815556746
2026-05-15,25.422419344509155
2026-05-18,25.326007992421648
2026-05-19,25.03523756958614
2026-05-20,25.283774620444465
2026-05-21,25.250708746890915
2026-05-22,25.167094107073904
2026-05-26,25.226063163441236
2026-05-27,25.31963265354009
2026-05-28,25.553331741192103
2026-05-29,25.606948062307644
2026-06-01,25.651947201077796
2026-06-02,25.484390070561805
2026-06-03,25.09049912832052
2026-06-04,25.106096909527555
2026-06-05,24.308418756857453
2026-06-08,24.243411804372965
2026-06-09,23.935408924726154
2026-06-10,23.470773406435562
2026-06-11,23.682862345170715
2026-06-12,23.611147075525633
