Date,0
2006-01-03,1.0
2006-01-04,1.0005354993388986
2006-01-05,0.9967278458110241
2006-01-06,1.0055505248257095
2006-01-09,1.0053537175834277
2006-01-10,1.0042707258856862
2006-01-11,1.0096436639908453
2006-01-12,1.0018582553097206
2006-01-13,1.007011160731634
2006-01-17,1.0036248991067742
2006-01-18,0.9990688285827429
2006-01-19,1.0041773927235575
2006-01-20,0.983406647929751
2006-01-23,0.9882086485288947
2006-01-24,0.984472921039847
2006-01-25,0.979995597548296
2006-01-26,0.9850696470071755
2006-01-27,0.9948969081961496
2006-01-30,1.00388832215186
2006-01-31,1.0018412367815928
2006-02-01,0.997762047780547
2006-02-02,0.9882462933788729
2006-02-03,0.9815012831786307
2006-02-06,0.9817745058649092
2006-02-07,0.9698494826623448
2006-02-08,0.9756753779003967
2006-02-09,0.9746509025450112
2006-02-10,0.976112271730431
2006-02-13,0.9742911366075271
2006-02-14,0.9815442865554396
2006-02-15,0.984004009085829
2006-02-16,0.9881646501545163
2006-02-17,0.9896390193095705
2006-02-21,0.9874911322139804
2006-02-22,0.9867069155599012
2006-02-23,0.9843950953662937
2006-02-24,0.9859670183524945
2006-02-27,0.9866758200694621
2006-02-28,0.9783086601334351
2006-03-01,0.9849840072122816
2006-03-02,0.9833772450996943
2006-03-03,0.9842958301540692
2006-03-06,0.9793501469178041
2006-03-07,0.9809533919186061
2006-03-08,0.9850750977707987
2006-03-09,0.9794270271486584
2006-03-10,0.9873300782390302
2006-03-13,0.9901915492093433
2006-03-14,0.9991779418266649
2006-03-15,1.0055775030529657
2006-03-16,1.010490191393871
2006-03-17,1.0104987919054893
2006-03-20,1.0114618054459075
2006-03-21,1.0087275038436203
2006-03-22,1.0105112229245503
2006-03-23,1.0064832178780332
2006-03-24,1.0088778756085293
2006-03-27,1.008192063941039
2006-03-28,1.002320336450841
2006-03-29,1.0091966918142614
2006-03-30,1.0119360395692945
2006-03-31,1.0074857177246588
2006-04-03,1.011381274919321
2006-04-04,1.0176663192342201
2006-04-05,1.0219681141564254
2006-04-06,1.0206275870360026
2006-04-07,1.0116922130227601
2006-04-10,1.0168106412268756
2006-04-11,1.0157244286488787
2006-04-12,1.016789107651947
2006-04-13,1.0146314660757025
2006-04-17,1.0140911769459793
2006-04-18,1.0315925277332711
2006-04-19,1.0326183096407529
2006-04-20,1.0314796203354828
2006-04-21,1.0408523974165163
2006-04-24,1.0371153477125132
2006-04-25,1.0331878324509156
2006-04-26,1.0325788159759055
2006-04-27,1.035646488576296
2006-04-28,1.0292357240804166
2006-05-01,1.030995018772987
2006-05-02,1.0417668169858034
2006-05-03,1.0329050603325174
2006-05-04,1.0350546426898166
2006-05-05,1.0490505036448505
2006-05-08,1.0433588619920915
2006-05-09,1.0453535580644844
2006-05-10,1.0459362420343974
2006-05-11,1.0346192251828257
2006-05-12,1.0205764266065591
2006-05-15,1.0242071030923128
2006-05-16,1.0260808711498044
2006-05-17,1.0046741700250488
2006-05-18,1.002799929353818
2006-05-19,1.0048885131132086
2006-05-22,1.00360127642183
2006-05-23,1.0028313141676803
2006-05-24,1.0074112861966071
2006-05-25,1.0224024493985904
2006-05-26,1.025067742823912
2006-05-30,1.0074463079182325
2006-05-31,1.0108779054393364
2006-06-01,1.0165109617951928
2006-06-02,1.0212190439497515
2006-06-05,1.005392243735451
2006-06-06,1.0042319066319458
2006-06-07,0.9961070302839768
2006-06-08,0.9973263285784179
2006-06-09,0.9888039346930552
2006-06-12,0.9807773220369623
2006-06-13,0.9643618569107799
2006-06-14,0.9718996673157355
2006-06-15,0.9896488258816651
2006-06-16,0.9855232776211231
2006-06-19,0.976940188504725
2006-06-20,0.9789847200336458
2006-06-21,0.9881734952539374
2006-06-22,0.9838589949331749
2006-06-23,0.9806343862473722
2006-06-26,0.9855166433616868
2006-06-27,0.9805934101559012
2006-06-28,0.990032129742328
2006-06-29,1.0086279817610415
2006-06-30,1.0038772129376308
2006-07-03,1.0131765782663869
2006-07-05,1.008680280146731
2006-07-06,1.0141943684229746
2006-07-07,1.011529278837361
2006-07-10,1.0159738115994708
2006-07-11,1.0176551414992299
2006-07-12,1.0051650547787045
2006-07-13,0.9944713306502646
2006-07-14,0.9920044074664275
2006-07-17,0.9852141434773314
2006-07-18,0.9879245608455924
2006-07-19,1.0030082256203827
2006-07-20,0.9948049867533655
2006-07-21,0.9975220604199416
2006-07-24,1.0114338896736867
2006-07-25,1.015954274668557
2006-07-26,1.0204038461302052
2006-07-27,1.0211663265387834
2006-07-28,1.0344899123264606
2006-07-31,1.0329053991868475
2006-08-01,1.0318745851299187
2006-08-02,1.0387043446921618
2006-08-03,1.0391468612377948
2006-08-04,1.0448704630430352
2006-08-07,1.039408557703309
2006-08-08,1.0383551280457803
2006-08-09,1.0387910520302464
2006-08-10,1.0426035195312757
2006-08-11,1.0388712290718403
2006-08-14,1.0403950269345994
2006-08-15,1.0477977252485005
2006-08-16,1.0473502313767926
2006-08-17,1.0501090600814542
2006-08-18,1.0617835550055266
2006-08-21,1.0634115341312607
2006-08-22,1.0604313115649415
2006-08-23,1.0564367179726712
2006-08-24,1.0596769110126705
2006-08-25,1.0559264883145205
2006-08-28,1.0585730429359799
2006-08-29,1.0570345658724345
2006-08-30,1.0554500701680105
2006-08-31,1.0513732108307394
2006-09-01,1.055554609690361
2006-09-05,1.0558234010484249
2006-09-06,1.0459352314004118
2006-09-07,1.0417928827208023
2006-09-08,1.0421802195047156
2006-09-11,1.0387390767916993
2006-09-12,1.0426963729026268
2006-09-13,1.0488240219633653
2006-09-14,1.0474724647639835
2006-09-15,1.0468685447865378
2006-09-18,1.0546211731253803
2006-09-19,1.0517696110896861
2006-09-20,1.0531389639839508
2006-09-21,1.0537572435183666
2006-09-22,1.049162215723586
2006-09-25,1.057914595739839
2006-09-26,1.067131899483256
2006-09-27,1.072749448255886
2006-09-28,1.0748840849686638
2006-09-29,1.0712985748194765
2006-10-02,1.0700951157920875
2006-10-03,1.0685071911269552
2006-10-04,1.0839354053478765
2006-10-05,1.0836122074564427
2006-10-06,1.0811150518909425
2006-10-09,1.076359722061693
2006-10-10,1.0807838762233757
2006-10-11,1.0754976502712315
2006-10-12,1.084909900884861
2006-10-13,1.0879110232503555
2006-10-16,1.0923965535914482
2006-10-17,1.090875122710972
2006-10-18,1.0909704607555515
2006-10-19,1.0930155118170832
2006-10-20,1.096521205085285
2006-10-23,1.104509609378388
2006-10-24,1.104114401690844
2006-10-25,1.1121503332660294
2006-10-26,1.1174825232294536
2006-10-27,1.109166132795582
2006-10-30,1.1035570040128608
2006-10-31,1.1049307121603904
2006-11-01,1.1012963781357157
2006-11-02,1.1012960991889982
2006-11-03,1.1021389009799303
2006-11-06,1.1140287282078742
2006-11-07,1.1173312307313867
2006-11-08,1.1248707123047998
2006-11-09,1.122012559059897
2006-11-10,1.1223242849387414
2006-11-13,1.1186800880745629
2006-11-14,1.1276767376168917
2006-11-15,1.1268330282605443
2006-11-16,1.1214283060286392
2006-11-17,1.1243352816688106
2006-11-20,1.1189545944313004
2006-11-21,1.1217141946090992
2006-11-22,1.1224580263098805
2006-11-24,1.1163343087319764
2006-11-27,1.1085597460787007
2006-11-28,1.1140042178973446
2006-11-29,1.124776487264444
2006-11-30,1.1231576637115652
2006-12-01,1.1216792392323998
2006-12-04,1.1250434714676425
2006-12-05,1.1287549484233292
2006-12-06,1.1219189395710094
2006-12-07,1.1201986131682962
2006-12-08,1.1241270593289332
2006-12-11,1.1270029861356314
2006-12-12,1.1288055441725358
2006-12-13,1.1343370678436528
2006-12-14,1.147856191578142
2006-12-15,1.1519833814870244
2006-12-18,1.1498054925440808
2006-12-19,1.1574471586277741
2006-12-20,1.1532786602286147
2006-12-21,1.151778727220546
2006-12-22,1.1461379624409436
2006-12-26,1.1533280204326044
2006-12-27,1.1639222947461176
2006-12-28,1.1614329779497152
2006-12-29,1.1572492156386158
2007-01-03,1.150422340422213
2007-01-04,1.1451103074105153
2007-01-05,1.1373009106941339
2007-01-08,1.1355477799196025
2007-01-09,1.1290964773522223
2007-01-10,1.1192874067948453
2007-01-11,1.1257912434755901
2007-01-12,1.1427108296826893
2007-01-16,1.1399834601565133
2007-01-17,1.1414871356490177
2007-01-18,1.1407350031173136
2007-01-19,1.1438325995744214
2007-01-22,1.1361896631967046
2007-01-23,1.1427921944141763
2007-01-24,1.1505782825005217
2007-01-25,1.1305777542397415
2007-01-26,1.1308045208453863
2007-01-29,1.1250284892557545
2007-01-30,1.1316441275156761
2007-01-31,1.135264245667588
2007-02-01,1.1417455416605506
2007-02-02,1.1378382857215215
2007-02-05,1.1375118094287158
2007-02-06,1.13906394366192
2007-02-07,1.1360847762828248
2007-02-08,1.1338806637866001
2007-02-09,1.124510915209589
2007-02-12,1.1212029173181521
2007-02-13,1.1317606703892502
2007-02-14,1.1399191245711777
2007-02-15,1.139588700703054
2007-02-16,1.1341460861066013
2007-02-20,1.1359428806258323
2007-02-21,1.1344951980150977
2007-02-22,1.134456475590532
2007-02-23,1.1324839899681993
2007-02-26,1.1355849167014984
2007-02-27,1.0968301095864685
2007-02-28,1.0985080990046396
2007-03-01,1.0950014892544875
2007-03-02,1.0813131992644212
2007-03-05,1.070997336876551
2007-03-06,1.089538570029327
2007-03-07,1.0899537755818607
2007-03-08,1.0916785557409598
2007-03-09,1.0879305603794094
2007-03-12,1.0881865824444337
2007-03-13,1.0657390084561422
2007-03-14,1.07417536043192
2007-03-15,1.077077864975426
2007-03-16,1.0707877467227889
2007-03-19,1.0841285041515918
2007-03-20,1.0916896155291673
2007-03-21,1.1125996377657938
2007-03-22,1.116238209937772
2007-03-23,1.1204018543931988
2007-03-26,1.1239650859169883
2007-03-27,1.1188788477298979
2007-03-28,1.1127400561296295
2007-03-29,1.1204734959886469
2007-03-30,1.1134737478441208
2007-04-02,1.1128947908612052
2007-04-03,1.1191074666894545
2007-04-04,1.1218378034251122
2007-04-05,1.1228887556232012
2007-04-09,1.1196775634141782
2007-04-10,1.1246121789804355
2007-04-11,1.116832966075479
2007-04-12,1.1242473033293543
2007-04-13,1.1271952792490856
2007-04-16,1.1375526986202926
2007-04-17,1.1377771591002068
2007-04-18,1.1386980662214963
2007-04-19,1.1350903562261567
2007-04-20,1.1496455476418768
2007-04-23,1.1408816923981266
2007-04-24,1.1352357241370101
2007-04-25,1.149331796571372
2007-04-26,1.1488783429737535
2007-04-27,1.1559766622299008
2007-04-30,1.1504742961753718
2007-05-01,1.156864447613949
2007-05-02,1.1613937619712187
2007-05-03,1.1687337330256262
2007-05-04,1.1671879387551567
2007-05-07,1.1699171987758024
2007-05-08,1.1681635043663807
2007-05-09,1.1684667800153814
2007-05-10,1.1490119339100646
2007-05-11,1.161739414902427
2007-05-14,1.1621368099533333
2007-05-15,1.1601920572795532
2007-05-16,1.1689917309687938
2007-05-17,1.172302346467227
2007-05-18,1.183264953649065
2007-05-21,1.1846386392046007
2007-05-22,1.1795021685991183
2007-05-23,1.1811943420827244
2007-05-24,1.173872280349002
2007-05-25,1.1822991178905495
2007-05-29,1.177648687028697
2007-05-30,1.1863478869060546
2007-05-31,1.1807746210131316
2007-06-01,1.190663390743243
2007-06-04,1.1995668777502653
2007-06-05,1.1941637713780855
2007-06-06,1.1857610639072633
2007-06-07,1.1691089818964733
2007-06-08,1.183457539880557
2007-06-11,1.1829314385363086
2007-06-12,1.1693175984004585
2007-06-13,1.1880636057377698
2007-06-14,1.1954757130648614
2007-06-15,1.2052891225735365
2007-06-18,1.2053335260946176
2007-06-19,1.211909658819715
2007-06-20,1.1932241402587034
2007-06-21,1.2017668072237488
2007-06-22,1.1828942579326058
2007-06-25,1.1813428470752303
2007-06-26,1.1781905835417115
2007-06-27,1.189444088061361
2007-06-28,1.1931229774070273
2007-06-29,1.1942698942038346
2007-07-02,1.2069686588046549
2007-07-03,1.2140885574813252
2007-07-05,1.207547868354954
2007-07-06,1.2147694124473563
2007-07-09,1.2186261899788884
2007-07-10,1.202255424526191
2007-07-11,1.2090788870185591
2007-07-12,1.2330567755496318
2007-07-13,1.2343318051314542
2007-07-16,1.2318200103929657
2007-07-17,1.2354654817389326
2007-07-18,1.2372607428564177
2007-07-19,1.2443797050050855
2007-07-20,1.2317147296089248
2007-07-23,1.2418572997433628
2007-07-24,1.216229460067053
2007-07-25,1.2242683459448291
2007-07-26,1.1901403191369468
2007-07-27,1.1690431774287495
2007-07-30,1.1769082638014883
2007-07-31,1.1654581463978935
2007-08-01,1.1713794594497937
2007-08-02,1.1715400138498921
2007-08-03,1.141538182246086
2007-08-06,1.1702930461895416
2007-08-07,1.182382925949616
2007-08-08,1.2049942840370034
2007-08-09,1.1602160714434002
2007-08-10,1.1548763738938865
2007-08-13,1.149446592144051
2007-08-14,1.1349552932589675
2007-08-15,1.1212842097999847
2007-08-16,1.1232188745836467
2007-08-17,1.1533998906836431
2007-08-20,1.151554049401123
2007-08-21,1.1464838372968884
2007-08-22,1.1579838058986387
2007-08-23,1.1594242619610642
2007-08-24,1.1746329587189508
2007-08-27,1.1632846292032124
2007-08-28,1.1359119024770574
2007-08-29,1.1599738235482422
2007-08-30,1.1540319807031447
2007-08-31,1.1670458168717452
2007-09-04,1.1791393148419198
2007-09-05,1.1685412916440912
2007-09-06,1.1761946946198087
2007-09-07,1.160557548958343
2007-09-10,1.1592913036461654
2007-09-11,1.1761446187797955
2007-09-12,1.1799230135094263
2007-09-13,1.1900522880563862
2007-09-14,1.1888483615764531
2007-09-17,1.18342900000404
2007-09-18,1.2159611400150936
2007-09-19,1.2185325385080388
2007-09-20,1.2150508002396054
2007-09-21,1.2178090884781991
2007-09-24,1.2117233896668647
2007-09-25,1.208683661301392
2007-09-26,1.2106108136280433
2007-09-27,1.2162284699506118
2007-09-28,1.2144749406460813
2007-10-01,1.2311096731236202
2007-10-02,1.224996771094114
2007-10-03,1.2136558010469847
2007-10-04,1.2182596574711078
2007-10-05,1.226240780493362
2007-10-08,1.2186884070466255
2007-10-09,1.231563165456521
2007-10-10,1.2307423481235598
2007-10-11,1.2337350373708051
2007-10-12,1.240002922425095
2007-10-15,1.2340437053822595
2007-10-16,1.2301214376151999
2007-10-17,1.23116496075727
2007-10-18,1.230607767954092
2007-10-19,1.2002196764784585
2007-10-22,1.1977089219249848
2007-10-23,1.204350244784886
2007-10-24,1.2052111125387972
2007-10-25,1.2042353369003551
2007-10-26,1.2383323530559838
2007-10-29,1.244324284045668
2007-10-30,1.236147181596288
2007-10-31,1.2542131769461786
2007-11-01,1.2209174630129063
2007-11-02,1.219836714534964
2007-11-05,1.2092307052194633
2007-11-06,1.2177157949805588
2007-11-07,1.1883945669329514
2007-11-08,1.1857644106940244
2007-11-09,1.165576549672875
2007-11-12,1.1494456221545595
2007-11-13,1.188424964933538
2007-11-14,1.1814297210255178
2007-11-15,1.1595121864483093
2007-11-16,1.1671480410974073
2007-11-19,1.1459544584702457
2007-11-20,1.1636274534535012
2007-11-21,1.1494351996031638
2007-11-23,1.1608797153076427
2007-11-26,1.1337445982520598
2007-11-27,1.146059115309783
2007-11-28,1.173950668988187
2007-11-29,1.1720176810175973
2007-11-30,1.182710319235662
2007-12-03,1.1688221883341434
2007-12-04,1.1584978777088757
2007-12-05,1.1838674030938239
2007-12-06,1.200005434574877
2007-12-07,1.1990673559335945
2007-12-10,1.2072170351429907
2007-12-11,1.1827193556071283
2007-12-12,1.1890834193899464
2007-12-13,1.19065134293912
2007-12-14,1.1726871625862139
2007-12-17,1.158739689572574
2007-12-18,1.1670284682075833
2007-12-19,1.1651563484939291
2007-12-20,1.1714596877947776
2007-12-21,1.1871422400824674
2007-12-24,1.195848327463063
2007-12-26,1.19943638324884
2007-12-27,1.1870475458997913
2007-12-28,1.1909879120392053
2007-12-31,1.1807876355288134
2008-01-02,1.1684542555284145
2008-01-03,1.1639357051987986
2008-01-04,1.1444537987511851
2008-01-07,1.146107025020825
2008-01-08,1.1249435285838234
2008-01-09,1.1492782981694047
2008-01-10,1.145338105827109
2008-01-11,1.1253052757490603
2008-01-14,1.1314568548198187
2008-01-15,1.106296043077348
2008-01-16,1.0785633028217576
2008-01-17,1.063238914984117
2008-01-18,1.0826951401483684
2008-01-22,1.0326749107590225
2008-01-23,1.052357759007037
2008-01-24,1.0710120311147049
2008-01-25,1.0716008985794974
2008-01-28,1.0715929165340246
2008-01-29,1.0712449325672797
2008-01-30,1.0640328152055922
2008-01-31,1.0734064692474554
2008-02-01,1.0842060496583614
2008-02-04,1.0808482098986687
2008-02-05,1.0453121510708667
2008-02-06,1.0329255089866085
2008-02-07,1.034949993835368
2008-02-08,1.03282614685822
2008-02-11,1.0350575857393711
2008-02-12,1.0481827950600215
2008-02-13,1.064615274152597
2008-02-14,1.0646786344276518
2008-02-15,1.06631706156346
2008-02-19,1.0827911099728134
2008-02-20,1.0782508385111838
2008-02-21,1.0677441146368878
2008-02-22,1.067209766035719
2008-02-25,1.0795234930215623
2008-02-26,1.0868267392093922
2008-02-27,1.091414864008266
2008-02-28,1.0868341445480236
2008-02-29,1.0682638520487813
2008-03-03,1.0631940771411497
2008-03-04,1.0526164933448936
2008-03-05,1.061508788840008
2008-03-06,1.041463374273438
2008-03-07,1.0261244879974571
2008-03-10,1.0214270565795693
2008-03-11,1.0623165617470545
2008-03-12,1.062925467564802
2008-03-13,1.059851099835941
2008-03-14,1.0423913291512863
2008-03-17,1.0329148954040204
2008-03-18,1.0696863004948196
2008-03-19,1.0458172345662908
2008-03-20,1.0596776197342934
2008-03-24,1.0674675148968946
2008-03-25,1.0791640343336464
2008-03-26,1.0832697989366133
2008-03-27,1.077546268649147
2008-03-28,1.0772787765542087
2008-03-31,1.0744388158982718
2008-04-01,1.1059978952281715
2008-04-02,1.1132717136317183
2008-04-03,1.1110069941027854
2008-04-04,1.1101299066053296
2008-04-07,1.1098779768704683
2008-04-08,1.1065221477764637
2008-04-09,1.1049497860722635
2008-04-10,1.1100450976733762
2008-04-11,1.0798905123181621
2008-04-14,1.0691189014568858
2008-04-15,1.0769054046386355
2008-04-16,1.094708626226161
2008-04-17,1.0995477859364304
2008-04-18,1.1131344715051288
2008-04-21,1.1240177305661254
2008-04-22,1.1218592814578712
2008-04-23,1.1316515513273708
2008-04-24,1.1286212965113487
2008-04-25,1.1237881783779773
2008-04-28,1.1180590934399572
2008-04-29,1.1164163389992878
2008-04-30,1.1189960762788282
2008-05-01,1.1165031569960073
2008-05-02,1.122990517348293
2008-05-05,1.1183060778756118
2008-05-06,1.1250831887408195
2008-05-07,1.1111039961945963
2008-05-08,1.1063457833523087
2008-05-09,1.1000636906656986
2008-05-12,1.106977845879547
2008-05-13,1.1123396798715248
2008-05-14,1.1146919608970383
2008-05-15,1.1253341653105575
2008-05-16,1.1287160170027255
2008-05-19,1.140909060093819
2008-05-20,1.1262396231904206
2008-05-21,1.1173095159693531
2008-05-22,1.1097577970655117
2008-05-23,1.0928534876487368
2008-05-27,1.088244639601948
2008-05-28,1.0896583764413799
2008-05-29,1.090359243102076
2008-05-30,1.0928651613156763
2008-06-02,1.0856489496526314
2008-06-03,1.0695077864200828
2008-06-04,1.0686085386668525
2008-06-05,1.097731310126155
2008-06-06,1.0752891343776374
2008-06-09,1.0869538526508125
2008-06-10,1.0702997655316382
2008-06-11,1.0683883057279255
2008-06-12,1.0586994196164023
2008-06-13,1.0676411417545746
2008-06-16,1.0719820366041497
2008-06-17,1.0726284851032353
2008-06-18,1.0626587373541576
2008-06-19,1.0521651073110005
2008-06-20,1.0342736647243724
2008-06-23,1.0440757505676872
2008-06-24,1.0384921223583334
2008-06-25,1.0528798337589576
2008-06-26,1.031169131603129
2008-06-27,1.0264030126517814
2008-06-30,1.0354555187374632
2008-07-01,1.0324256783436585
2008-07-02,1.0102246481175534
2008-07-03,1.011252628954088
2008-07-07,1.019523010569702
2008-07-08,1.015300246960188
2008-07-09,1.0053449415438733
2008-07-10,1.0179480422553862
2008-07-11,1.0162842583794045
2008-07-14,1.007898481740335
2008-07-15,0.9870897519792118
2008-07-16,0.9970427649974858
2008-07-17,1.0018515778442605
2008-07-18,0.998766646879703
2008-07-21,1.0063615424413068
2008-07-22,1.0179079785432796
2008-07-23,1.0224581160118458
2008-07-24,1.0122936525449018
2008-07-25,1.0154300177228854
2008-07-28,0.9975217381665639
2008-07-29,1.0017038078861087
2008-07-30,1.0281782650815825
2008-07-31,0.99980481542785
2008-08-01,0.993034615872318
2008-08-04,0.9739015398252259
2008-08-05,0.9945312254508777
2008-08-06,0.9998203749707362
2008-08-07,0.9945286307669085
2008-08-08,1.0123787489489424
2008-08-11,1.015320460280711
2008-08-12,1.0060948352584362
2008-08-13,0.9974031985121944
2008-08-14,0.9901618181896356
2008-08-15,0.9914818254560835
2008-08-18,0.9830705174437832
2008-08-19,0.9788198570393976
2008-08-20,0.9868336808350916
2008-08-21,0.9902642025693159
2008-08-22,0.9965890636813022
2008-08-25,0.9894661047575234
2008-08-26,0.9942025735910064
2008-08-27,1.0002815254424953
2008-08-28,1.0055553497709002
2008-08-29,0.9963341949721318
2008-09-02,0.9804423314830945
2008-09-03,0.9785237748050318
2008-09-04,0.9564805404720992
2008-09-05,0.9484907863744719
2008-09-08,0.9701907451064935
2008-09-09,0.94722913802874
2008-09-10,0.9540985999699811
2008-09-11,0.9561316213808151
2008-09-12,0.953547358235314
2008-09-15,0.9116251026398956
2008-09-16,0.9103979521991629
2008-09-17,0.8660771417674589
2008-09-18,0.8937878707137814
2008-09-19,0.943224036870649
2008-09-22,0.943814615171238
2008-09-23,0.9237305393028267
2008-09-24,0.9265971216167207
2008-09-25,0.9535440800314607
2008-09-26,0.9564061682795046
2008-09-29,0.8805184445871058
2008-09-30,0.9250361039163004
2008-10-01,0.9181300351206193
2008-10-02,0.8839111848573995
2008-10-03,0.8765114552065482
2008-10-06,0.8483488072056341
2008-10-07,0.8183754433826633
2008-10-08,0.811273364369362
2008-10-09,0.7607806274315813
2008-10-10,0.7371113137429992
2008-10-13,0.8328843629541444
2008-10-14,0.826703528892645
2008-10-15,0.7483983676720702
2008-10-16,0.7815393019194807
2008-10-17,0.768062241823896
2008-10-20,0.8250475689611453
2008-10-21,0.7966249045789698
2008-10-22,0.7351489813629588
2008-10-23,0.7600396947935217
2008-10-24,0.730118460326122
2008-10-27,0.6953021020617188
2008-10-28,0.7841840866502682
2008-10-29,0.7877852042460872
2008-10-30,0.802778842012379
2008-10-31,0.7998261312494286
2008-11-03,0.8058831677939357
2008-11-04,0.8461535170936297
2008-11-05,0.8188339525120347
2008-11-06,0.755265866170255
2008-11-07,0.7858964600685957
2008-11-10,0.788801282383127
2008-11-11,0.7678123662395676
2008-11-12,0.7314134970613925
2008-11-13,0.7710049523431198
2008-11-14,0.7470207571830206
2008-11-17,0.7380660638578631
2008-11-18,0.7505371642984114
2008-11-19,0.7089597801220646
2008-11-20,0.6630583899898284
2008-11-21,0.7206849690085315
2008-11-24,0.7570422265449062
2008-11-25,0.764330769002537
2008-11-26,0.782069282737737
2008-11-28,0.7844643117725202
2008-12-01,0.734962029892845
2008-12-02,0.7669036803976184
2008-12-03,0.7803303897007219
2008-12-04,0.7569737102047649
2008-12-05,0.767499683712256
2008-12-08,0.8070139944787803
2008-12-09,0.7874076692715859
2008-12-10,0.8115170212187255
2008-12-11,0.8008964123847792
2008-12-12,0.7939242558581051
2008-12-15,0.7925440436583964
2008-12-16,0.8231351755488229
2008-12-17,0.812821853782889
2008-12-18,0.7841321640721661
2008-12-19,0.7761322446045876
2008-12-22,0.7651993650160734
2008-12-23,0.7629259540436332
2008-12-24,0.7634132238397703
2008-12-26,0.771791681434718
2008-12-29,0.7711060089482601
2008-12-30,0.7777307338197084
2008-12-31,0.7863243399812071
2009-01-02,0.8110007624655273
2009-01-05,0.8071740204095045
2009-01-06,0.8035031342816619
2009-01-07,0.779325995361381
2009-01-08,0.77085441228795
2009-01-09,0.7606060317587094
2009-01-12,0.7507694686128575
2009-01-13,0.7497443402964411
2009-01-14,0.7287444679363738
2009-01-15,0.730803960548324
2009-01-16,0.7433005841272794
2009-01-20,0.7210579337987107
2009-01-21,0.7294341861934881
2009-01-22,0.7148564776812254
2009-01-23,0.7045215115978173
2009-01-26,0.7114283486471658
2009-01-27,0.7211911574030836
2009-01-28,0.7304711568200482
2009-01-29,0.7178249719925809
2009-01-30,0.7023014579832152
2009-02-02,0.6991944469370717
2009-02-03,0.7110724176849417
2009-02-04,0.7072438246958027
2009-02-05,0.7224438310697301
2009-02-06,0.7363393949852812
2009-02-09,0.7401185947784868
2009-02-10,0.7138477726113609
2009-02-11,0.7122812546237384
2009-02-12,0.7109987316949641
2009-02-13,0.7038433273586481
2009-02-17,0.682628348156941
2009-02-18,0.6914433255803646
2009-02-19,0.6894178541699373
2009-02-20,0.6782965867395048
2009-02-23,0.6604836170144558
2009-02-24,0.6753184278031779
2009-02-25,0.6719005461891873
2009-02-26,0.658320701171752
2009-02-27,0.6430420177389203
2009-03-02,0.6178648497852728
2009-03-03,0.611179627945859
2009-03-04,0.6222978643289265
2009-03-05,0.6056718555562424
2009-03-06,0.6089004353879683
2009-03-09,0.6057180857940269
2009-03-10,0.6345472230626978
2009-03-11,0.6301928384669527
2009-03-12,0.6424444388108637
2009-03-13,0.6497831884263477
2009-03-16,0.6505773297859412
2009-03-17,0.664780385023825
2009-03-18,0.6696350090108847
2009-03-19,0.6622136080578861
2009-03-20,0.648060280560096
2009-03-23,0.6871297830690478
2009-03-24,0.678730414238865
2009-03-25,0.6868093903306541
2009-03-26,0.7123673426231536
2009-03-27,0.7056963339399855
2009-03-30,0.6840134972629834
2009-03-31,0.689362812845264
2009-04-01,0.7032185795706558
2009-04-02,0.7185833478255469
2009-04-03,0.7197775480719946
2009-04-06,0.7205938637728089
2009-04-07,0.7112531938712654
2009-04-08,0.7167889879291004
2009-04-09,0.7269327777208385
2009-04-13,0.7252795944402072
2009-04-14,0.718936232905541
2009-04-15,0.7226277592979081
2009-04-16,0.7280998624866467
2009-04-17,0.7276198535894797
2009-04-20,0.7118520181665452
2009-04-21,0.7180697312175331
2009-04-22,0.7071888574388056
2009-04-23,0.7146880739656466
2009-04-24,0.7229483757711013
2009-04-27,0.7131581024893289
2009-04-28,0.7129214105073367
2009-04-29,0.7298065750367793
2009-04-30,0.732123305227071
2009-05-01,0.7352978569725955
2009-05-04,0.7499073503784166
2009-05-05,0.7440138359147349
2009-05-06,0.7527906275697887
2009-05-07,0.753958905232456
2009-05-08,0.7618056787694689
2009-05-11,0.7506089416099395
2009-05-12,0.7554020701157881
2009-05-13,0.743320792055016
2009-05-14,0.7405838658121597
2009-05-15,0.7418005199115626
2009-05-18,0.7612509053779337
2009-05-19,0.7632143480962695
2009-05-20,0.7610315692278732
2009-05-21,0.7504058685958025
2009-05-22,0.7497728285425488
2009-05-26,0.7619225719076516
2009-05-27,0.7532825815330672
2009-05-28,0.762557739527486
2009-05-29,0.7688150115578499
2009-06-01,0.7903775467179542
2009-06-02,0.7871397010784225
2009-06-03,0.7860668972985808
2009-06-04,0.7867663694023855
2009-06-05,0.7893526089909962
2009-06-08,0.7874679582878268
2009-06-09,0.7833195536565011
2009-06-10,0.7908374985188763
2009-06-11,0.7940423902193504
2009-06-12,0.7997012083159886
2009-06-15,0.7878126538558783
2009-06-16,0.7794633784049932
2009-06-17,0.7821540749354593
2009-06-18,0.7782735774253651
2009-06-19,0.7808578440986869
2009-06-22,0.7709442104317971
2009-06-23,0.766764381873292
2009-06-24,0.7693450645329607
2009-06-25,0.7848447859606167
2009-06-26,0.7799378490743363
2009-06-29,0.7847547071430082
2009-06-30,0.7808086438737932
2009-07-01,0.7851837479978521
2009-07-02,0.7695011776595297
2009-07-06,0.7690359944848084
2009-07-07,0.7562104831575669
2009-07-08,0.7555779662302147
2009-07-09,0.7529559751000335
2009-07-10,0.7484562044022544
2009-07-13,0.7571550413640694
2009-07-14,0.7647840263891102
2009-07-15,0.7833866373853501
2009-07-16,0.7875379403725574
2009-07-17,0.7863915308261281
2009-07-20,0.7920948748066858
2009-07-21,0.7972442170571001
2009-07-22,0.793262540921864
2009-07-23,0.8073922146042833
2009-07-24,0.8062567526093192
2009-07-27,0.8084832207541687
2009-07-28,0.8136128677844855
2009-07-29,0.8137949130446993
2009-07-30,0.8206916987378184
2009-07-31,0.8171829490239517
2009-08-03,0.8243200031623499
2009-08-04,0.81944802170074
2009-08-05,0.8100026964849878
2009-08-06,0.8048827522630234
2009-08-07,0.8042302605988796
2009-08-10,0.8076228566612985
2009-08-11,0.8032388548702671
2009-08-12,0.8088040770336861
2009-08-13,0.8139145549973573
2009-08-14,0.8123571509821905
2009-08-17,0.7978709661985854
2009-08-18,0.8033618177817013
2009-08-19,0.8086257624121984
2009-08-20,0.8135640190422017
2009-08-21,0.8212916699569532
2009-08-24,0.8267063886131297
2009-08-25,0.826367669852007
2009-08-26,0.827017744471687
2009-08-27,0.824672515663237
2009-08-28,0.8206973345313358
2009-08-31,0.8178917652493919
2009-09-01,0.8082377777334072
2009-09-02,0.8043391506654121
2009-09-03,0.8098792630405895
2009-09-04,0.8240410646338713
2009-09-08,0.8394761491884489
2009-09-09,0.8369418899659892
2009-09-10,0.8458471237183801
2009-09-11,0.8411046278491005
2009-09-14,0.8423752939306274
2009-09-15,0.8423846453953341
2009-09-16,0.8560307877594904
2009-09-17,0.8569756896252504
2009-09-18,0.8585314118911334
2009-09-21,0.8558770841009636
2009-09-22,0.8630850870605301
2009-09-23,0.8573828324936561
2009-09-24,0.8533886676515319
2009-09-25,0.847914568575428
2009-09-28,0.8500604099952154
2009-09-29,0.8499644981879744
2009-09-30,0.8438170418576865
2009-10-01,0.8292855142105647
2009-10-02,0.8199274495702167
2009-10-05,0.8248995737287208
2009-10-06,0.8381204904870854
2009-10-07,0.8414850787738061
2009-10-08,0.8502807427816278
2009-10-09,0.8519637432408026
2009-10-12,0.8560867564871405
2009-10-13,0.856845964719921
2009-10-14,0.8668333343604124
2009-10-15,0.8752458551173614
2009-10-16,0.8675811389943588
2009-10-19,0.8718770864177305
2009-10-20,0.8704335824136555
2009-10-21,0.8689371971222
2009-10-22,0.8733626632143546
2009-10-23,0.8774506956759585
2009-10-26,0.8762820192157647
2009-10-27,0.8781495278277373
2009-10-28,0.8652100119627026
2009-10-29,0.8716497272326238
2009-10-30,0.8597184913100513
2009-11-02,0.8662205215722752
2009-11-03,0.8582271613704829
2009-11-04,0.8653210908816827
2009-11-05,0.8768893075468623
2009-11-06,0.8832169609435863
2009-11-09,0.8985137585180376
2009-11-10,0.898118638252277
2009-11-11,0.9022470295756542
2009-11-12,0.8982693988697742
2009-11-13,0.9047575210021631
2009-11-16,0.9186161245358617
2009-11-17,0.922543051628403
2009-11-18,0.9271978699736845
2009-11-19,0.9172164762744618
2009-11-20,0.9115977377775648
2009-11-23,0.9268062235960266
2009-11-24,0.9247474955685461
2009-11-25,0.9268816468364897
2009-11-27,0.9038484916372954
2009-11-30,0.913488329818422
2009-12-01,0.9278486476051683
2009-12-02,0.9277190842005069
2009-12-03,0.9276111795434512
2009-12-04,0.9268295593914458
2009-12-07,0.9216149780846978
2009-12-08,0.9125984356230442
2009-12-09,0.9111622815048573
2009-12-10,0.9115582167403387
2009-12-11,0.9161246917317533
2009-12-14,0.9090696648641707
2009-12-15,0.9021663669541681
2009-12-16,0.898238468427417
2009-12-17,0.8928130205365045
2009-12-18,0.8923328415888732
2009-12-21,0.8917491499110262
2009-12-22,0.8977173937401508
2009-12-23,0.9002601506457955
2009-12-24,0.9045165515393274
2009-12-28,0.9060106288432854
2009-12-29,0.9086009145516558
2009-12-30,0.904060095892444
2009-12-31,0.8978245265507565
2010-01-04,0.902634122462659
2010-01-05,0.9048952539133306
2010-01-06,0.9017569600453286
2010-01-07,0.8952600307660904
2010-01-08,0.8980248733634456
2010-01-11,0.8981432034749645
2010-01-12,0.8876357916739015
2010-01-13,0.886392001057147
2010-01-14,0.8862975225779889
2010-01-15,0.8785620252362898
2010-01-19,0.8931959069229409
2010-01-20,0.8815574768282965
2010-01-21,0.8688053262672457
2010-01-22,0.8508053200393894
2010-01-25,0.8511285848815473
2010-01-26,0.8486918984852897
2010-01-27,0.852694075506312
2010-01-28,0.8485936459230179
2010-01-29,0.838472588684845
2010-02-01,0.8489571833985806
2010-02-02,0.8524891045053522
2010-02-03,0.8563066727370218
2010-02-04,0.8302248815829103
2010-02-05,0.8327548124291306
2010-02-08,0.8273825700686035
2010-02-09,0.8392304585221637
2010-02-10,0.8353335371857036
2010-02-11,0.8467009682923741
2010-02-12,0.8439039547892653
2010-02-16,0.8557284989226456
2010-02-17,0.8580020730902609
2010-02-18,0.8604882661087324
2010-02-19,0.8573117463917441
2010-02-22,0.8591312490536016
2010-02-23,0.8509872554537712
2010-02-24,0.8540799999595953
2010-02-25,0.8506152597889546
2010-02-26,0.8549198998454905
2010-03-01,0.8700242483004212
2010-03-02,0.8697032943369234
2010-03-03,0.8760245565765935
2010-03-04,0.8758340308345302
2010-03-05,0.8891260593980299
2010-03-08,0.8913688285866926
2010-03-09,0.8926574257933113
2010-03-10,0.8973401314498669
2010-03-11,0.8978514388784704
2010-03-12,0.8976076936456915
2010-03-15,0.8932030328032782
2010-03-16,0.8982862884478569
2010-03-17,0.9039628141054911
2010-03-18,0.9037151181185878
2010-03-19,0.8975094364515835
2010-03-22,0.8968212378933061
2010-03-23,0.9001532443429391
2010-03-24,0.8961156222017986
2010-03-25,0.8948403528379052
2010-03-26,0.8969293373305575
2010-03-29,0.9038177890643557
2010-03-30,0.9094729136510494
2010-03-31,0.9057160242203802
2010-04-01,0.9130644198756991
2010-04-05,0.9161643103062396
2010-04-06,0.9148115022551747
2010-04-07,0.9145708157732623
2010-04-08,0.9192494670900977
2010-04-09,0.9258796643056975
2010-04-12,0.9251224764913891
2010-04-13,0.9251686594262425
2010-04-14,0.9311619793811835
2010-04-15,0.9286191588034691
2010-04-16,0.9119500604381301
2010-04-19,0.9121058769356917
2010-04-20,0.9181808609534997
2010-04-21,0.9200362777772761
2010-04-22,0.921484938500444
2010-04-23,0.9213628711092369
2010-04-26,0.9203738524288626
2010-04-27,0.9033927518161124
2010-04-28,0.9049224349943149
2010-04-29,0.9075993163112942
2010-04-30,0.8964039288900939
2010-05-03,0.8993853281501049
2010-05-04,0.8805231454793895
2010-05-05,0.8776952416608177
2010-05-06,0.8513843425024178
2010-05-07,0.8415732122080871
2010-05-10,0.8737957041097736
2010-05-11,0.8665779184052057
2010-05-12,0.8744411286827455
2010-05-13,0.8733131565450482
2010-05-14,0.8616871981596624
2010-05-17,0.8589382062720089
2010-05-18,0.8563210836813588
2010-05-19,0.8478866096642652
2010-05-20,0.816682407001008
2010-05-21,0.8238041787079919
2010-05-24,0.8202818954945228
2010-05-25,0.8125017801295144
2010-05-26,0.8110974018534671
2010-05-27,0.8389700060682439
2010-05-28,0.8316569642337728
2010-06-01,0.8257954701133765
2010-06-02,0.8413681596452343
2010-06-03,0.8467806353684831
2010-06-04,0.8221069783896107
2010-06-07,0.8116665593170673
2010-06-08,0.8223215267355891
2010-06-09,0.8142844468654907
2010-06-10,0.8338976539467489
2010-06-11,0.8379670226209325
2010-06-14,0.8385452833349636
2010-06-15,0.857640272130808
2010-06-16,0.8589448734200709
2010-06-17,0.8625454894819595
2010-06-18,0.868471755614195
2010-06-21,0.8682055302830262
2010-06-22,0.8623062283595851
2010-06-23,0.8573973325329015
2010-06-24,0.8470891828386437
2010-06-25,0.8420297560975137
2010-06-28,0.8392964535448302
2010-06-29,0.8143730230585692
2010-06-30,0.8043689741101229
2010-07-01,0.8017628985610802
2010-07-02,0.7966473577960587
2010-07-06,0.8059212739713445
2010-07-07,0.8215427876502412
2010-07-08,0.8252103353497422
2010-07-09,0.8316584789320132
2010-07-12,0.8359406584650401
2010-07-13,0.8407119948157894
2010-07-14,0.8422862762022163
2010-07-15,0.840522547233008
2010-07-16,0.8204063788003271
2010-07-19,0.8223012042071027
2010-07-20,0.8390471406331539
2010-07-21,0.8330563975254068
2010-07-22,0.8493869721640286
2010-07-23,0.8556377547094558
2010-07-26,0.8577469461576714
2010-07-27,0.8601657438104404
2010-07-28,0.8572527418208349
2010-07-29,0.8562838590643741
2010-07-30,0.8539194593138492
2010-08-02,0.8725683965360534
2010-08-03,0.8721144487477108
2010-08-04,0.8757559145660521
2010-08-05,0.8733229695974285
2010-08-06,0.8709305654935006
2010-08-09,0.8749924012114211
2010-08-10,0.8651877606504185
2010-08-11,0.8440800226160631
2010-08-12,0.8397417793666864
2010-08-13,0.8369919868464114
2010-08-16,0.8383503583968046
2010-08-17,0.8442738168619199
2010-08-18,0.8398877792462105
2010-08-19,0.8293316732537935
2010-08-20,0.825566883871988
2010-08-23,0.8259161986065756
2010-08-24,0.8162551777887056
2010-08-25,0.8184658906768575
2010-08-26,0.8130161328900118
2010-08-27,0.8249004545456765
2010-08-30,0.8204235689161304
2010-08-31,0.8177152289197008
2010-09-01,0.8386056115820748
2010-09-02,0.8434380198966078
2010-09-03,0.8521625470927034
2010-09-07,0.846146431632932
2010-09-08,0.850459788064892
2010-09-09,0.8552022600826554
2010-09-10,0.8550997686662715
2010-09-13,0.8682679788514307
2010-09-14,0.871340369553327
2010-09-15,0.8730393928981146
2010-09-16,0.8769602515815683
2010-09-17,0.8757822458882162
2010-09-20,0.8867450633232333
2010-09-21,0.8853480187438734
2010-09-22,0.8857481136458338
2010-09-23,0.882025966886198
2010-09-24,0.8957343792028734
2010-09-27,0.8934181575301458
2010-09-28,0.8931091474306548
2010-09-29,0.8918952455340529
2010-09-30,0.8866472743900397
2010-10-01,0.8888960703547442
2010-10-04,0.8819441752180808
2010-10-05,0.8980583474359234
2010-10-06,0.9055789971598069
2010-10-07,0.9045544284554558
2010-10-08,0.9119625746525502
2010-10-11,0.9137062056735747
2010-10-12,0.9138573939128506
2010-10-13,0.9230291796461195
2010-10-14,0.9299237650783481
2010-10-15,0.9461282914887976
2010-10-18,0.952973273260631
2010-10-19,0.9355350569282982
2010-10-20,0.9419036797114907
2010-10-21,0.9445780798383534
2010-10-22,0.9433572918639854
2010-10-25,0.9450878957015725
2010-10-26,0.9482740245995753
2010-10-27,0.9403519670662224
2010-10-28,0.9453717590728747
2010-10-29,0.9442560821321831
2010-11-01,0.9516780527364486
2010-11-02,0.96342955235069
2010-11-03,0.9733425907988883
2010-11-04,0.9902803400205737
2010-11-05,0.9925605294448705
2010-11-08,0.9934802622620987
2010-11-09,0.9879672826310779
2010-11-10,0.9877519425798273
2010-11-11,0.9893790268334999
2010-11-12,0.9702003647861738
2010-11-15,0.9650020014337233
2010-11-16,0.9498483955533109
2010-11-17,0.9431554369321489
2010-11-18,0.9613065272636804
2010-11-19,0.956923161327333
2010-11-22,0.9570908943133104
2010-11-23,0.9383341772941015
2010-11-24,0.9518699311401102
2010-11-26,0.9447752383306404
2010-11-29,0.9461061356843318
2010-11-30,0.9403359430491702
2010-12-01,0.957053326405999
2010-12-02,0.9676946336133408
2010-12-03,0.9669305494103233
2010-12-06,0.9659878819179665
2010-12-07,0.9692303350224395
2010-12-08,0.9701724983538578
2010-12-09,0.9708839786743289
2010-12-10,0.9729170638115113
2010-12-13,0.9757842633590899
2010-12-14,0.9774821230177531
2010-12-15,0.9712204049153326
2010-12-16,0.9739037287294295
2010-12-17,0.9718845161344059
2010-12-20,0.970440103207242
2010-12-21,0.9795001869626607
2010-12-22,0.9800184868969815
2010-12-23,0.9809639662305022
2010-12-27,0.977726213069745
2010-12-28,0.977838260503689
2010-12-29,0.9812461170178739
2010-12-30,0.9806553905590277
2010-12-31,0.9805593764890759
2011-01-03,0.9886954314497198
2011-01-04,0.9916785768493173
2011-01-05,0.9928491934067608
2011-01-06,0.9932243376617061
2011-01-07,0.9922118853466381
2011-01-10,0.9909797182844317
2011-01-11,0.9949648725620032
2011-01-12,1.0055239018501405
2011-01-13,1.0058921225087603
2011-01-14,1.014219102280297
2011-01-18,1.0158183498851705
2011-01-19,1.0093345713888664
2011-01-20,1.0015656445041574
2011-01-21,1.0027027200246923
2011-01-24,1.0139351702730492
2011-01-25,1.0171348044381674
2011-01-26,1.023496522522987
2011-01-27,1.0240982615166285
2011-01-28,1.0059656857926937
2011-01-31,1.0120701806885068
2011-02-01,1.0322001444671158
2011-02-02,1.0321878739473402
2011-02-03,1.0329881132595173
2011-02-04,1.033701997347625
2011-02-07,1.0414227270326974
2011-02-08,1.046561826523015
2011-02-09,1.0417868499282374
2011-02-10,1.0361646663344612
2011-02-11,1.03855016617577
2011-02-14,1.048873098774244
2011-02-15,1.0407874915010338
2011-02-16,1.0427851366679608
2011-02-17,1.044520053275629
2011-02-18,1.0440210644525123
2011-02-22,1.0271165761089314
2011-02-23,1.0278230907922787
2011-02-24,1.0246967130803275
2011-02-25,1.032302691881082
2011-02-28,1.0419944964026513
2011-03-01,1.0302308444309332
2011-03-02,1.0318017992379793
2011-03-03,1.0453366645999864
2011-03-04,1.040211518737484
2011-03-07,1.032641741546549
2011-03-08,1.037516543109851
2011-03-09,1.0364025992689703
2011-03-10,1.0145208542053934
2011-03-11,1.0191698955939819
2011-03-14,1.0168395692260612
2011-03-15,1.0002057516495657
2011-03-16,0.9781840460603229
2011-03-17,0.9893489695801553
2011-03-18,0.9884274578461325
2011-03-21,1.008826074166905
2011-03-22,1.0079828651353653
2011-03-23,1.010363913123943
2011-03-24,1.0215905909763148
2011-03-25,1.0258080353115533
2011-03-28,1.0216400877867264
2011-03-29,1.0253487401301264
2011-03-30,1.0334578156063088
2011-03-31,1.0330322277213635
2011-04-01,1.0383196248526203
2011-04-04,1.0416978967961357
2011-04-05,1.0387606203948556
2011-04-06,1.0423156223683305
2011-04-07,1.0422152323216387
2011-04-08,1.0421249901064225
2011-04-11,1.0410615582097327
2011-04-12,1.0289777976185261
2011-04-13,1.0315579926958882
2011-04-14,1.0288378019417435
2011-04-15,1.0219354537310357
2011-04-18,1.0162757898583556
2011-04-19,1.0195150967439086
2011-04-20,1.0374262491708328
2011-04-21,1.043411847142182
2011-04-25,1.043023771885742
2011-04-26,1.0507471419688053
2011-04-27,1.0547634023481158
2011-04-28,1.0526460300361313
2011-04-29,1.0532054507869493
2011-05-02,1.0449212313674252
2011-05-03,1.0417237367628636
2011-05-04,1.0341361158707465
2011-05-05,1.0190106013375464
2011-05-06,1.0239041853092163
2011-05-09,1.0277982320692884
2011-05-10,1.0319515000102792
2011-05-11,1.0192876000624096
2011-05-12,1.0180800320636032
2011-05-13,1.0099625809075947
2011-05-16,1.0005208755848913
2011-05-17,1.00275525468799
2011-05-18,1.0116966825277205
2011-05-19,1.0141310056519672
2011-05-20,1.0047155161806847
2011-05-23,0.9916777732373772
2011-05-24,0.9912957698173304
2011-05-25,0.9953068856656038
2011-05-26,1.0009177979611474
2011-05-27,1.0062255638434563
2011-05-31,1.022286893523098
2011-06-01,1.0060781862184447
2011-06-02,1.0009475204299463
2011-06-03,0.9917734923772732
2011-06-06,0.984376596428767
2011-06-07,0.9811697716325534
2011-06-08,0.9764488591559526
2011-06-09,0.9780320340859421
2011-06-10,0.963657561941033
2011-06-13,0.9655204424923234
2011-06-14,0.9776101282440781
2011-06-15,0.9606258518391965
2011-06-16,0.9623712806680838
2011-06-17,0.9597575349652872
2011-06-20,0.9608023258563383
2011-06-21,0.9750371048202827
2011-06-22,0.9666742943162614
2011-06-23,0.962286313329133
2011-06-24,0.954621725279098
2011-06-27,0.9659411564297484
2011-06-28,0.979294900509296
2011-06-29,0.9824576356577329
2011-06-30,0.9952915134479322
2011-07-01,1.0060878525991694
2011-07-05,1.0071810271844002
2011-07-06,1.0066473972348458
2011-07-07,1.0201341383690452
2011-07-08,1.017101177130246
2011-07-11,1.0021415030479932
2011-07-12,0.9962312884647814
2011-07-13,1.0061298945218102
2011-07-14,1.000935131949804
2011-07-15,1.0131085651431497
2011-07-18,1.0127467389863434
2011-07-19,1.0278797028526838
2011-07-20,1.0314093459870535
2011-07-21,1.0434201582580076
2011-07-22,1.0512350851951442
2011-07-25,1.0499573438308496
2011-07-26,1.0536549099935697
2011-07-27,1.0358958739644912
2011-07-28,1.0316938511849159
2011-07-29,1.0214052651855519
2011-08-01,1.0247139120665736
2011-08-02,0.9984365805020028
2011-08-03,0.9990911445418974
2011-08-04,0.9588020291021195
2011-08-05,0.9555019638139576
2011-08-08,0.9022015323166113
2011-08-09,0.9363330247345056
2011-08-10,0.89856102794947
2011-08-11,0.93109835546052
2011-08-12,0.933601418752137
2011-08-15,0.9544910044449241
2011-08-16,0.9490339937132303
2011-08-17,0.9503588437658302
2011-08-18,0.9159348845507762
2011-08-19,0.8981380869857328
2011-08-22,0.8982177290995498
2011-08-23,0.9319158893313131
2011-08-24,0.9327788140098612
2011-08-25,0.9216981233071544
2011-08-26,0.9373609859519102
2011-08-29,0.9598536999587124
2011-08-30,0.9600962609678483
2011-08-31,0.9639422712677216
2011-09-01,0.9550913817943929
2011-09-02,0.9373932484896415
2011-09-06,0.9259835920026364
2011-09-07,0.9498340567031854
2011-09-08,0.9425526487418457
2011-09-09,0.9218386554955671
2011-09-12,0.9224953267784889
2011-09-13,0.9267218406495376
2011-09-14,0.9351469346629331
2011-09-15,0.9499808024327754
2011-09-16,0.9597172585596051
2011-09-19,0.9525076203968744
2011-09-20,0.9510083470396381
2011-09-21,0.9275281693348637
2011-09-22,0.8934497948424102
2011-09-23,0.8941081951921684
2011-09-26,0.9108922990653721
2011-09-27,0.9246196552569981
2011-09-28,0.908852724810442
2011-09-29,0.9153500929150802
2011-09-30,0.8929641893459884
2011-10-03,0.8721419724539823
2011-10-04,0.8861577070201638
2011-10-05,0.89818352031782
2011-10-06,0.9129128489559418
2011-10-07,0.910491120618887
2011-10-10,0.9433696848050452
2011-10-11,0.9523353665049967
2011-10-12,0.9629019403522852
2011-10-13,0.9654858740431904
2011-10-14,0.9818089005313138
2011-10-17,0.9693083790429795
2011-10-18,0.9791422305207379
2011-10-19,0.962584171778845
2011-10-20,0.9633707463213954
2011-10-21,0.9726860101017999
2011-10-24,0.9892802556002873
2011-10-25,0.9767613330782301
2011-10-26,0.9888608845434379
2011-10-27,1.018995999241486
2011-10-28,1.0166034317725046
2011-10-31,0.9928999890627245
2011-11-01,0.9663308497264864
2011-11-02,0.981282995344532
2011-11-03,0.9949482340260724
2011-11-04,0.9919084308630086
2011-11-07,0.9980232102452126
2011-11-08,1.0105598755561813
2011-11-09,0.9845171661761801
2011-11-10,0.9769428058060698
2011-11-11,0.9913518771726698
2011-11-14,0.9827927343554604
2011-11-15,0.9856379693167214
2011-11-16,0.9690090750757642
2011-11-17,0.9560987011264572
2011-11-18,0.9522112068287995
2011-11-21,0.9348114652315765
2011-11-22,0.9336873268233091
2011-11-23,0.9149010947091525
2011-11-25,0.9094555611342564
2011-11-28,0.9358297396492832
2011-11-29,0.9400175849236837
2011-11-30,0.9719716751662971
2011-12-01,0.980188455953793
2011-12-02,0.9836844078282264
2011-12-05,0.9937027810828759
2011-12-06,0.9940167754162476
2011-12-07,0.9967418319812136
2011-12-08,0.984653969412677
2011-12-09,0.9940822401906504
2011-12-12,0.9828043559890102
2011-12-13,0.9789049470519737
2011-12-14,0.9700630421217641
2011-12-15,0.9695217913360257
2011-12-16,0.977695650228401
2011-12-19,0.9676598189544358
2011-12-20,0.9937579432383342
2011-12-21,1.000069610363578
2011-12-22,1.008257644747988
2011-12-23,1.0183875938651792
2011-12-27,1.0186140701339772
2011-12-28,1.0061995431257635
2011-12-29,1.013251778241641
2011-12-30,1.0104528576498994
2012-01-03,1.029859613372537
2012-01-04,1.03065960766387
2012-01-05,1.0302593731544194
2012-01-06,1.0278576883069195
2012-01-09,1.031350635612027
2012-01-10,1.0371188091689658
2012-01-11,1.0377565713441006
2012-01-12,1.0362039824646534
2012-01-13,1.0376499669953538
2012-01-17,1.0501126964985186
2012-01-18,1.057119563199518
2012-01-19,1.0609554230933704
2012-01-20,1.0683907960717545
2012-01-23,1.073361672586905
2012-01-24,1.0685619296409132
2012-01-25,1.0852366766712918
2012-01-26,1.085185276487202
2012-01-27,1.0806782120711758
2012-01-30,1.0805801835547777
2012-01-31,1.0778255630468252
2012-02-01,1.080477708936676
2012-02-02,1.0843245367631575
2012-02-03,1.0951655323839224
2012-02-06,1.0970768607450891
2012-02-07,1.101183113960897
2012-02-08,1.1047572572642297
2012-02-09,1.10918362442757
2012-02-10,1.0974250672269608
2012-02-13,1.1064213795284128
2012-02-14,1.108680922882784
2012-02-15,1.1029655447359052
2012-02-16,1.117197998046747
2012-02-17,1.1172508018161658
2012-02-21,1.1276027783089992
2012-02-22,1.1241362445781813
2012-02-23,1.1280207293016535
2012-02-24,1.1321427981433847
2012-02-27,1.1325823498366385
2012-02-28,1.1446227179425845
2012-02-29,1.144075329293228
2012-03-01,1.1466509456374132
2012-03-02,1.1450172840843942
2012-03-05,1.1353814014921861
2012-03-06,1.1187566844315338
2012-03-07,1.1222974273865136
2012-03-08,1.1307271610459873
2012-03-09,1.1328793782318598
2012-03-12,1.1401197039404865
2012-03-13,1.1609577524295196
2012-03-14,1.1649693508517953
2012-03-15,1.1651020525540545
2012-03-16,1.1639729762271729
2012-03-19,1.1718756604356924
2012-03-20,1.162961940582006
2012-03-21,1.1570409098504253
2012-03-22,1.1501745128059584
2012-03-23,1.1491726635173822
2012-03-26,1.163719528098016
2012-03-27,1.1651345244421771
2012-03-28,1.1606140978754567
2012-03-29,1.156883462529171
2012-03-30,1.158886012481527
2012-04-02,1.1720789103290747
2012-04-03,1.169743375066031
2012-04-04,1.155763116327724
2012-04-05,1.1586317037440257
2012-04-09,1.1531982354472967
2012-04-10,1.1374815174033395
2012-04-11,1.1359072376603225
2012-04-12,1.1484746111256638
2012-04-13,1.1364660129185118
2012-04-16,1.130412571196855
2012-04-17,1.1569652446795633
2012-04-18,1.1538213534951294
2012-04-19,1.1426776110970172
2012-04-20,1.1442672195812713
2012-04-23,1.1326545436405213
2012-04-24,1.1264508716823838
2012-04-25,1.1551659382737236
2012-04-26,1.1588541871603222
2012-04-27,1.1569867382397994
2012-04-30,1.1512516277881382
2012-05-01,1.1561829365451455
2012-05-02,1.1543348577040184
2012-05-03,1.145566579733001
2012-05-04,1.1249511549835791
2012-05-07,1.12250934359394
2012-05-08,1.1163465504447954
2012-05-09,1.1134476910678286
2012-05-10,1.116602615325012
2012-05-11,1.113681142655824
2012-05-14,1.0988555643133537
2012-05-15,1.0920144509507475
2012-05-16,1.0845497684589838
2012-05-17,1.0769757601348577
2012-05-18,1.0701549986666288
2012-05-21,1.0935811438600345
2012-05-22,1.0922273631159007
2012-05-23,1.094267709132353
2012-05-24,1.0942394319335849
2012-05-25,1.0881381625778994
2012-05-29,1.103390809036157
2012-05-30,1.0910184935087455
2012-05-31,1.089017593039737
2012-06-01,1.0710552361752492
2012-06-04,1.0718918913428286
2012-06-05,1.0715014238551186
2012-06-06,1.0941310743826362
2012-06-07,1.097629786165786
2012-06-08,1.1008728875400449
2012-06-11,1.088348969376988
2012-06-12,1.0985240066085165
2012-06-13,1.0922076008334796
2012-06-14,1.100484390601347
2012-06-15,1.1175554572622783
2012-06-18,1.1218739822676649
2012-06-19,1.1315891198432926
2012-06-20,1.133230756286354
2012-06-21,1.1047020932413267
2012-06-22,1.1078881790824795
2012-06-25,1.0920540723634737
2012-06-26,1.0980144785451518
2012-06-27,1.1055411276571172
2012-06-28,1.0993182091031617
2012-06-29,1.1289873716616454
2012-07-02,1.1323732662419583
2012-07-03,1.1447285229171649
2012-07-05,1.1451040745010828
2012-07-06,1.1341296155303722
2012-07-09,1.1304283689229568
2012-07-10,1.121326774578637
2012-07-11,1.1200221212398267
2012-07-12,1.108454880749628
2012-07-13,1.1243286450718315
2012-07-16,1.1230495489354695
2012-07-17,1.1290387391688526
2012-07-18,1.1346687270885487
2012-07-19,1.1470372104862931
2012-07-20,1.1397699788257116
2012-07-23,1.1275629347014322
2012-07-24,1.1220019602496636
2012-07-25,1.1125181738297774
2012-07-26,1.1250438852584057
2012-07-27,1.1439442757425664
2012-07-30,1.151313673529764
2012-07-31,1.1572921593296643
2012-08-01,1.1560078296991643
2012-08-02,1.1510884786095266
2012-08-03,1.1691614528777525
2012-08-06,1.1745512053252838
2012-08-07,1.1778198719839923
2012-08-08,1.1801041458936992
2012-08-09,1.1841685462200024
2012-08-10,1.18476211090039
2012-08-13,1.1853300170114698
2012-08-14,1.187732502827472
2012-08-15,1.1858482755441941
2012-08-16,1.1904789461157386
2012-08-17,1.1960554603834106
2012-08-20,1.2011190547395354
2012-08-21,1.1939448571501676
2012-08-22,1.198026917061983
2012-08-23,1.1917789389525228
2012-08-24,1.1952823646289386
2012-08-27,1.1969964917658138
2012-08-28,1.1976802158888795
2012-08-29,1.1942522106588471
2012-08-30,1.1787303410529852
2012-08-31,1.185767650617739
2012-09-04,1.1862001262834068
2012-09-05,1.1816728575579387
2012-09-06,1.2024058846593062
2012-09-07,1.2142079585431202
2012-09-10,1.2013766906618693
2012-09-11,1.2044410248391968
2012-09-12,1.2103714374228454
2012-09-13,1.2294757781583403
2012-09-14,1.243114756646197
2012-09-17,1.2436017679310805
2012-09-18,1.2437842086380264
2012-09-19,1.2436656726176232
2012-09-20,1.245319695894462
2012-09-21,1.2466236136529139
2012-09-24,1.2391053066649877
2012-09-25,1.2240760585312014
2012-09-26,1.2146845490038234
2012-09-27,1.229092026448976
2012-09-28,1.22117746840302
2012-10-01,1.2208444311303535
2012-10-02,1.2216316801369183
2012-10-03,1.2252572132709691
2012-10-04,1.2274417399232471
2012-10-05,1.223089877161289
2012-10-08,1.2145870601904198
2012-10-09,1.208441243440959
2012-10-10,1.2048154193943799
2012-10-11,1.2049136679986794
2012-10-12,1.2092863751534784
2012-10-15,1.2173924732705157
2012-10-16,1.227581794343794
2012-10-17,1.228618719722268
2012-10-18,1.221406161748436
2012-10-19,1.2007833020579843
2012-10-22,1.2119007861527893
2012-10-23,1.188772999238772
2012-10-24,1.1885039591318154
2012-10-25,1.1911248792065097
2012-10-26,1.1884274701277922
2012-10-31,1.188149184644075
2012-11-01,1.1970908673952316
2012-11-02,1.1785857700625406
2012-11-05,1.185037658110648
2012-11-06,1.1910358063805973
2012-11-07,1.1647771190918454
2012-11-08,1.1445557514437619
2012-11-09,1.1479764332732556
2012-11-12,1.1438609163255289
2012-11-13,1.1322102795562496
2012-11-14,1.1247901836843055
2012-11-15,1.110608754787974
2012-11-16,1.1126623832124989
2012-11-19,1.1426699650999212
2012-11-20,1.1380769771243882
2012-11-21,1.1432934712516745
2012-11-23,1.1632101000868214
2012-11-26,1.167700595725022
2012-11-27,1.1570990071367206
2012-11-28,1.1628038252218722
2012-11-29,1.166719045432207
2012-11-30,1.1653548019855389
2012-12-03,1.1585663022192632
2012-12-04,1.1537956558406617
2012-12-05,1.144555144668622
2012-12-06,1.1510591713370761
2012-12-07,1.148920639535801
2012-12-10,1.1521172773549986
2012-12-11,1.1620483257251246
2012-12-12,1.1605516077054172
2012-12-13,1.1531206910069214
2012-12-14,1.1422842161352253
2012-12-17,1.1540689618951452
2012-12-18,1.1696764970573648
2012-12-19,1.1606614013921508
2012-12-20,1.1632287952290765
2012-12-21,1.150946458349421
2012-12-24,1.1473707065686678
2012-12-26,1.142635889409502
2012-12-27,1.1453345317352808
2012-12-28,1.1315379058859076
2012-12-31,1.1512042177738016
2013-01-02,1.1758736052172278
2013-01-03,1.1717486046791448
2013-01-04,1.1665383160958134
2013-01-07,1.1591004344544031
2013-01-08,1.1573923320075916
2013-01-09,1.1548046891017112
2013-01-10,1.1634542870729823
2013-01-11,1.1645390854453832
2013-01-14,1.1550442005300112
2013-01-15,1.151727163084463
2013-01-16,1.1574770069034908
2013-01-17,1.1589063819968175
2013-01-18,1.164333895304207
2013-01-22,1.1683335716723335
2013-01-23,1.1800185169672097
2013-01-24,1.155846394709938
2013-01-25,1.1520070661531785
2013-01-28,1.15713556626831
2013-01-29,1.1616743299401424
2013-01-30,1.1563762720882054
2013-01-31,1.1532216601676808
2013-02-01,1.162600429507593
2013-02-04,1.1457882075915178
2013-02-05,1.1571661284985217
2013-02-06,1.1571522410460657
2013-02-07,1.15907178104632
2013-02-08,1.1667978902801737
2013-02-11,1.168667923154033
2013-02-12,1.164619436607964
2013-02-13,1.1702167905538297
2013-02-14,1.1744157136832205
2013-02-15,1.1688483405577692
2013-02-19,1.174257946253198
2013-02-20,1.1644999777198866
2013-02-21,1.1604750142462628
2013-02-22,1.166960292603239
2013-02-25,1.1506885963662201
2013-02-26,1.155535479506134
2013-02-27,1.1649880494090614
2013-02-28,1.1664861843159537
2013-03-01,1.1627191986225354
2013-03-04,1.1602392248629723
2013-03-05,1.1733992749421998
2013-03-06,1.1718866669578953
2013-03-07,1.17200542544941
2013-03-08,1.175631609906547
2013-03-11,1.1784892355639358
2013-03-12,1.170181297788597
2013-03-13,1.1687910944349944
2013-03-14,1.1744633125853001
2013-03-15,1.1725022665682767
2013-03-18,1.1706207162461717
2013-03-19,1.1691859433810614
2013-03-20,1.174805893265219
2013-03-21,1.1714291804166854
2013-03-22,1.1815682739611706
2013-03-25,1.1828350514001205
2013-03-26,1.186311810366035
2013-03-27,1.1822512253871522
2013-03-28,1.177687805097325
2013-04-01,1.1733429660994072
2013-04-02,1.1792416796203702
2013-04-03,1.1729494039509931
2013-04-04,1.170903009545226
2013-04-05,1.1605933942737077
2013-04-08,1.1626594375938974
2013-04-09,1.1704191968133468
2013-04-10,1.182374556389846
2013-04-11,1.1793158395763335
2013-04-12,1.1767984010619144
2013-04-15,1.1558351119524841
2013-04-16,1.1672952710102547
2013-04-17,1.1462714658434119
2013-04-18,1.1332966738742154
2013-04-19,1.1487419954189855
2013-04-22,1.1553349782260272
2013-04-23,1.166029820637239
2013-04-24,1.1740797901350544
2013-04-25,1.176380597296879
2013-04-26,1.1808933891538331
2013-04-29,1.1926140501363947
2013-04-30,1.2028275354300062
2013-05-01,1.1950901852599136
2013-05-02,1.2063023227124672
2013-05-03,1.2203464218147102
2013-05-06,1.233152932868646
2013-05-07,1.2323708247833487
2013-05-08,1.2414721253869205
2013-05-09,1.23616332452874
2013-05-10,1.2380551313420283
2013-05-13,1.2370061094884246
2013-05-14,1.23989192724389
2013-05-15,1.2436243336412283
2013-05-16,1.2404782197262563
2013-05-17,1.248485929951865
2013-05-20,1.2570921713166054
2013-05-21,1.252372343729999
2013-05-22,1.2473934025154982
2013-05-23,1.2375025938031379
2013-05-24,1.2378362617510623
2013-05-28,1.2473036688624906
2013-05-29,1.2431990097497367
2013-05-30,1.2484674402826346
2013-05-31,1.2408246883814742
2013-06-03,1.24754095042101
2013-06-04,1.2405855330731166
2013-06-05,1.2291585941311889
2013-06-06,1.2307580734366612
2013-06-07,1.2460871328177074
2013-06-10,1.2431888083879066
2013-06-11,1.2309303231260174
2013-06-12,1.2242079954256417
2013-06-13,1.2315666230314455
2013-06-14,1.2227082743391258
2013-06-17,1.2326876657162735
2013-06-18,1.2402506356610596
2013-06-19,1.2248391545685
2013-06-20,1.1973520479967952
2013-06-21,1.1990997773660592
2013-06-24,1.185050126971352
2013-06-25,1.187012410969233
2013-06-26,1.2004147470615147
2013-06-27,1.2029161703360187
2013-06-28,1.2046266900477223
2013-07-01,1.2135268801600825
2013-07-02,1.2099686921336732
2013-07-03,1.2081296648590443
2013-07-05,1.2222493995204464
2013-07-08,1.2262994997718872
2013-07-09,1.2355890517960864
2013-07-10,1.234472186475374
2013-07-11,1.255117802148164
2013-07-12,1.2535010918667409
2013-07-15,1.2546356748233658
2013-07-16,1.2546816481339425
2013-07-17,1.2544893148841079
2013-07-18,1.2564941406326002
2013-07-19,1.243072443321337
2013-07-22,1.2469193238385368
2013-07-23,1.2471746263735306
2013-07-24,1.2548677281803875
2013-07-25,1.2488678116763956
2013-07-26,1.2506091028308277
2013-07-29,1.247988547479628
2013-07-30,1.252442093988873
2013-07-31,1.2512324253928717
2013-08-01,1.2568490958951757
2013-08-02,1.2607872716234634
2013-08-05,1.2613682174456273
2013-08-06,1.2524878824139394
2013-08-07,1.250112905885712
2013-08-08,1.2558997523116844
2013-08-09,1.2487401144946728
2013-08-12,1.2576058929935594
2013-08-13,1.2675641464375704
2013-08-14,1.266975101758947
2013-08-15,1.2547992981123381
2013-08-16,1.2562239544624412
2013-08-19,1.2532500496995476
2013-08-20,1.2470413713217676
2013-08-21,1.2442465670150802
2013-08-22,1.2535372412577386
2013-08-23,1.2622301592482128
2013-08-26,1.257937116333289
2013-08-27,1.23700494058008
2013-08-28,1.2395905537767584
2013-08-29,1.239323386778176
2013-08-30,1.2356094224683773
2013-09-03,1.2358503585550744
2013-09-04,1.241543025444011
2013-09-05,1.2415617601811801
2013-09-06,1.2414609636990421
2013-09-09,1.2571225773823418
2013-09-10,1.2612334228384636
2013-09-11,1.255691359254508
2013-09-12,1.2523835513976502
2013-09-13,1.250591082825158
2013-09-16,1.2491983524273438
2013-09-17,1.25564509928688
2013-09-18,1.2711378768576713
2013-09-19,1.2761186461627045
2013-09-20,1.2674156784950807
2013-09-23,1.2730843818286282
2013-09-24,1.2678247037718966
2013-09-25,1.2615536782083583
2013-09-26,1.2646555624603564
2013-09-27,1.2607156612930974
2013-09-30,1.249441680515309
2013-10-01,1.2595684307044324
2013-10-02,1.2647390375903933
2013-10-03,1.2555206551191842
2013-10-04,1.2565679500634852
2013-10-07,1.2499555297326654
2013-10-08,1.241743486539448
2013-10-09,1.2439954782279787
2013-10-10,1.2625340947268298
2013-10-11,1.2721484579769082
2013-10-14,1.277156316012266
2013-10-15,1.274934557015918
2013-10-16,1.2859876277158087
2013-10-17,1.2879779376550864
2013-10-18,1.314481001724707
2013-10-21,1.320855564667585
2013-10-22,1.3224595328748878
2013-10-23,1.317855535576852
2013-10-24,1.3230809505661718
2013-10-25,1.3238596622979177
2013-10-28,1.3298193777456955
2013-10-29,1.332749739166717
2013-10-30,1.3376422138665318
2013-10-31,1.3337626464119818
2013-11-01,1.3355980432429637
2013-11-04,1.3447561526587795
2013-11-05,1.3439320802602097
2013-11-06,1.357015378470475
2013-11-07,1.3407765903958293
2013-11-08,1.3538589758490431
2013-11-11,1.3564341918337481
2013-11-12,1.3528978078376912
2013-11-13,1.3571730458303275
2013-11-14,1.3634632884834037
2013-11-15,1.3710568175602549
2013-11-18,1.369463453089161
2013-11-19,1.3674444693791108
2013-11-20,1.3620398049323925
2013-11-21,1.3694135622345167
2013-11-22,1.3740865248310605
2013-11-25,1.3754301375237046
2013-11-26,1.3807629616260126
2013-11-27,1.389196528011848
2013-11-29,1.3946532727522627
2013-12-02,1.3921591250031924
2013-12-03,1.399081113616062
2013-12-04,1.401251048241884
2013-12-05,1.3943451947989933
2013-12-06,1.4053489844254323
2013-12-09,1.4139988642385517
2013-12-10,1.407416991935903
2013-12-11,1.390709115251061
2013-12-12,1.3869530109468746
2013-12-13,1.3810027366082376
2013-12-16,1.3877402170451565
2013-12-17,1.3818350603998315
2013-12-18,1.3952309215131937
2013-12-19,1.3891784830432619
2013-12-20,1.3938500883523752
2013-12-23,1.4081649892022166
2013-12-24,1.4136364054709554
2013-12-26,1.4208130154674399
2013-12-27,1.4193399377197446
2013-12-30,1.4128367873457892
2013-12-31,1.4224385869456515
2014-01-02,1.3994484743897637
2014-01-03,1.3881472238135713
2014-01-06,1.3828538439221005
2014-01-07,1.3898902430251268
2014-01-08,1.3864287724278346
2014-01-09,1.3769349918383604
2014-01-10,1.37552285289507
2014-01-13,1.3624492400369053
2014-01-14,1.3786867808811347
2014-01-15,1.3888127172662665
2014-01-16,1.3864291994409832
2014-01-17,1.3730303847472927
2014-01-21,1.3762276000556737
2014-01-22,1.3746622415752952
2014-01-23,1.3655092763986143
2014-01-24,1.3437328879569044
2014-01-27,1.3369332221793402
2014-01-28,1.3276062922730627
2014-01-29,1.3236560437934257
2014-01-30,1.3297464840975985
2014-01-31,1.3297929637981005
2014-02-03,1.3019643361289617
2014-02-04,1.3031610946806642
2014-02-05,1.3003675257107583
2014-02-06,1.3135059970669765
2014-02-07,1.329819752146676
2014-02-10,1.329597778379811
2014-02-11,1.3484271175724767
2014-02-12,1.3502662803469034
2014-02-13,1.359136112806983
2014-02-14,1.3691026182243722
2014-02-18,1.3705016269577546
2014-02-19,1.3626177755818918
2014-02-20,1.359594223651055
2014-02-21,1.3534479237446742
2014-02-24,1.3604452669184701
2014-02-25,1.3594421874262872
2014-02-26,1.357722801715833
2014-02-27,1.3675186136933257
2014-02-28,1.3696331462667444
2014-03-03,1.3604000604664979
2014-03-04,1.37649562369544
2014-03-05,1.3700260303610179
2014-03-06,1.3735957710465645
2014-03-07,1.377386105315793
2014-03-10,1.3780596691836597
2014-03-11,1.3754874632126557
2014-03-12,1.3789026728773077
2014-03-13,1.3650401925958129
2014-03-14,1.3542190225461987
2014-03-17,1.36534916781136
2014-03-18,1.3793200643597725
2014-03-19,1.369935446626692
2014-03-20,1.3771261297802695
2014-03-21,1.3801159130437697
2014-03-24,1.383924616643265
2014-03-25,1.3895979039798905
2014-03-26,1.3789617517454098
2014-03-27,1.3776993569929916
2014-03-28,1.3883841061397024
2014-03-31,1.394060987986549
2014-04-01,1.40099034606968
2014-04-02,1.4014177797096712
2014-04-03,1.4007928306581594
2014-04-04,1.3821607453032487
2014-04-07,1.3732704241173828
2014-04-08,1.3840778115770747
2014-04-09,1.3960563245011341
2014-04-10,1.3722174202562034
2014-04-11,1.3635155484872257
2014-04-14,1.3747637101573194
2014-04-15,1.3802748230998776
2014-04-16,1.3968204749364668
2014-04-17,1.3988248255905333
2014-04-21,1.400793639106205
2014-04-22,1.4022542793834805
2014-04-23,1.3949471716985793
2014-04-24,1.4117385228716373
2014-04-25,1.4104955015135952
2014-04-28,1.4301263789956764
2014-04-29,1.4348123270237803
2014-04-30,1.4346229375410509
2014-05-01,1.4317785772442735
2014-05-02,1.4280527229939504
2014-05-05,1.4305534815473089
2014-05-06,1.416037124153054
2014-05-07,1.4224968505309903
2014-05-08,1.4217192192656938
2014-05-09,1.4249071866741696
2014-05-12,1.4374374602617934
2014-05-13,1.4430662737453277
2014-05-14,1.4407326230044815
2014-05-15,1.4249833542217463
2014-05-16,1.4299811087219394
2014-05-19,1.4355835391452962
2014-05-20,1.4311721472669112
2014-05-21,1.444924319660986
2014-05-22,1.4460847424852363
2014-05-23,1.4517570259698047
2014-05-27,1.4606931238405103
2014-05-28,1.4588814564772683
2014-05-29,1.4669015040889515
2014-05-30,1.4697235501918349
2014-06-02,1.4626869396308206
2014-06-03,1.4633248707401103
2014-06-04,1.4657203793333853
2014-06-05,1.4789755745364397
2014-06-06,1.4846896052235918
2014-06-09,1.4902274179689523
2014-06-10,1.49207666222198
2014-06-11,1.4886889483326713
2014-06-12,1.4767804911721079
2014-06-13,1.480628069531834
2014-06-16,1.4820346449959807
2014-06-17,1.4803797469918982
2014-06-18,1.488423678029064
2014-06-19,1.4908625844239383
2014-06-20,1.4915691835519065
2014-06-23,1.493472638217582
2014-06-24,1.4855291633262326
2014-06-25,1.4878472268723226
2014-06-26,1.4875741844521058
2014-06-27,1.4926636443814942
2014-06-30,1.4899615095898238
2014-07-01,1.4977862254022103
2014-07-02,1.501462549876638
2014-07-03,1.5103527077741765
2014-07-07,1.5149678332837515
2014-07-08,1.5072367956273123
2014-07-09,1.5111509541921317
2014-07-10,1.5056411847793583
2014-07-11,1.5078325036760538
2014-07-14,1.5181973836799842
2014-07-15,1.5144062584901328
2014-07-16,1.5242130286394033
2014-07-17,1.509281158528612
2014-07-18,1.525168585093234
2014-07-21,1.521213260451638
2014-07-22,1.5289906637256785
2014-07-23,1.5414091727758341
2014-07-24,1.5400627283730493
2014-07-25,1.5351974712005907
2014-07-28,1.5410906312705592
2014-07-29,1.532327309165249
2014-07-30,1.531569537063565
2014-07-31,1.4978070320727432
2014-08-01,1.4940945451821235
2014-08-04,1.505824963444914
2014-08-05,1.4883623758530473
2014-08-06,1.4944321355657537
2014-08-07,1.4922782224184115
2014-08-08,1.5039745856101394
2014-08-11,1.5101802955529422
2014-08-12,1.5091106939938281
2014-08-13,1.5227629648439993
2014-08-14,1.5265665330842344
2014-08-15,1.5270258311753706
2014-08-18,1.5395194208988834
2014-08-19,1.5487355810526657
2014-08-20,1.5482944194629062
2014-08-21,1.5506441557492454
2014-08-22,1.5487461285308461
2014-08-25,1.5517584334794596
2014-08-26,1.5489972976624995
2014-08-27,1.5512331526600944
2014-08-28,1.5486153084967362
2014-08-29,1.5532967296186941
2014-09-02,1.5510537321369129
2014-09-03,1.5449389749127533
2014-09-04,1.5438455254534904
2014-09-05,1.5561242896259753
2014-09-08,1.551817002678916
2014-09-09,1.5447310495133584
2014-09-10,1.5505687255397511
2014-09-11,1.551316657321729
2014-09-12,1.5425060747939068
2014-09-15,1.542856199356247
2014-09-16,1.5501748552976715
2014-09-17,1.5554073989284483
2014-09-18,1.558067822206266
2014-09-19,1.5633649485037706
2014-09-22,1.5516466407612355
2014-09-23,1.5485016376968626
2014-09-24,1.553831461688531
2014-09-25,1.5200162164281128
2014-09-26,1.5364458353211206
2014-09-29,1.5277343778477217
2014-09-30,1.5273356159717761
2014-10-01,1.5090011905047984
2014-10-02,1.5126719113495404
2014-10-03,1.5228831726520107
2014-10-06,1.5247348712614888
2014-10-07,1.5070629315190232
2014-10-08,1.5329218028455014
2014-10-09,1.5108792017196675
2014-10-10,1.4924110212789943
2014-10-13,1.4778347213068543
2014-10-14,1.4762543313224779
2014-10-15,1.4620073295816176
2014-10-16,1.452807915339315
2014-10-17,1.4653265147821297
2014-10-20,1.4808223449335782
2014-10-21,1.5070083305078814
2014-10-22,1.5044311695159345
2014-10-23,1.523892573224563
2014-10-24,1.5300130688582105
2014-10-27,1.525561816631189
2014-10-28,1.5456139467417884
2014-10-29,1.5464934040814884
2014-10-30,1.5421529691079625
2014-10-31,1.5613604436217543
2014-11-03,1.559546436554978
2014-11-04,1.5580590034856918
2014-11-05,1.5610231934303538
2014-11-06,1.5703982271673345
2014-11-07,1.5761493851510624
2014-11-10,1.5812509067630143
2014-11-11,1.584321572324563
2014-11-12,1.5864389838132065
2014-11-13,1.5991050115505487
2014-11-14,1.6038893360321513
2014-11-17,1.5997467151630365
2014-11-18,1.602417010810665
2014-11-19,1.6018433507221506
2014-11-20,1.6078592509355527
2014-11-21,1.6118664801686504
2014-11-24,1.6187273721069335
2014-11-25,1.6116960020394548
2014-11-26,1.617386678849698
2014-11-28,1.6081944908270263
2014-12-01,1.5956768836848898
2014-12-02,1.603813367177566
2014-12-03,1.6067649792677292
2014-12-04,1.6090906614269584
2014-12-05,1.601179572163986
2014-12-08,1.5872197591803525
2014-12-09,1.5831112035556623
2014-12-10,1.558471642698352
2014-12-11,1.5637276282273018
2014-12-12,1.5376100909626829
2014-12-15,1.526841138182279
2014-12-16,1.505922121758098
2014-12-17,1.5378856674111114
2014-12-18,1.5773207392760653
2014-12-19,1.5865884067690854
2014-12-22,1.6007939138292944
2014-12-23,1.608796406149591
2014-12-24,1.6006223176726277
2014-12-26,1.6059595809157563
2014-12-29,1.606123325549414
2014-12-30,1.597234031837436
2014-12-31,1.5816819898543424
2015-01-02,1.5693545238481585
2015-01-05,1.5437138700365423
2015-01-06,1.5312477553225436
2015-01-07,1.5497444538795748
2015-01-08,1.5794296897464375
2015-01-09,1.5681399486318428
2015-01-12,1.5497278289039722
2015-01-13,1.5521674600025577
2015-01-14,1.5419147578455774
2015-01-15,1.5285363708580113
2015-01-16,1.5395078796193158
2015-01-20,1.5416941103306474
2015-01-21,1.5497267720054448
2015-01-22,1.5833576592828553
2015-01-23,1.5806735539787298
2015-01-26,1.5818822125412115
2015-01-27,1.5385474740218792
2015-01-28,1.5335968346941846
2015-01-29,1.5493863518307422
2015-01-30,1.5332694590438485
2015-02-02,1.5491484558911746
2015-02-03,1.5643891008802444
2015-02-04,1.5619151146569303
2015-02-05,1.5786815992501932
2015-02-06,1.5760493981602866
2015-02-09,1.5693009090198717
2015-02-10,1.5843210412784265
2015-02-11,1.585427683107906
2015-02-12,1.5998677979176679
2015-02-13,1.610926554129451
2015-02-17,1.6134624677414235
2015-02-18,1.6080670884531922
2015-02-19,1.6005310151156291
2015-02-20,1.6080740350555536
2015-02-23,1.614920340377744
2015-02-24,1.6175553444829849
2015-02-25,1.6086766983906626
2015-02-26,1.618169482965735
2015-02-27,1.6093403871297074
2015-03-02,1.617186962319145
2015-03-03,1.6098542058859784
2015-03-04,1.5990947598728589
2015-03-05,1.5955535636733424
2015-03-06,1.5820658608978257
2015-03-09,1.5882852213089864
2015-03-10,1.560285189772959
2015-03-11,1.548965372047304
2015-03-12,1.566922609580755
2015-03-13,1.560764929488508
2015-03-16,1.5786063110614832
2015-03-17,1.5790276226736715
2015-03-18,1.5986048369268389
2015-03-19,1.5878636235207502
2015-03-20,1.5917462309580968
2015-03-23,1.597679154311375
2015-03-24,1.5916136693515943
2015-03-25,1.5659120865423322
2015-03-26,1.565039469681528
2015-03-27,1.5556421670085594
2015-03-30,1.5808440796480894
2015-03-31,1.5678695518414851
2015-04-01,1.558500473595999
2015-04-02,1.5608400249810552
2015-04-06,1.5733491590358957
2015-04-07,1.570589673016933
2015-04-08,1.572699628102543
2015-04-09,1.582584350047506
2015-04-10,1.5893290875316888
2015-04-13,1.5949656898069875
2015-04-14,1.589689028100122
2015-04-15,1.605363389263847
2015-04-16,1.601463655017951
2015-04-17,1.5807078206154037
2015-04-20,1.599812372888248
2015-04-21,1.600606785488742
2015-04-22,1.6130103429052187
2015-04-23,1.618360478421727
2015-04-24,1.642488609658196
2015-04-27,1.6464390313457946
2015-04-28,1.6508176586964078
2015-04-29,1.640898605179292
2015-04-30,1.617615564552548
2015-05-01,1.6369880714149454
2015-05-04,1.6403398152852402
2015-05-05,1.616727318700105
2015-05-06,1.6027492345666174
2015-05-07,1.6087360445325596
2015-05-08,1.6372920869216523
2015-05-11,1.6238581502629355
2015-05-12,1.6177205476249557
2015-05-13,1.6163808380461255
2015-05-14,1.6389346005560521
2015-05-15,1.6390242358526663
2015-05-18,1.644725859037657
2015-05-19,1.6448992824635802
2015-05-20,1.6440803671271624
2015-05-21,1.6472844241773008
2015-05-22,1.6455130473893533
2015-05-26,1.630658250995134
2015-05-27,1.645832292272962
2015-05-28,1.6396764932229495
2015-05-29,1.6260195456918325
2015-06-01,1.6322093853631656
2015-06-02,1.6294925296628844
2015-06-03,1.6310120393527365
2015-06-04,1.6186083494717016
2015-06-05,1.6099969325537895
2015-06-08,1.6025786273895808
2015-06-09,1.6000238173736194
2015-06-10,1.614603068276788
2015-06-11,1.6149237541327321
2015-06-12,1.6046917225735158
2015-06-15,1.5929163746248944
2015-06-16,1.5985222658858294
2015-06-17,1.6011334186363289
2015-06-18,1.6160891060991152
2015-06-19,1.6044772881361324
2015-06-22,1.6143096719813592
2015-06-23,1.6156273204887828
2015-06-24,1.614071615570792
2015-06-25,1.6074016161930444
2015-06-26,1.601826284635378
2015-06-29,1.5705926445118623
2015-06-30,1.573051873305667
2015-07-01,1.5830218553527804
2015-07-02,1.584364688798981
2015-07-06,1.5796494786265012
2015-07-07,1.580834547695313
2015-07-08,1.5489916080491253
2015-07-09,1.5464670096223636
2015-07-10,1.5696053552933116
2015-07-13,1.594302875542736
2015-07-14,1.5986012888401488
2015-07-15,1.6040153877451997
2015-07-16,1.6227001891891784
2015-07-17,1.6543722202928188
2015-07-20,1.6589876958307275
2015-07-21,1.6548763221658156
2015-07-22,1.6323659266805004
2015-07-23,1.6236723452651025
2015-07-24,1.6063916519961652
2015-07-27,1.5933330211641559
2015-07-28,1.6056570532353809
2015-07-29,1.6140018180305489
2015-07-30,1.6133040101762568
2015-07-31,1.5983335181183895
2015-08-03,1.5896616193987456
2015-08-04,1.5781780168423267
2015-08-05,1.5910727239767049
2015-08-06,1.5852824637855956
2015-08-07,1.5810310188601109
2015-08-10,1.600441891492856
2015-08-11,1.583706517125252
2015-08-12,1.5888894397197237
2015-08-13,1.5862941452478683
2015-08-14,1.5927322833368207
2015-08-17,1.5982190405111205
2015-08-18,1.587474392344846
2015-08-19,1.5736016716551864
2015-08-20,1.5479761219167987
2015-08-21,1.4828435799690889
2015-08-24,1.4284138280421035
2015-08-25,1.4122356211938925
2015-08-26,1.4804596274287731
2015-08-27,1.517034454928611
2015-08-28,1.5062017351195622
2015-08-31,1.4965782831880572
2015-09-01,1.4468194356803423
2015-09-02,1.479286237949086
2015-09-03,1.4736236466516424
2015-09-04,1.4513794037264338
2015-09-08,1.489600648071775
2015-09-09,1.4739870041585665
2015-09-10,1.4824033715228928
2015-09-11,1.494148039166012
2015-09-14,1.4944260417813622
2015-09-15,1.5109549040899104
2015-09-16,1.5203621327592438
2015-09-17,1.5092793304389218
2015-09-18,1.4869283831046154
2015-09-21,1.5011281554858444
2015-09-22,1.4838841414582908
2015-09-23,1.48216845824903
2015-09-24,1.4826784170481393
2015-09-25,1.4804373865529494
2015-09-28,1.46123829997516
2015-09-29,1.4532940740052833
2015-09-30,1.4746953996423224
2015-10-01,1.4731155595440024
2015-10-02,1.4917469979023388
2015-10-05,1.513782020025601
2015-10-06,1.5139906539210586
2015-10-07,1.525965646475656
2015-10-08,1.5290602262791797
2015-10-09,1.5358484110094202
2015-10-12,1.5389594131723505
2015-10-13,1.5364186400942181
2015-10-14,1.5163943603280459
2015-10-15,1.5400176247350763
2015-10-16,1.5448062265670852
2015-10-19,1.5443581304879426
2015-10-20,1.5447370985626487
2015-10-21,1.5373459070389508
2015-10-22,1.5655954004881125
2015-10-23,1.6116811885755327
2015-10-26,1.6033978490386178
2015-10-27,1.5968108800023895
2015-10-28,1.6188671896649938
2015-10-29,1.6221382772687754
2015-10-30,1.608258860186912
2015-11-02,1.6280323871311915
2015-11-03,1.6396264692400717
2015-11-04,1.6424029602178323
2015-11-05,1.6404145073278669
2015-11-06,1.6420398109796825
2015-11-09,1.626225222654263
2015-11-10,1.6161785172003782
2015-11-11,1.6136872502717572
2015-11-12,1.5987351289557508
2015-11-13,1.572285231514952
2015-11-16,1.5966694682451685
2015-11-17,1.5939077620250446
2015-11-18,1.6225407312901272
2015-11-19,1.6293305225801349
2015-11-20,1.6366785981464906
2015-11-23,1.6320936413980818
2015-11-24,1.631961425629427
2015-11-25,1.6246039783265882
2015-11-27,1.6241507604496928
2015-11-30,1.6205977084848002
2015-12-01,1.6359763326684358
2015-12-02,1.6227349837878895
2015-12-03,1.603639386482328
2015-12-04,1.636144040190946
2015-12-07,1.627948503181804
2015-12-08,1.6149946535064486
2015-12-09,1.5965344229554634
2015-12-10,1.6002346455279255
2015-12-11,1.5745116688947136
2015-12-14,1.5873760830841614
2015-12-15,1.597294661355181
2015-12-16,1.6171322779313753
2015-12-17,1.5987482721343365
2015-12-18,1.5665599849504739
2015-12-21,1.5787171798730297
2015-12-22,1.589644292430193
2015-12-23,1.6076289495832903
2015-12-24,1.6020211019392776
2015-12-28,1.600490143437497
2015-12-29,1.6177837288028878
2015-12-30,1.605870036525777
2015-12-31,1.5874887775998843
2016-01-04,1.5490373547586251
2016-01-05,1.5454477238476876
2016-01-06,1.5309181755797618
2016-01-07,1.4881689152229411
2016-01-08,1.4775834262454401
2016-01-11,1.4804477451259306
2016-01-12,1.497488283954445
2016-01-13,1.4605602880951047
2016-01-14,1.4927462663845272
2016-01-15,1.4508977677983874
2016-01-19,1.45041816964372
2016-01-20,1.4352259728434005
2016-01-21,1.43779469826293
2016-01-22,1.4819236465863497
2016-01-25,1.4597622703197664
2016-01-26,1.4761779724351085
2016-01-27,1.4435570049381303
2016-01-28,1.490963506818614
2016-01-29,1.5213740384112413
2016-02-01,1.5162929209859146
2016-02-02,1.491636498683984
2016-02-03,1.483383195378128
2016-02-04,1.4834699070812571
2016-02-05,1.443714346426256
2016-02-08,1.4366982923742968
2016-02-09,1.434028658601378
2016-02-10,1.4353496741582241
2016-02-11,1.4306235402267222
2016-02-12,1.4444754759639138
2016-02-16,1.4684613716111357
2016-02-17,1.4901595113755417
2016-02-18,1.479999504295867
2016-02-19,1.4840261219679307
2016-02-22,1.5043634406963013
2016-02-23,1.480126089759958
2016-02-24,1.4869656633128652
2016-02-25,1.4980572867801576
2016-02-26,1.4937437701588328
2016-02-29,1.4831769845641094
2016-03-01,1.528143839792454
2016-03-02,1.5362391745751518
2016-03-03,1.5321304924792394
2016-03-04,1.535091982393151
2016-03-07,1.523738127761934
2016-03-08,1.5159985423792475
2016-03-09,1.527185296722303
2016-03-10,1.5249479920058846
2016-03-11,1.5468585883922334
2016-03-14,1.5512521206722243
2016-03-15,1.5611357982142746
2016-03-16,1.5690276089673079
2016-03-17,1.5722259612153549
2016-03-18,1.5693938816562893
2016-03-21,1.5723211744175174
2016-03-22,1.5764566084157878
2016-03-23,1.5737703057971915
2016-03-24,1.571814492794103
2016-03-28,1.5690787703976026
2016-03-29,1.5901934266662223
2016-03-30,1.6003612835660266
2016-03-31,1.5914935267426538
2016-04-01,1.5993298852448719
2016-04-04,1.5939365490173656
2016-04-05,1.5763604311469919
2016-04-06,1.593216870920494
2016-04-07,1.5739802629977637
2016-04-08,1.5735197357569395
2016-04-11,1.572125811644121
2016-04-12,1.5884819299736486
2016-04-13,1.6085360214803934
2016-04-14,1.611752190921119
2016-04-15,1.6065954537882752
2016-04-18,1.612335162754006
2016-04-19,1.6168793602535692
2016-04-20,1.6182764280023705
2016-04-21,1.6171252641991025
2016-04-22,1.5860122275764044
2016-04-25,1.5862052751957143
2016-04-26,1.574685310080764
2016-04-27,1.555663386394871
2016-04-28,1.5452255454266988
2016-04-29,1.5536703166747554
2016-05-02,1.5693291476272617
2016-05-03,1.5567702764510654
2016-05-04,1.5521679069722376
2016-05-05,1.5499885931687472
2016-05-06,1.5592941969693153
2016-05-09,1.5591629676101961
2016-05-10,1.581093966279137
2016-05-11,1.572469762685455
2016-05-12,1.5715143638465638
2016-05-13,1.5593176939300344
2016-05-16,1.5739973999372248
2016-05-17,1.558376639492505
2016-05-18,1.5654333172693053
2016-05-19,1.5587761979494112
2016-05-20,1.5686006386970477
2016-05-23,1.564031564249825
2016-05-24,1.5864022888418954
2016-05-25,1.6027114085139422
2016-05-26,1.6044411807871954
2016-05-27,1.611078005204901
2016-05-31,1.6092105672609085
2016-06-01,1.607080111044947
2016-06-02,1.6065670887939218
2016-06-03,1.5983888566998725
2016-06-06,1.604588233613664
2016-06-07,1.6069539677868854
2016-06-08,1.6126722202288921
2016-06-09,1.6121941824745152
2016-06-10,1.5971752392195946
2016-06-13,1.5820429370292066
2016-06-14,1.5820947935217107
2016-06-15,1.576133845848464
2016-06-16,1.5806608833699332
2016-06-17,1.561069004387333
2016-06-20,1.5683677892403658
2016-06-21,1.5815451539788536
2016-06-22,1.5799874884236798
2016-06-23,1.5977904221028336
2016-06-24,1.5451490356661983
2016-06-27,1.5291956655410686
2016-06-28,1.5580642706410914
2016-06-29,1.5789332288036932
2016-06-30,1.596347106515912
2016-07-01,1.5995080742168082
2016-07-05,1.59034867637849
2016-07-06,1.6020991145085637
2016-07-07,1.5989546642426125
2016-07-08,1.6155194619668474
2016-07-11,1.626281806658179
2016-07-12,1.634476973519252
2016-07-13,1.6322376359879367
2016-07-14,1.643150105968733
2016-07-15,1.6379652123205448
2016-07-18,1.651987242060111
2016-07-19,1.6533088178470345
2016-07-20,1.6667134955239897
2016-07-21,1.6598832807971406
2016-07-22,1.6634211370710905
2016-07-25,1.6551684028773492
2016-07-26,1.651857449704333
2016-07-27,1.6686582862355472
2016-07-28,1.6771540571831027
2016-07-29,1.6833912301758145
2016-08-01,1.6880863381814466
2016-08-02,1.6815088899868067
2016-08-03,1.6828335999814101
2016-08-04,1.6894450536398045
2016-08-05,1.7071980306962036
2016-08-08,1.7127649699071819
2016-08-09,1.717314717591005
2016-08-10,1.7107062106751996
2016-08-11,1.7163988771675223
2016-08-12,1.7172899279398033
2016-08-15,1.720113208980666
2016-08-16,1.7127955717496381
2016-08-17,1.720129776382517
2016-08-18,1.7192223068866728
2016-08-19,1.715479973531466
2016-08-22,1.7139137688698312
2016-08-23,1.7168721301415262
2016-08-24,1.7097308843887395
2016-08-25,1.708649340562955
2016-08-26,1.7104231873960967
2016-08-29,1.7196589591420122
2016-08-30,1.717361222984104
2016-08-31,1.7147087898522289
2016-09-01,1.7165078468466852
2016-09-02,1.7223787308133194
2016-09-06,1.7369752568730412
2016-09-07,1.7375060086786236
2016-09-08,1.728852164297847
2016-09-09,1.6934556711534994
2016-09-12,1.709178020895106
2016-09-13,1.6936907403683612
2016-09-14,1.7009429543485184
2016-09-15,1.7218627473388683
2016-09-16,1.7163184331791657
2016-09-19,1.7122937413264276
2016-09-20,1.7140655277874968
2016-09-21,1.726414024320648
2016-09-22,1.736822846895668
2016-09-23,1.7223329474598499
2016-09-26,1.7095080160503828
2016-09-27,1.7277342209659816
2016-09-28,1.7407942196319333
2016-09-29,1.7235093755202229
2016-09-30,1.7292923853101405
2016-10-03,1.7265181521095954
2016-10-04,1.724998868783408
2016-10-05,1.7345405583862468
2016-10-06,1.7377953896410645
2016-10-07,1.7386689083992362
2016-10-10,1.7559185607796002
2016-10-11,1.7405708314237056
2016-10-12,1.7425809168769
2016-10-13,1.7297168435276464
2016-10-14,1.7327084517837081
2016-10-17,1.7293952877738743
2016-10-18,1.7374246181355648
2016-10-19,1.739460908333185
2016-10-20,1.7345562516531923
2016-10-21,1.7437031156588758
2016-10-24,1.7638880974540794
2016-10-25,1.7610683796307502
2016-10-26,1.7486314058363186
2016-10-27,1.7416178651653773
2016-10-28,1.7262608930409582
2016-10-31,1.7242240743301844
2016-11-01,1.7152264025584927
2016-11-02,1.6977087656741257
2016-11-03,1.684556174090164
2016-11-04,1.6760673967678428
2016-11-07,1.7127513098552969
2016-11-08,1.724630682921264
2016-11-09,1.7286818926080658
2016-11-10,1.7147788096538088
2016-11-11,1.708074642596432
2016-11-14,1.6830946516828473
2016-11-15,1.7053557103229622
2016-11-16,1.7115485402109063
2016-11-17,1.7229125988423997
2016-11-18,1.718968510094873
2016-11-21,1.7391496624430376
2016-11-22,1.7410039939631372
2016-11-23,1.7342436257649712
2016-11-25,1.7394034454922676
2016-11-28,1.7336275870021467
2016-11-29,1.7358012708723358
2016-11-30,1.7236315033241902
2016-12-01,1.7151795138616437
2016-12-02,1.713102871199006
2016-12-05,1.7291087265696334
2016-12-06,1.7359158649871766
2016-12-07,1.7579273106426283
2016-12-08,1.7611480050197745
2016-12-09,1.7780559879324094
2016-12-12,1.7771102816824051
2016-12-13,1.796913180259749
2016-12-14,1.785091341445815
2016-12-15,1.7852035426463995
2016-12-16,1.781097699899556
2016-12-19,1.7881059275364606
2016-12-20,1.7927879211010995
2016-12-21,1.7901193352440068
2016-12-22,1.7846494987350217
2016-12-23,1.7822340196887618
2016-12-27,1.7876260654649383
2016-12-28,1.7789175459236417
2016-12-29,1.77539123761239
2016-12-30,1.7639149999181356
2017-01-03,1.768143946805813
2017-01-04,1.7681138988801919
2017-01-05,1.7780392438326151
2017-01-06,1.793805171884536
2017-01-09,1.7944688287563546
2017-01-10,1.7924637301432078
2017-01-11,1.803394619241986
2017-01-12,1.799480704272051
2017-01-13,1.8044411542106833
2017-01-17,1.7965411487525347
2017-01-18,1.7970491650656357
2017-01-19,1.7886030455244184
2017-01-20,1.7933596663598697
2017-01-23,1.8001824755040603
2017-01-24,1.8061968732055482
2017-01-25,1.8289212647376538
2017-01-26,1.8365919868637175
2017-01-27,1.8377446702727618
2017-01-30,1.8233308388393576
2017-01-31,1.8131672875835598
2017-02-01,1.8302338238157339
2017-02-02,1.8270191087450993
2017-02-03,1.8296478759981067
2017-02-06,1.8331914901525703
2017-02-07,1.8356382042277908
2017-02-08,1.8380473361884204
2017-02-09,1.8478158318023865
2017-02-10,1.8510553281598805
2017-02-13,1.8652561578391469
2017-02-14,1.873251415544723
2017-02-15,1.8801287870402026
2017-02-16,1.8851795124688948
2017-02-17,1.8880234996262193
2017-02-21,1.8953098368250614
2017-02-22,1.9006821017602733
2017-02-23,1.9032077488406622
2017-02-24,1.8987911070226404
2017-02-27,1.9010017137872508
2017-02-28,1.8955378992214837
2017-03-01,1.929009074296106
2017-03-02,1.9163128664619944
2017-03-03,1.9194604838458584
2017-03-06,1.9177449196933238
2017-03-07,1.9197548684776176
2017-03-08,1.9199500405971255
2017-03-09,1.9236555176956034
2017-03-10,1.9280310231402304
2017-03-13,1.932470204778837
2017-03-14,1.929211564716313
2017-03-15,1.9395622813307214
2017-03-16,1.943207167816159
2017-03-17,1.9399615180401795
2017-03-20,1.9453878727157705
2017-03-21,1.9211986011024587
2017-03-22,1.9264945798564364
2017-03-23,1.9203486836702894
2017-03-24,1.917513679907548
2017-03-27,1.918511346369525
2017-03-28,1.9350305747285625
2017-03-29,1.9423992178780825
2017-03-30,1.9458439844964868
2017-03-31,1.9396065157948632
2017-04-03,1.9430816322182882
2017-04-04,1.9484120146333834
2017-04-05,1.945475532733076
2017-04-06,1.9427982442859766
2017-04-07,1.9378447174760913
2017-04-10,1.9389044427053268
2017-04-11,1.9296844412607872
2017-04-12,1.9322618665728042
2017-04-13,1.9194284367590233
2017-04-17,1.9382688249046838
2017-04-18,1.926798681413967
2017-04-19,1.9235036081550025
2017-04-20,1.9425277606352505
2017-04-21,1.9397793687180593
2017-04-24,1.9673523479461341
2017-04-25,1.9829192709501542
2017-04-26,1.9802345620667179
2017-04-27,1.985471389261347
2017-04-28,1.9974767074786308
2017-05-01,2.018589973265472
2017-05-02,2.025169944418823
2017-05-03,2.026575544945971
2017-05-04,2.0199338170526575
2017-05-05,2.02362354369455
2017-05-08,2.039841610257432
2017-05-09,2.0422993964735587
2017-05-10,2.0412508197054646
2017-05-11,2.044576275759123
2017-05-12,2.0546102297510287
2017-05-15,2.0602881429933446
2017-05-16,2.067958006922603
2017-05-17,2.022172092277006
2017-05-18,2.039708138641993
2017-05-19,2.0495770575108674
2017-05-22,2.0670428846317557
2017-05-23,2.0720198657521256
2017-05-24,2.075398863107578
2017-05-25,2.0911055651437014
2017-05-26,2.092592012843685
2017-05-30,2.0900634090245527
2017-05-31,2.0747957570048974
2017-06-01,2.0836526264423867
2017-06-02,2.0994114736027916
2017-06-05,2.1039832011354376
2017-06-06,2.1047323422604043
2017-06-07,2.1104545237555596
2017-06-08,2.1126465368751237
2017-06-09,2.0826949246060376
2017-06-12,2.0639294246006683
2017-06-13,2.081288151340174
2017-06-14,2.0765812793513168
2017-06-15,2.0638993934559453
2017-06-16,2.067897172425501
2017-06-19,2.096120104572407
2017-06-20,2.0846976110165847
2017-06-21,2.0919689114227387
2017-06-22,2.0905783791879204
2017-06-23,2.0999383286501465
2017-06-26,2.090928260801368
2017-06-27,2.0687551957015855
2017-06-28,2.0873409391971243
2017-06-29,2.064277002368513
2017-06-30,2.059487235504603
2017-07-03,2.0560991119561303
2017-07-05,2.064447281565553
2017-07-06,2.0504716925640145
2017-07-07,2.067132167637509
2017-07-10,2.0785848493173695
2017-07-11,2.08526853958564
2017-07-12,2.105013583525438
2017-07-13,2.1137774796666235
2017-07-14,2.1239299026186425
2017-07-17,2.126525599837859
2017-07-18,2.140927902239056
2017-07-19,2.158519079623791
2017-07-20,2.159977045580485
2017-07-21,2.1546453195481052
2017-07-24,2.1650411585618565
2017-07-25,2.162326959815575
2017-07-26,2.1628618241175035
2017-07-27,2.1587290588019146
2017-07-28,2.152019005143513
2017-07-31,2.143645875795011
2017-08-01,2.1531450807271324
2017-08-02,2.1690763501587824
2017-08-03,2.159003160294743
2017-08-04,2.169696338435954
2017-08-07,2.1821365639676005
2017-08-08,2.1860993905109463
2017-08-09,2.1884670478604207
2017-08-10,2.1508778745905666
2017-08-11,2.150844924603601
2017-08-14,2.182115754616373
2017-08-15,2.182984392233493
2017-08-16,2.1853608979597983
2017-08-17,2.1578111161074442
2017-08-18,2.155498246582478
2017-08-21,2.152766432917221
2017-08-22,2.177990837148496
2017-08-23,2.1715950301707037
2017-08-24,2.1655885747010566
2017-08-25,2.165037794245229
2017-08-28,2.164252581770379
2017-08-29,2.1709120211761546
2017-08-30,2.1872824905707677
2017-08-31,2.203922564793689
2017-09-01,2.197626366853691
2017-09-05,2.1737843515764874
2017-09-06,2.181270229084809
2017-09-07,2.183672459143851
2017-09-08,2.168756666050994
2017-09-11,2.1984832729595705
2017-09-12,2.2017120550822824
2017-09-13,2.207155983205597
2017-09-14,2.1991214405978745
2017-09-15,2.206879267189095
2017-09-18,2.206611758012221
2017-09-19,2.21437599166502
2017-09-20,2.211732916790159
2017-09-21,2.197363102282812
2017-09-22,2.187707786728849
2017-09-25,2.163279684064307
2017-09-26,2.16722111464481
2017-09-27,2.189476316165547
2017-09-28,2.189272831990443
2017-09-29,2.2023401176595256
2017-10-02,2.2031627528343267
2017-10-03,2.2142023618201216
2017-10-04,2.21280618331844
2017-10-05,2.2382480120158066
2017-10-06,2.244969025849409
2017-10-09,2.24582342372553
2017-10-10,2.246741006818138
2017-10-11,2.2603205123382586
2017-10-12,2.2588025939312733
2017-10-13,2.264727626489298
2017-10-16,2.2824414659713708
2017-10-17,2.2911205031879467
2017-10-18,2.287890501564807
2017-10-19,2.268622269223242
2017-10-20,2.2808379875355
2017-10-23,2.267907157694327
2017-10-24,2.2739871802031137
2017-10-25,2.2724424924328637
2017-10-26,2.272938382864687
2017-10-27,2.3531618059224195
2017-10-30,2.363650491783747
2017-10-31,2.3625359365919216
2017-11-01,2.372160928780297
2017-11-02,2.3745240040066857
2017-11-03,2.39245419640464
2017-11-06,2.4037111212241955
2017-11-07,2.412759475835579
2017-11-08,2.414553039722942
2017-11-09,2.409045725905049
2017-11-10,2.3999104375706932
2017-11-13,2.4015526518710764
2017-11-14,2.393276960815907
2017-11-15,2.376033379730145
2017-11-16,2.3941941716844073
2017-11-17,2.386999825394399
2017-11-20,2.3985689024424772
2017-11-21,2.430504100021601
2017-11-22,2.4313316133863534
2017-11-24,2.4356806947246614
2017-11-27,2.441203847152878
2017-11-28,2.4570363037624774
2017-11-29,2.4218625180231284
2017-11-30,2.4330544402865026
2017-12-01,2.4175309287097244
2017-12-04,2.396290815315577
2017-12-05,2.391873742038771
2017-12-06,2.3977744570554314
2017-12-07,2.4144879062996227
2017-12-08,2.434277340151398
2017-12-11,2.456365846253097
2017-12-12,2.4490619736101875
2017-12-13,2.4504699653159845
2017-12-14,2.4490521164225134
2017-12-15,2.4678055630203124
2017-12-18,2.4842565459481265
2017-12-19,2.4750739494992318
2017-12-20,2.4644176973188823
2017-12-21,2.471001850862504
2017-12-22,2.47008270889516
2017-12-26,2.457524367889391
2017-12-27,2.4595419387353075
2017-12-28,2.46710159307812
2017-12-29,2.4499226439498925
2018-01-02,2.4615262415268933
2018-01-03,2.483096169632801
2018-01-04,2.500049921540396
2018-01-05,2.5268584295455994
2018-01-08,2.5370465195492398
2018-01-09,2.5442741105149866
2018-01-10,2.54380883910329
2018-01-11,2.5478258380378302
2018-01-12,2.5721189781176936
2018-01-16,2.5610572422609823
2018-01-17,2.5828330547904277
2018-01-18,2.5839331414815434
2018-01-19,2.5887487225060855
2018-01-22,2.6196487610269394
2018-01-23,2.645528124931273
2018-01-24,2.635385606264426
2018-01-25,2.637685024826806
2018-01-26,2.6733161335203577
2018-01-29,2.656658000249197
2018-01-30,2.640053590961767
2018-01-31,2.6541905064657723
2018-02-01,2.6401255935263492
2018-02-02,2.5762851699067055
2018-02-05,2.473235770802462
2018-02-06,2.5209422246105575
2018-02-07,2.4839216345732757
2018-02-08,2.391881669119119
2018-02-09,2.4298036252778927
2018-02-12,2.468830519893583
2018-02-13,2.4854609550224374
2018-02-14,2.539049609822174
2018-02-15,2.581233639096288
2018-02-16,2.5699360898092936
2018-02-20,2.575384275800247
2018-02-21,2.584006431079983
2018-02-22,2.581380511384438
2018-02-23,2.6271955435939005
2018-02-26,2.6637808607466433
2018-02-27,2.630092387662911
2018-02-28,2.6020852275936717
2018-03-01,2.5668366705389047
2018-03-02,2.569295052425272
2018-03-05,2.5870185878343483
2018-03-06,2.6029390797476584
2018-03-07,2.611104805271639
2018-03-08,2.6292756187430206
2018-03-09,2.683355340285651
2018-03-12,2.6997392231073776
2018-03-13,2.668036345386815
2018-03-14,2.6668497896667986
2018-03-15,2.678335192877336
2018-03-16,2.6720717446178854
2018-03-19,2.611402409223495
2018-03-20,2.6233335457284914
2018-03-21,2.606332274008083
2018-03-22,2.5218848708302866
2018-03-23,2.450951149215724
2018-03-26,2.5417832462455343
2018-03-27,2.46770705756403
2018-03-28,2.4359215781071626
2018-03-29,2.477134132462123
2018-04-02,2.4156444958642873
2018-04-03,2.4369654414780455
2018-04-04,2.456716921835345
2018-04-05,2.478420342459103
2018-04-06,2.427797639524903
2018-04-09,2.446003315568866
2018-04-10,2.499503519939426
2018-04-11,2.483498406713068
2018-04-12,2.5035010832279294
2018-04-13,2.4869252365290744
2018-04-16,2.501361562294726
2018-04-17,2.5420781251516065
2018-04-18,2.544927726022385
2018-04-19,2.5513586569724924
2018-04-20,2.5121627320342568
2018-04-23,2.4999031803753446
2018-04-24,2.4461848862175293
2018-04-25,2.4363089868673042
2018-04-26,2.4842085946545076
2018-04-27,2.499012310102584
2018-04-30,2.4866990172416554
2018-05-01,2.5147718552136498
2018-05-02,2.519512870717761
2018-05-03,2.513009526050208
2018-05-04,2.5583072419871975
2018-05-07,2.581016507602848
2018-05-08,2.5884289252712573
2018-05-09,2.6223672254761783
2018-05-10,2.652682087113084
2018-05-11,2.649491993180438
2018-05-14,2.654828213964902
2018-05-15,2.61924687652781
2018-05-16,2.626587258235659
2018-05-17,2.6226826656953843
2018-05-18,2.6108226853880248
2018-05-21,2.63116445184853
2018-05-22,2.624055485476922
2018-05-23,2.640110329734463
2018-05-24,2.6334525502888173
2018-05-25,2.633246164766885
2018-05-29,2.610598608617722
2018-05-30,2.6268076287832094
2018-05-31,2.633999775025735
2018-06-01,2.6786854805766747
2018-06-04,2.706066398962852
2018-06-05,2.7167939747677807
2018-06-06,2.727552004769617
2018-06-07,2.712002106407797
2018-06-08,2.705473086520121
2018-06-11,2.709251540656595
2018-06-12,2.719451971611585
2018-06-13,2.7094313134138743
2018-06-14,2.723348421518859
2018-06-15,2.706315878271424
2018-06-18,2.7195124598652574
2018-06-19,2.7000488400077254
2018-06-20,2.7182346075629127
2018-06-21,2.696467904668156
2018-06-22,2.6891028535461947
2018-06-25,2.628162318295828
2018-06-26,2.6409304826407607
2018-06-27,2.6028768707776853
2018-06-28,2.631738332034242
2018-06-29,2.631635620742335
2018-07-02,2.655334119780685
2018-07-03,2.620631279529401
2018-07-05,2.64719044848676
2018-07-06,2.6781824918020907
2018-07-09,2.7113849847519518
2018-07-10,2.70645650695184
2018-07-11,2.691333476006457
2018-07-12,2.7352048431194897
2018-07-13,2.7435745991705476
2018-07-16,2.7470870887761705
2018-07-17,2.76762432364691
2018-07-18,2.771371385388673
2018-07-19,2.747066793017995
2018-07-20,2.75628558308917
2018-07-23,2.767025511159221
2018-07-24,2.8035472614352828
2018-07-25,2.847068820931738
2018-07-26,2.774734056368434
2018-07-27,2.748696278393993
2018-07-30,2.713295032716622
2018-07-31,2.7094852058283423
2018-08-01,2.7390453936715757
2018-08-02,2.763659386102652
2018-08-03,2.770530516350142
2018-08-06,2.7940480864954633
2018-08-07,2.804953890972729
2018-08-08,2.8173422466413274
2018-08-09,2.825782458849951
2018-08-10,2.809027188533216
2018-08-13,2.7972911632386883
2018-08-14,2.8012469180664086
2018-08-15,2.767730919538731
2018-08-16,2.7708529108861493
2018-08-17,2.785984540209228
2018-08-20,2.7925212006241873
2018-08-21,2.7897330021093003
2018-08-22,2.8028193071263505
2018-08-23,2.7976192575362218
2018-08-24,2.8105352338419203
2018-08-27,2.8496184256654957
2018-08-28,2.8507177764988794
2018-08-29,2.881386318146127
2018-08-30,2.8771824060303577
2018-08-31,2.8654685155414112
2018-09-04,2.8539255280773856
2018-09-05,2.8107497202616414
2018-09-06,2.7754268243249647
2018-09-07,2.773089507381086
2018-09-10,2.7598524868947027
2018-09-11,2.7962358352861516
2018-09-12,2.784651239372716
2018-09-13,2.8181279854843915
2018-09-14,2.813441770732894
2018-09-17,2.763381881563178
2018-09-18,2.777050983105966
2018-09-19,2.7913944999008335
2018-09-20,2.8234625798453665
2018-09-21,2.80761713227951
2018-09-24,2.813758881467664
2018-09-25,2.8267594917444865
2018-09-26,2.8216118692731182
2018-09-27,2.846056568412448
2018-09-28,2.831443636026208
2018-10-01,2.837719405781159
2018-10-02,2.8259540670752465
2018-10-03,2.836326048617804
2018-10-04,2.788327475742215
2018-10-05,2.7645212053203205
2018-10-08,2.746894766715841
2018-10-09,2.7504044310487967
2018-10-10,2.6254403661461216
2018-10-11,2.589371475856484
2018-10-12,2.661408677244032
2018-10-15,2.6229575140706123
2018-10-16,2.6907771912502705
2018-10-17,2.6936933727209094
2018-10-18,2.635230047456804
2018-10-19,2.6449026248569387
2018-10-22,2.6643158277318895
2018-10-23,2.6462645667066034
2018-10-24,2.5410236182197945
2018-10-25,2.624739506587028
2018-10-26,2.5550731358912357
2018-10-29,2.4884748262487753
2018-10-30,2.5074159308102524
2018-10-31,2.5839621405822952
2018-11-01,2.619027202746502
2018-11-02,2.5907868675912424
2018-11-05,2.571171291941957
2018-11-06,2.5920934614790476
2018-11-07,2.672788549173516
2018-11-08,2.6611487489353016
2018-11-09,2.6092033033364057
2018-11-12,2.5330076026508856
2018-11-13,2.537253024438019
2018-11-14,2.5142731471168385
2018-11-15,2.56289094746239
2018-11-16,2.561135515298423
2018-11-19,2.489901779118055
2018-11-20,2.4358195882380813
2018-11-21,2.453556079004628
2018-11-23,2.428830850257405
2018-11-26,2.4943400128518793
2018-11-27,2.501818007114251
2018-11-28,2.585543901435032
2018-11-29,2.574771912609117
2018-11-30,2.594222900409674
2018-12-03,2.646474555573515
2018-12-04,2.5503478524725316
2018-12-06,2.539323112102937
2018-12-07,2.4769945679565954
2018-12-10,2.4907342257155127
2018-12-11,2.496487807961329
2018-12-12,2.5149246356213406
2018-12-13,2.5219179793531543
2018-12-14,2.4460271447103734
2018-12-17,2.389621510364627
2018-12-18,2.4066937276781735
2018-12-19,2.3556054821006716
2018-12-20,2.32292203518498
2018-12-21,2.2587228038875815
2018-12-24,2.2087126933112744
2018-12-26,2.3407189814445206
2018-12-27,2.345828560922882
2018-12-28,2.345704878731031
2018-12-31,2.360661435554943
2019-01-02,2.3665695085620615
2019-01-03,2.273235601971939
2019-01-04,2.367822477777856
2019-01-07,2.3875060601135556
2019-01-08,2.4163308972203636
2019-01-09,2.439463379599086
2019-01-10,2.4382840625773055
2019-01-11,2.4237227733404465
2019-01-14,2.40089464296424
2019-01-15,2.45545967382415
2019-01-16,2.4681681915479547
2019-01-17,2.4824024575054464
2019-01-18,2.51030510630622
2019-01-22,2.454668555467786
2019-01-23,2.457333950213638
2019-01-24,2.4587035344574417
2019-01-25,2.5012813022084432
2019-01-28,2.473370530108571
2019-01-29,2.4470252064071096
2019-01-30,2.5332742622070783
2019-01-31,2.5720489149648755
2019-02-01,2.5491030838534345
2019-02-04,2.5790401855106873
2019-02-05,2.6060763922366386
2019-02-06,2.5859901337644096
2019-02-07,2.5471076259112473
2019-02-08,2.540657049177871
2019-02-11,2.5403980960206436
2019-02-12,2.575982961527839
2019-02-13,2.573216712225479
2019-02-14,2.5621409242857878
2019-02-15,2.560834778400983
2019-02-19,2.5732364901872735
2019-02-20,2.575898316230554
2019-02-21,2.572734976610861
2019-02-22,2.594580413339468
2019-02-25,2.6133423527827606
2019-02-26,2.6158779132525347
2019-02-27,2.615574143849564
2019-02-28,2.604989177630542
2019-03-01,2.6307615830154387
2019-03-04,2.6531842053094743
2019-03-05,2.6648502495918343
2019-03-06,2.6563078314737623
2019-03-07,2.6139753562945574
2019-03-08,2.6065168974636697
2019-03-11,2.6671885670971127
2019-03-12,2.684497575413736
2019-03-13,2.6966778954570607
2019-03-14,2.692352401039046
2019-03-15,2.7054458109619772
2019-03-18,2.7235038810489014
2019-03-19,2.7309270056716546
2019-03-20,2.7461835728969914
2019-03-21,2.775143538593457
2019-03-22,2.717408536125275
2019-03-25,2.7099399655582466
2019-03-26,2.7111866469801504
2019-03-27,2.699534270494624
2019-03-28,2.70407198607487
2019-03-29,2.7260851768936116
2019-04-01,2.757951745709945
2019-04-02,2.7730144810119532
2019-04-03,2.7828697369021707
2019-04-04,2.7890794195514337
2019-04-05,2.8015128531322975
2019-04-08,2.813022673215945
2019-04-09,2.8085863541585083
2019-04-10,2.820228433966282
2019-04-11,2.820410307172102
2019-04-12,2.846598180126114
2019-04-15,2.83804207022508
2019-04-16,2.8536977274511077
2019-04-17,2.875177433154552
2019-04-18,2.8755173355463994
2019-04-22,2.890001587735733
2019-04-23,2.926200452755837
2019-04-24,2.9103873037093004
2019-04-25,2.935814241720823
2019-04-26,2.9521042382876317
2019-04-29,2.967550280081533
2019-04-30,2.9261674986925312
2019-05-01,2.9299441544163205
2019-05-02,2.9179919555723246
2019-05-03,2.9657218059001176
2019-05-06,2.930609730236854
2019-05-07,2.878786977395555
2019-05-08,2.874062031504824
2019-05-09,2.855587321239384
2019-05-10,2.8557866857578365
2019-05-13,2.764737954024063
2019-05-14,2.7736920796979523
2019-05-15,2.816458831812086
2019-05-16,2.836438151146554
2019-05-17,2.802122905916847
2019-05-20,2.7522894721030076
2019-05-21,2.7712145723815724
2019-05-22,2.759311762492181
2019-05-23,2.714983506398976
2019-05-24,2.7138323418756327
2019-05-28,2.7134072106321176
2019-05-29,2.68142629675615
2019-05-30,2.6872027933389138
2019-05-31,2.6459141072750176
2019-06-03,2.5802394238840387
2019-06-04,2.634963483662049
2019-06-05,2.652481912793834
2019-06-06,2.673993621759668
2019-06-07,2.725349611574541
2019-06-10,2.7706519684172073
2019-06-11,2.782993111403882
2019-06-12,2.76432744961851
2019-06-13,2.775743497792235
2019-06-14,2.7713878632095454
2019-06-17,2.7890425715944764
2019-06-18,2.828035212663619
2019-06-19,2.835848076229486
2019-06-20,2.8621179231847638
2019-06-21,2.861449295471409
2019-06-24,2.8656985752733544
2019-06-25,2.817883144386799
2019-06-26,2.831268686207701
2019-06-27,2.841760713652818
2019-06-28,2.8433774743411298
2019-07-01,2.879634620988965
2019-07-02,2.9012418794804073
2019-07-03,2.9162239122031637
2019-07-05,2.914942767333085
2019-07-08,2.8905797253057113
2019-07-09,2.9071790250575678
2019-07-10,2.9316562118512017
2019-07-11,2.9248445955078473
2019-07-12,2.9344593093740037
2019-07-15,2.9471006497872665
2019-07-16,2.937886279627011
2019-07-17,2.9169489436067555
2019-07-18,2.914121174585515
2019-07-19,2.894387563185165
2019-07-22,2.9195178359357654
2019-07-23,2.9410952395875594
2019-07-24,2.9554503839181123
2019-07-25,2.93984475475807
2019-07-26,2.9740838175583533
2019-07-29,2.9644032567159937
2019-07-30,2.948872634993373
2019-07-31,2.922109382133889
2019-08-01,2.895682249454701
2019-08-02,2.8544932493805164
2019-08-05,2.751937486097176
2019-08-06,2.789226413367221
2019-08-07,2.7952224254107176
2019-08-08,2.8541946851485953
2019-08-09,2.825504575797895
2019-08-12,2.800952624804167
2019-08-13,2.8565278787387407
2019-08-14,2.7810705076404165
2019-08-15,2.790075620215427
2019-08-16,2.829937377229317
2019-08-19,2.87483290979146
2019-08-20,2.8491350881262414
2019-08-21,2.8664532476050333
2019-08-22,2.8549906583432674
2019-08-23,2.770096110473186
2019-08-26,2.8013551633809213
2019-08-27,2.7958540019077223
2019-08-28,2.800400598361105
2019-08-29,2.845862331767422
2019-08-30,2.847524736666604
2019-09-03,2.822197289464913
2019-09-04,2.8598935672557384
2019-09-05,2.911147683927833
2019-09-06,2.899044843515767
2019-09-09,2.901747919617756
2019-09-10,2.8994665390039573
2019-09-11,2.9320247432129776
2019-09-12,2.9487408390511165
2019-09-13,2.9469027412478397
2019-09-16,2.924432932937805
2019-09-17,2.934667713054301
2019-09-18,2.947112090133746
2019-09-19,2.9525130320258675
2019-09-20,2.9327667072035912
2019-09-23,2.9217237032767445
2019-09-24,2.8809821310662698
2019-09-25,2.9154977328577143
2019-09-26,2.8977563629850667
2019-09-27,2.866373775810978
2019-09-30,2.8873596956167695
2019-10-01,2.8678930260657824
2019-10-02,2.8251261854905794
2019-10-03,2.8521070914577833
2019-10-04,2.892948748858955
2019-10-07,2.8819834597277842
2019-10-08,2.8414076202065672
2019-10-09,2.8675895315393927
2019-10-10,2.8829245089576285
2019-10-11,2.926247221522559
2019-10-14,2.9248585655261716
2019-10-15,2.9668931228417166
2019-10-16,2.9697515545478144
2019-10-17,2.9767435281415153
2019-10-18,2.9374539200727408
2019-10-21,2.9705744900256588
2019-10-22,2.9471611078130953
2019-10-23,2.9638683831811505
2019-10-24,2.9776197824607404
2019-10-25,2.991099651148211
2019-10-28,3.032389422013881
2019-10-29,2.998388082149482
2019-10-30,3.010965936158042
2019-10-31,3.02008878375046
2019-11-01,3.05353883412179
2019-11-04,3.0794389510935893
2019-11-05,3.0871868971230545
2019-11-06,3.0863740188186015
2019-11-07,3.1005223256239085
2019-11-08,3.1066553954273406
2019-11-11,3.0982482149221156
2019-11-12,3.1107826303288255
2019-11-13,3.100435904371852
2019-11-14,3.098961494976738
2019-11-15,3.1289781334457416
2019-11-18,3.140340441530674
2019-11-19,3.1429849065246276
2019-11-20,3.1224958536020337
2019-11-21,3.1167774234196073
2019-11-22,3.127643504284898
2019-11-25,3.163675178426103
2019-11-26,3.1715221473207613
2019-11-27,3.198243280205703
2019-11-29,3.18319220171061
2019-12-02,3.1545447491860994
2019-12-03,3.133711994903593
2019-12-04,3.1501537451788857
2019-12-05,3.1682384453917587
2019-12-06,3.2066399073818856
2019-12-09,3.192685313371756
2019-12-10,3.1940513532974864
2019-12-11,3.2140459904868215
2019-12-12,3.2328789213298745
2019-12-13,3.2463249462807324
2019-12-16,3.2757334488559247
2019-12-17,3.2890376259460625
2019-12-18,3.2922903748688306
2019-12-19,3.3061703346195106
2019-12-20,3.312228058741522
2019-12-23,3.3269927192471953
2019-12-24,3.322356770833691
2019-12-26,3.3710710808672526
2019-12-27,3.37266214589942
2019-12-30,3.35207448113795
2019-12-31,3.355750904585909
2020-01-02,3.3264385067449322
2020-01-03,3.3015540271644763
2020-01-06,3.3112951961746946
2020-01-07,3.304672510047915
2020-01-08,3.3192849887220546
2020-01-09,3.369816869764022
2020-01-10,3.37038938061859
2020-01-13,3.4040933763920584
2020-01-14,3.3799933331766447
2020-01-15,3.377784921664531
2020-01-16,3.398921520773437
2020-01-17,3.4177606028339587
2020-01-21,3.402000676642454
2020-01-22,3.402669785296699
2020-01-23,3.400076409968655
2020-01-24,3.3706576275908127
2020-01-27,3.3100231116744134
2020-01-28,3.3566776769981104
2020-01-29,3.3872090065015263
2020-01-30,3.3802094906805658
2020-01-31,3.3505531296616535
2020-02-03,3.3820072844773637
2020-02-04,3.439530510547303
2020-02-05,3.441350673351459
2020-02-06,3.469965271530212
2020-02-07,3.4652414620146152
2020-02-10,3.5023316253865677
2020-02-11,3.487909295218506
2020-02-12,3.5132246419905813
2020-02-13,3.501308383412888
2020-02-14,3.5043368395871393
2020-02-18,3.504995004874918
2020-02-19,3.5294456368684632
2020-02-20,3.505600245066312
2020-02-21,3.441154126915411
2020-02-24,3.321840904834603
2020-02-25,3.2732651341200873
2020-02-26,3.289761095846282
2020-02-27,3.1567685575163535
2020-02-28,3.1661098192984665
2020-03-02,3.281803938384424
2020-03-03,3.199144349805531
2020-03-04,3.2865412843513924
2020-03-05,3.2119953227197295
2020-03-06,3.156398273780696
2020-03-09,2.9047049849284674
2020-03-10,3.0887366440033284
2020-03-11,2.9632258030419236
2020-03-12,2.7441436473453367
2020-03-13,2.963988306925697
2020-03-16,2.6698497424289895
2020-03-17,2.8076083398939615
2020-03-18,2.7338386940722867
2020-03-19,2.7754183302820383
2020-03-20,2.713665596736971
2020-03-23,2.6697577626417113
2020-03-24,2.844793925729638
2020-03-25,2.8330271358803705
2020-03-26,2.942617900707756
2020-03-27,2.8556210688959545
2020-03-30,2.9421405801483407
2020-03-31,2.9345780488715825
2020-04-01,2.840984062712794
2020-04-02,2.892761123595575
2020-04-03,2.8626111626416644
2020-04-06,3.01588620342759
2020-04-07,3.014444696496034
2020-04-08,3.05421923472302
2020-04-09,3.074934364608713
2020-04-13,3.086057836893295
2020-04-14,3.178066731355806
2020-04-15,3.1531261108912805
2020-04-16,3.1808268404266427
2020-04-17,3.1917038483069495
2020-04-20,3.170993026201407
2020-04-21,3.071623267447478
2020-04-22,3.1464547696830376
2020-04-23,3.151476060739499
2020-04-24,3.181119004223867
2020-04-27,3.1929490945751215
2020-04-28,3.1458229416425225
2020-04-29,3.248903984429488
2020-04-30,3.3001444085845435
2020-05-01,3.2191311860368645
2020-05-04,3.2089479269435395
2020-05-05,3.250889783804682
2020-05-06,3.263697033017624
2020-05-07,3.2811867697803674
2020-05-08,3.317876638443296
2020-05-11,3.3469500678900364
2020-05-12,3.3053012386657077
2020-05-13,3.2750249035551326
2020-05-14,3.2959713734960343
2020-05-15,3.3078990212425636
2020-05-18,3.3745731629268843
2020-05-19,3.393873693771651
2020-05-20,3.446668808533491
2020-05-21,3.4175319611288084
2020-05-22,3.4017544284176844
2020-05-26,3.4094668534444397
2020-05-27,3.4152941062213995
2020-05-28,3.3987747807906006
2020-05-29,3.4209244505565946
2020-06-01,3.4516538642066266
2020-06-02,3.4695088313106868
2020-06-03,3.489398265848359
2020-06-04,3.4573442786238227
2020-06-05,3.5146628882743474
2020-06-08,3.5332226732077805
2020-06-09,3.5741555110665155
2020-06-10,3.6176759374715215
2020-06-11,3.4823894362027157
2020-06-12,3.5039245145086473
2020-06-15,3.52073626894911
2020-06-16,3.587499594102728
2020-06-17,3.5949034642418574
2020-06-18,3.610103730667519
2020-06-19,3.6038978609005126
2020-06-22,3.6482610716636783
2020-06-23,3.703335347761187
2020-06-24,3.6442929225587224
2020-06-25,3.6659748083122183
2020-06-26,3.565350584649345
2020-06-29,3.5967444037570218
2020-06-30,3.649071406288983
2020-07-01,3.692502911588255
2020-07-02,3.723585158665467
2020-07-06,3.8213903622423957
2020-07-07,3.795914886229311
2020-07-08,3.879996562954131
2020-07-09,3.919818105543186
2020-07-10,3.9296064670363613
2020-07-13,3.8674824746770917
2020-07-14,3.8776860208141213
2020-07-15,3.880430925094429
2020-07-16,3.8387287415399487
2020-07-17,3.834946707550697
2020-07-20,3.9322586887962925
2020-07-21,3.9233142837268122
2020-07-22,3.908284741546606
2020-07-23,3.8220012529792378
2020-07-24,3.8011877247813417
2020-07-27,3.8326060830460795
2020-07-28,3.809743579087316
2020-07-29,3.8491894130813114
2020-07-30,3.857016238164858
2020-07-31,3.953492293726558
2020-08-03,4.002587082957278
2020-08-04,4.007955678124472
2020-08-05,4.036159739127494
2020-08-06,4.095990074220616
2020-08-07,4.039356071197077
2020-08-10,4.019958088564559
2020-08-11,3.9737796664351266
2020-08-12,4.0535325813413206
2020-08-13,4.060880316067116
2020-08-14,4.053072440333272
2020-08-17,4.0657805246707355
2020-08-18,4.126772273983306
2020-08-19,4.112884735565637
2020-08-20,4.161084067787337
2020-08-21,4.205816531079236
2020-08-24,4.2751458497888954
2020-08-25,4.309735535072588
2020-08-26,4.393555386678197
2020-08-27,4.379031507671978
2020-08-28,4.386711409910197
2020-08-31,4.411567696215926
2020-09-01,4.478052325786142
2020-09-02,4.521801842919194
2020-09-03,4.325118100070809
2020-09-04,4.276713091032626
2020-09-08,4.115123416739204
2020-09-09,4.2007436529337605
2020-09-10,4.120446114160859
2020-09-11,4.101969605035037
2020-09-14,4.141871528951365
2020-09-15,4.1775855270836235
2020-09-16,4.120413170967547
2020-09-17,4.073661290729758
2020-09-18,4.017621129049375
2020-09-21,4.030756194350957
2020-09-22,4.095368550714355
2020-09-23,3.9952301376394153
2020-09-24,4.0102159056563025
2020-09-25,4.076949731142326
2020-09-28,4.129144045294103
2020-09-29,4.1096151856949605
2020-09-30,4.147273736013726
2020-10-01,4.176767520383051
2020-10-02,4.099553660190518
2020-10-05,4.171061712714535
2020-10-06,4.106474779835271
2020-10-07,4.160690561041687
2020-10-08,4.185429013495482
2020-10-09,4.239810813371396
2020-10-12,4.374114213835186
2020-10-13,4.354032009907906
2020-10-14,4.324569563265601
2020-10-15,4.297241402481786
2020-10-16,4.286254870049696
2020-10-19,4.21595400225486
2020-10-20,4.246028246113631
2020-10-21,4.251198067736416
2020-10-22,4.249465717057239
2020-10-23,4.27213358950296
2020-10-26,4.199929543539505
2020-10-27,4.269869879225635
2020-10-28,4.125951517042674
2020-10-29,4.191200889548621
2020-10-30,4.093489551551024
2020-11-02,4.112019042205959
2020-11-03,4.13638812188596
2020-11-04,4.285148444467179
2020-11-05,4.372212895755024
2020-11-06,4.375455772968973
2020-11-09,4.338792165624461
2020-11-10,4.257229481604224
2020-11-11,4.3007068621545566
2020-11-12,4.289457905023677
2020-11-13,4.316951491745646
2020-11-16,4.3354353476206855
2020-11-17,4.307907855594547
2020-11-18,4.275412193492614
2020-11-19,4.285525930523808
2020-11-20,4.272971022398276
2020-11-23,4.251916360633527
2020-11-24,4.316824818292437
2020-11-25,4.3240383889949365
2020-11-27,4.346683540151692
2020-11-30,4.318219490429446
2020-12-01,4.388786606694537
2020-12-02,4.392170830045495
2020-12-03,4.389070785216685
2020-12-04,4.380376239672189
2020-12-07,4.380992571498827
2020-12-08,4.39049770006151
2020-12-09,4.331322190074849
2020-12-10,4.3272695171302695
2020-12-11,4.3328848675308995
2020-12-14,4.310263535357613
2020-12-15,4.355185828764699
2020-12-16,4.395634522816496
2020-12-17,4.396451437213272
2020-12-18,4.36500932820511
2020-12-21,4.379257359307386
2020-12-22,4.394225441978225
2020-12-23,4.3827873792217
2020-12-24,4.356312573432379
2020-12-28,4.421492402536111
2020-12-29,4.42985507113758
2020-12-30,4.4129864895456725
2020-12-31,4.408907917649598
2021-01-04,4.306301056581309
2021-01-05,4.349867778911395
2021-01-06,4.282705874926142
2021-01-07,4.366808062791761
2021-01-08,4.41239147768838
2021-01-11,4.342803549925335
2021-01-12,4.334877877306961
2021-01-13,4.370856005436729
2021-01-14,4.360457222153199
2021-01-15,4.34867699293187
2021-01-19,4.4176093987487715
2021-01-20,4.546049476045638
2021-01-21,4.592865845644355
2021-01-22,4.604841897213331
2021-01-25,4.690802230323734
2021-01-26,4.69085153159766
2021-01-27,4.610403825216546
2021-01-28,4.586505550275344
2021-01-29,4.4888021285903585
2021-02-01,4.604720194640367
2021-02-02,4.637723523232223
2021-02-03,4.665721371443799
2021-02-04,4.688364269883346
2021-02-05,4.6982131129573155
2021-02-08,4.7082213411476745
2021-02-09,4.709907363367275
2021-02-10,4.702496578495026
2021-02-11,4.71278149823135
2021-02-12,4.718678226876591
2021-02-16,4.708110162267173
2021-02-17,4.702960201639433
2021-02-18,4.673998297080365
2021-02-19,4.637981937509514
2021-02-22,4.521853569578448
2021-02-23,4.5132760479463805
2021-02-24,4.5161560527616755
2021-02-25,4.39016564393441
2021-02-26,4.395089183023568
2021-03-01,4.514126607875823
2021-03-02,4.449435967574389
2021-03-03,4.388441452083317
2021-03-04,4.337350890686481
2021-03-05,4.385848653188088
2021-03-08,4.269021298867016
2021-03-09,4.404872478725412
2021-03-10,4.388276810265322
2021-03-11,4.489195652389848
2021-03-12,4.429044890477916
2021-03-15,4.439576310857607
2021-03-16,4.461756614548399
2021-03-17,4.47474590371241
2021-03-18,4.371470996903886
2021-03-19,4.386050273463287
2021-03-22,4.45118734476826
2021-03-23,4.4455954762180605
2021-03-24,4.3696890859663675
2021-03-25,4.34210347448528
2021-03-26,4.375530669613035
2021-03-29,4.392326620447221
2021-03-30,4.37049767523964
2021-03-31,4.445866606680387
2021-04-01,4.511754621468919
2021-04-05,4.605427610487008
2021-04-06,4.5973903463844845
2021-04-07,4.610649255981294
2021-04-08,4.6538007127167695
2021-04-09,4.687187202990781
2021-04-12,4.692933777339588
2021-04-13,4.737757029723412
2021-04-14,4.688346445914962
2021-04-15,4.734909704090952
2021-04-16,4.743656896334925
2021-04-19,4.7123777492744
2021-04-20,4.685852531389867
2021-04-21,4.702240241266015
2021-04-22,4.654968724595429
2021-04-23,4.720025538579277
2021-04-26,4.747223968644152
2021-04-27,4.734197481191248
2021-04-28,4.740087245227726
2021-04-29,4.751840731001702
2021-04-30,4.723178302364484
2021-05-03,4.6988341882794264
2021-05-04,4.6283352474385016
2021-05-05,4.610267299470878
2021-05-06,4.646858338968037
2021-05-07,4.6556440358607185
2021-05-10,4.544744228274826
2021-05-11,4.531858980202772
2021-05-12,4.4446000396822125
2021-05-13,4.454240585125664
2021-05-14,4.535858458676995
2021-05-17,4.532992975867179
2021-05-18,4.5079718830213835
2021-05-19,4.509309107494324
2021-05-20,4.56632239764783
2021-05-21,4.517914828500244
2021-05-24,4.58472518249879
2021-05-25,4.606065282537231
2021-05-26,4.620786625236518
2021-05-27,4.597517088443856
2021-05-28,4.588081798259071
2021-06-01,4.606940477991535
2021-06-02,4.60659300895952
2021-06-03,4.551172380971855
2021-06-04,4.613230075170435
2021-06-07,4.622916970983404
2021-06-08,4.626686920994057
2021-06-09,4.632738998626113
2021-06-10,4.662661607845226
2021-06-11,4.665728112204285
2021-06-14,4.715125301203901
2021-06-15,4.689943718120211
2021-06-16,4.6840370118265335
2021-06-17,4.737187699971708
2021-06-18,4.707752451926811
2021-06-21,4.722759923646243
2021-06-22,4.754909345462615
2021-06-23,4.772608911256274
2021-06-24,4.781957583676709
2021-06-25,4.777697231742427
2021-06-28,4.830741283675597
2021-06-29,4.844016220528003
2021-06-30,4.829998831019938
2021-07-01,4.829666274794781
2021-07-02,4.884393417247907
2021-07-06,4.911404246933519
2021-07-07,4.919674749773586
2021-07-08,4.881946202080087
2021-07-09,4.917117827333405
2021-07-12,4.9262781859104035
2021-07-13,4.950992522251731
2021-07-14,4.980695959424311
2021-07-15,4.9449648784789515
2021-07-16,4.908469125697247
2021-07-19,4.843719774834637
2021-07-20,4.8956219253256235
2021-07-21,4.90967884458298
2021-07-22,4.951449353438449
2021-07-23,5.002740360973284
2021-07-26,4.985980812658082
2021-07-27,4.902767874477527
2021-07-28,4.935573997298842
2021-07-29,4.950550383275154
2021-07-30,4.88723790091525
2021-08-02,4.894230568695892
2021-08-03,4.912645513458397
2021-08-04,4.917735275802647
2021-08-05,4.935481302268756
2021-08-06,4.919614578895619
2021-08-09,4.928069477262611
2021-08-10,4.921949310677605
2021-08-11,4.914765425252538
2021-08-12,4.950261316872855
2021-08-13,4.951046699247109
2021-08-16,4.952720952148765
2021-08-17,4.890927373029192
2021-08-18,4.847369539332043
2021-08-19,4.8392878198897
2021-08-20,4.881788399139955
2021-08-23,4.932171464557689
2021-08-24,4.978329529558798
2021-08-25,4.983505357546769
2021-08-26,4.960762918458473
2021-08-27,4.99268087877814
2021-08-30,5.069080146339661
2021-08-31,5.080281722543189
2021-09-01,5.0998298137339315
2021-09-02,5.089830241401932
2021-09-03,5.101216656475166
2021-09-07,5.152660150492525
2021-09-08,5.132787916676974
2021-09-09,5.086350989485428
2021-09-10,5.0345655141983645
2021-09-13,5.041331007911633
2021-09-14,5.030653389929596
2021-09-15,5.055722234518607
2021-09-16,5.050068215346622
2021-09-17,4.994664506535396
2021-09-20,4.889706665721024
2021-09-21,4.894407362718229
2021-09-22,4.926542027442399
2021-09-23,4.955610683705332
2021-09-24,4.968285153836796
2021-09-27,4.951690567634157
2021-09-28,4.863019827763684
2021-09-29,4.845813549272458
2021-09-30,4.822217304603235
2021-10-01,4.862584574990243
2021-10-04,4.7740718561614
2021-10-05,4.840714487880136
2021-10-06,4.8794022627733025
2021-10-07,4.929302997471645
2021-10-08,4.933661855352143
2021-10-11,4.920957280675622
2021-10-12,4.897659838285363
2021-10-13,4.919986150061129
2021-10-14,4.992982020976106
2021-10-15,5.040259689395192
2021-10-18,5.095072155934022
2021-10-19,5.131754775330463
2021-10-20,5.119455517838441
2021-10-21,5.149075577331147
2021-10-22,5.085981638889337
2021-10-25,5.118157730052075
2021-10-26,5.124999374213854
2021-10-27,5.19616542650768
2021-10-28,5.255134249647735
2021-10-29,5.262657929008055
2021-11-01,5.258230540593982
2021-11-02,5.263363706832874
2021-11-03,5.310806866236739
2021-11-04,5.365298303554147
2021-11-05,5.369138546722508
2021-11-08,5.345991670596022
2021-11-09,5.3057464519269235
2021-11-10,5.255570635240119
2021-11-11,5.260994915989983
2021-11-12,5.31640036885473
2021-11-15,5.31183933074325
2021-11-16,5.338495178270313
2021-11-17,5.362276393816467
2021-11-18,5.416921879273689
2021-11-19,5.449598905158201
2021-11-22,5.376807399415941
2021-11-23,5.344627235159049
2021-11-24,5.358197894396339
2021-11-26,5.228319729876973
2021-11-29,5.3074441984796925
2021-11-30,5.268337032124179
2021-12-01,5.229404106677957
2021-12-02,5.228814128419168
2021-12-03,5.1387666533821
2021-12-06,5.195771238940104
2021-12-07,5.330452357052005
2021-12-08,5.373312295712885
2021-12-09,5.322532120096735
2021-12-10,5.374639407863194
2021-12-13,5.3047503518918795
2021-12-14,5.2555034093157476
2021-12-15,5.351034149362361
2021-12-16,5.222494398899648
2021-12-17,5.199075168880203
2021-12-20,5.1342718193927865
2021-12-21,5.2405697512162215
2021-12-22,5.312577895068373
2021-12-23,5.362338500943807
2021-12-27,5.4255603611928445
2021-12-28,5.407030465331227
2021-12-29,5.385270623130309
2021-12-30,5.383193358330047
2021-12-31,5.345834669540709
2022-01-03,5.430362601526776
2022-01-04,5.367397371359112
2022-01-05,5.195940297582573
2022-01-06,5.172026103578771
2022-01-07,5.138711681266402
2022-01-10,5.163291636917483
2022-01-11,5.231489755318853
2022-01-12,5.287570134395868
2022-01-13,5.175175928048099
2022-01-14,5.21957773336407
2022-01-18,5.102472064113606
2022-01-19,5.045770639882758
2022-01-20,5.00636005247794
2022-01-21,4.887769059302393
2022-01-24,4.882720359879067
2022-01-25,4.792095901286939
2022-01-26,4.836434787820866
2022-01-27,4.780516086480628
2022-01-28,4.926908955704575
2022-01-31,5.070030220011747
2022-02-01,5.084729159941959
2022-02-02,5.144231608187077
2022-02-03,4.921197442052867
2022-02-04,5.021437328998571
2022-02-07,4.974908884192057
2022-02-08,5.024146369287449
2022-02-09,5.096141398624113
2022-02-10,5.006729167421843
2022-02-11,4.874366006245995
2022-02-14,4.8894132349381945
2022-02-15,4.984423156359577
2022-02-16,4.9989572806556515
2022-02-17,4.867994912697385
2022-02-18,4.812829296991771
2022-02-22,4.776126926249535
2022-02-23,4.691101563798659
2022-02-24,4.82811080292444
2022-02-25,4.871777877514237
2022-02-28,4.897571853183945
2022-03-01,4.850129999740328
2022-03-02,4.936376666808447
2022-03-03,4.900831094922213
2022-03-04,4.824851851483152
2022-03-07,4.669231141194606
2022-03-08,4.6556345128878
2022-03-09,4.782630344748801
2022-03-10,4.713894042142328
2022-03-11,4.619358329037635
2022-03-14,4.479898516867292
2022-03-15,4.582882693940506
2022-03-16,4.78962853838784
2022-03-17,4.8610374520137
2022-03-18,4.951704831124371
2022-03-21,4.977267775022225
2022-03-22,5.081808956208845
2022-03-23,5.043663831601661
2022-03-24,5.122210074362226
2022-03-25,5.12020924275551
2022-03-28,5.18653183049776
2022-03-29,5.246272525240973
2022-03-30,5.202142877604094
2022-03-31,5.147394514092314
2022-04-01,5.15278172320728
2022-04-04,5.263627942727725
2022-04-05,5.17018479136736
2022-04-06,5.037171298698662
2022-04-07,5.032324854105322
2022-04-08,4.9578562315194
2022-04-11,4.819212334843482
2022-04-12,4.8254142792862655
2022-04-13,4.908118118587863
2022-04-14,4.802626954079664
2022-04-18,4.8214759142761
2022-04-19,4.886280955114215
2022-04-20,4.838841430581601
2022-04-21,4.753639171819166
2022-04-22,4.650970446223969
2022-04-25,4.694503849080203
2022-04-26,4.532184398257549
2022-04-27,4.547246818016722
2022-04-28,4.712844251324598
2022-04-29,4.544210692561225
2022-05-02,4.609753088979401
2022-05-03,4.618810801698893
2022-05-04,4.741474935899884
2022-05-05,4.526191623071531
2022-05-06,4.496489852884655
2022-05-09,4.361094241711746
2022-05-10,4.409891839281111
2022-05-11,4.2747524737118825
2022-05-12,4.217545693373057
2022-05-13,4.343936899833453
2022-05-16,4.336258068522494
2022-05-17,4.410070252439967
2022-05-18,4.219181717452206
2022-05-19,4.159062480812898
2022-05-20,4.141500501331212
2022-05-23,4.209251402527145
2022-05-24,4.125364403168332
2022-05-25,4.1831971011495765
2022-05-26,4.264638554588342
2022-05-27,4.394524187846958
2022-05-31,4.445814951375546
2022-06-01,4.418119135585926
2022-06-02,4.488695490403794
2022-06-03,4.369629101283716
2022-06-06,4.418127659046928
2022-06-07,4.432363009442669
2022-06-08,4.429684821643311
2022-06-09,4.325807630533634
2022-06-10,4.191083098325124
2022-06-13,4.009240975245349
2022-06-14,4.019890415699384
2022-06-15,4.1065875961560945
2022-06-16,3.9739800634481437
2022-06-17,4.01561293059221
2022-06-21,4.0962648376663875
2022-06-22,4.073062497889563
2022-06-23,4.1234469094707515
2022-06-24,4.247470954882757
2022-06-27,4.218746908011984
2022-06-28,4.120748375000481
2022-06-29,4.146273223302143
2022-06-30,4.072390450500623
2022-07-01,4.09105860232013
2022-07-05,4.154588291291409
2022-07-06,4.173362900648572
2022-07-07,4.260805030507792
2022-07-08,4.269990675625428
2022-07-11,4.176539917650011
2022-07-12,4.132345932321555
2022-07-13,4.100158738618213
2022-07-14,4.111241163149912
2022-07-15,4.156830934798909
2022-07-18,4.17153904743321
2022-07-19,4.28098412167015
2022-07-20,4.340223648078485
2022-07-21,4.392385739477937
2022-07-22,4.310866379964595
2022-07-25,4.279925349038347
2022-07-26,4.198927506017038
2022-07-27,4.396310342895531
2022-07-28,4.431437063898106
2022-07-29,4.5404926630180995
2022-08-01,4.524543107718804
2022-08-02,4.502577430453526
2022-08-03,4.6160235111854115
2022-08-04,4.638865475951716
2022-08-05,4.598654591552279
2022-08-08,4.562068712994549
2022-08-09,4.548436252953875
2022-08-10,4.661475693319608
2022-08-11,4.654618576501688
2022-08-12,4.740323379739082
2022-08-15,4.757932701782439
2022-08-16,4.73781664513204
2022-08-17,4.711300060136339
2022-08-18,4.7100876883091125
2022-08-19,4.63043462599164
2022-08-22,4.516899198224175
2022-08-23,4.513140062661686
2022-08-24,4.530000894452702
2022-08-25,4.604421888862361
2022-08-26,4.447816546495086
2022-08-29,4.385775915395593
2022-08-30,4.340491079886847
2022-08-31,4.304818016445449
2022-09-01,4.2976448335158794
2022-09-02,4.248439072879594
2022-09-06,4.21727026546634
2022-09-07,4.271291564501312
2022-09-08,4.258543167089342
2022-09-09,4.341713841612728
2022-09-12,4.417330457179686
2022-09-13,4.206116626074989
2022-09-14,4.229427043722794
2022-09-15,4.159907795259107
2022-09-16,4.1332782162362784
2022-09-19,4.157800680110117
2022-09-20,4.150535317199379
2022-09-21,4.078622781085099
2022-09-22,4.054999458342618
2022-09-23,3.9895856338071884
2022-09-26,3.947471197494671
2022-09-27,3.9588051739251497
2022-09-28,4.005760467777167
2022-09-29,3.909874636925678
2022-09-30,3.8493216692327508
2022-10-03,3.901477483973431
2022-10-04,3.999887345095121
2022-10-05,4.005101398559919
2022-10-06,3.9868736266445457
2022-10-07,3.8443581978280963
2022-10-10,3.8095889707645676
2022-10-11,3.756763580494632
2022-10-12,3.758041189157426
2022-10-13,3.821144743255925
2022-10-14,3.714398888670073
2022-10-17,3.828449951386204
2022-10-18,3.8621907463058265
2022-10-19,3.849557334134446
2022-10-20,3.832319273496015
2022-10-21,3.900813073754053
2022-10-24,3.925672312434633
2022-10-25,3.974445457318886
2022-10-26,3.820487096253218
2022-10-27,3.7150754606820997
2022-10-28,3.803405939035906
2022-10-31,3.7623395657559833
2022-11-01,3.7082379280318447
2022-11-02,3.58692557527872
2022-11-03,3.502579961983825
2022-11-04,3.553232198004891
2022-11-07,3.593770248896935
2022-11-08,3.6006489415464085
2022-11-09,3.5123860860602356
2022-11-10,3.750199039187491
2022-11-11,3.8347935984267942
2022-11-14,3.7850024689905766
2022-11-15,3.83587200567827
2022-11-16,3.8195580226172607
2022-11-17,3.814862545954544
2022-11-18,3.8045286353449588
2022-11-21,3.7363754105607
2022-11-22,3.786858903082066
2022-11-23,3.8293424423262135
2022-11-25,3.7914508702474525
2022-11-28,3.71426659150829
2022-11-29,3.7087971746582347
2022-11-30,3.881130837134149
2022-12-01,3.8759096967522635
2022-12-02,3.8660963102939783
2022-12-05,3.8039966292467726
2022-12-06,3.7224631492035356
2022-12-07,3.679897570765502
2022-12-08,3.712240140494996
2022-12-09,3.7040125465095692
2022-12-12,3.706460300788322
2022-12-13,3.7550478208136413
2022-12-14,3.7386662351833855
2022-12-15,3.6294616024116375
2022-12-16,3.589971441424247
2022-12-19,3.53665866368232
2022-12-20,3.5279634213591833
2022-12-21,3.571206210260981
2022-12-22,3.4937519967517696
2022-12-23,3.50029767361652
2022-12-27,3.4597520096419037
2022-12-28,3.425841957121883
2022-12-29,3.511667826846029
2022-12-30,3.506860815549798
2023-01-03,3.4432668806956976
2023-01-04,3.4126452405752943
2023-01-05,3.364803488670017
2023-01-06,3.423586102614989
2023-01-09,3.437232637468798
2023-01-10,3.4618835126294494
2023-01-11,3.535134543076657
2023-01-12,3.5565724583610883
2023-01-13,3.5765018342845347
2023-01-17,3.5736511764837093
2023-01-18,3.5426969385985445
2023-01-19,3.5371124575774813
2023-01-20,3.6181925851018772
2023-01-23,3.673235751747708
2023-01-24,3.672745634939945
2023-01-25,3.652683070447485
2023-01-26,3.7032363145441907
2023-01-27,3.726281427107072
2023-01-30,3.67113033996957
2023-01-31,3.7192815340634846
2023-02-01,3.7533690286888453
2023-02-02,3.859338917817326
2023-02-03,3.8114814542162256
2023-02-06,3.7617039081034953
2023-02-07,3.842058173401756
2023-02-08,3.785740630612161
2023-02-09,3.7469762610252015
2023-02-10,3.752881293814495
2023-02-13,3.8119358220871935
2023-02-14,3.808941596873413
2023-02-15,3.821996168568559
2023-02-16,3.767760608505068
2023-02-17,3.7413885674467005
2023-02-21,3.658857442906989
2023-02-22,3.657822610574783
2023-02-23,3.6616315771512213
2023-02-24,3.6100634776048577
2023-02-27,3.6049035039620634
2023-02-28,3.61378807244449
2023-03-01,3.5861170737942443
2023-03-02,3.617616099748944
2023-03-03,3.6818173162680194
2023-03-06,3.7142079065641735
2023-03-07,3.6842546718713307
2023-03-08,3.6935060469317476
2023-03-09,3.6581512515939543
2023-03-10,3.6180229509278097
2023-03-13,3.6538542929161384
2023-03-14,3.711282195568286
2023-03-15,3.7015157429286165
2023-03-16,3.7739811570556414
2023-03-17,3.7699414253865537
2023-03-20,3.7747901110082513
2023-03-21,3.839098038853417
2023-03-22,3.806534048110146
2023-03-23,3.844399188563379
2023-03-24,3.856858545369626
2023-03-27,3.8254041038592352
2023-03-28,3.80864053515266
2023-03-29,3.8641093213101603
2023-03-30,3.8851174346982456
2023-03-31,3.93318585612601
2023-04-03,3.9560071791761153
2023-04-04,3.9632267014124833
2023-04-05,3.9406760922177844
2023-04-06,3.987332329675179
2023-04-10,3.9545487128253867
2023-04-11,3.919596945990952
2023-04-12,3.9088820329518885
2023-04-13,3.9932695200704202
2023-04-14,3.985812950522532
2023-04-17,4.015877284428066
2023-04-18,4.013159002795605
2023-04-19,4.017425578683361
2023-04-20,4.013569942921682
2023-04-21,4.007307652311114
2023-04-24,4.004354243389255
2023-04-25,3.979557166537866
2023-04-26,4.02841546096348
2023-04-27,4.123167192976445
2023-04-28,4.126136478378841
2023-05-01,4.105740115276647
2023-05-02,4.073959037624903
2023-05-03,4.05098495285212
2023-05-04,4.036491799401478
2023-05-05,4.113775354280673
2023-05-08,4.1351905786171885
2023-05-09,4.1426426959450255
2023-05-10,4.19331806968596
2023-05-11,4.212498513800207
2023-05-12,4.202446056626295
2023-05-15,4.189672681940488
2023-05-16,4.196368421289654
2023-05-17,4.2367272347706395
2023-05-18,4.289627169627281
2023-05-19,4.284169528129874
2023-05-22,4.2835357875042295
2023-05-23,4.235165430649028
2023-05-24,4.22903281562069
2023-05-25,4.281707005053635
2023-05-26,4.340869579389212
2023-05-30,4.344117821741798
2023-05-31,4.315101263250758
2023-06-01,4.360989013564104
2023-06-02,4.39472583675432
2023-06-05,4.416146872042702
2023-06-06,4.422426503703354
2023-06-07,4.350307207950748
2023-06-08,4.383437825679705
2023-06-09,4.391287511229885
2023-06-12,4.437093401236954
2023-06-13,4.4424712522653715
2023-06-14,4.451638721250915
2023-06-15,4.501023591875364
2023-06-16,4.462610372862598
2023-06-20,4.442592803591027
2023-06-21,4.411546234797637
2023-06-22,4.47757975840982
2023-06-23,4.451895720557482
2023-06-26,4.4008745862187695
2023-06-27,4.443274385255416
2023-06-28,4.4560808966678795
2023-06-29,4.452274707150044
2023-06-30,4.508287928607445
2023-07-03,4.496017730572796
2023-07-05,4.493454183030787
2023-07-06,4.478167931347506
2023-07-07,4.460618874645451
2023-07-10,4.4111968707861875
2023-07-11,4.423759076260669
2023-07-12,4.464987669532796
2023-07-13,4.517158584367794
2023-07-14,4.533260512432001
2023-07-17,4.5504446576178355
2023-07-18,4.5808960146131215
2023-07-19,4.577847425843327
2023-07-20,4.520330487963918
2023-07-21,4.511063325540139
2023-07-24,4.528025702204641
2023-07-25,4.559172514648597
2023-07-26,4.557756528206458
2023-07-27,4.531476243401567
2023-07-28,4.594147394352126
2023-07-31,4.596256058206162
2023-08-01,4.576751550107858
2023-08-02,4.504980730562391
2023-08-03,4.5020177867136395
2023-08-04,4.488022911551031
2023-08-07,4.525085087444832
2023-08-08,4.517818551597698
2023-08-09,4.482796184131186
2023-08-10,4.505560776023871
2023-08-11,4.5013851602197335
2023-08-14,4.548548248671765
2023-08-15,4.500236901129079
2023-08-16,4.476591001927595
2023-08-17,4.468956341915626
2023-08-18,4.458116976719606
2023-08-21,4.4697860643567875
2023-08-22,4.474558005158166
2023-08-23,4.53102912642267
2023-08-24,4.462300179833244
2023-08-25,4.494979459708714
2023-08-28,4.509100879128966
2023-08-29,4.560197919640333
2023-08-30,4.605408381721369
2023-08-31,4.607459696736276
2023-09-01,4.619778953370247
2023-09-05,4.6164051820621745
2023-09-06,4.557569543887318
2023-09-07,4.536083470466549
2023-09-08,4.55936894917668
2023-09-11,4.597122620424587
2023-09-12,4.550099300949587
2023-09-13,4.571774280645883
2023-09-14,4.610267002056198
2023-09-15,4.557553004220968
2023-09-18,4.581671081946376
2023-09-19,4.576336336338543
2023-09-20,4.508308572891669
2023-09-21,4.450100579165267
2023-09-22,4.445710397386193
2023-09-25,4.4672087445548625
2023-09-26,4.400579501106169
2023-09-27,4.420100464927806
2023-09-28,4.436787838574994
2023-09-29,4.43260425128595
2023-10-02,4.467740543141345
2023-10-03,4.401076666356026
2023-10-04,4.433852154248561
2023-10-05,4.430810361308062
2023-10-06,4.488612043422533
2023-10-09,4.517093850329427
2023-10-10,4.525279008862007
2023-10-11,4.547020142696688
2023-10-12,4.545951258196948
2023-10-13,4.517130534727631
2023-10-16,4.542009576059523
2023-10-17,4.531473901400729
2023-10-18,4.491986592255866
2023-10-19,4.497860239950046
2023-10-20,4.442560438998117
2023-10-23,4.447828459566186
2023-10-24,4.471136359392329
2023-10-25,4.391529470951897
2023-10-26,4.313105546346833
2023-10-27,4.339817211869969
2023-10-30,4.39910927718014
2023-10-31,4.418338030083889
2023-11-01,4.480059606916142
2023-11-02,4.530410832522293
2023-11-03,4.547634941666371
2023-11-06,4.582626556705762
2023-11-07,4.621599167946419
2023-11-08,4.631380205890566
2023-11-09,4.607849927563754
2023-11-10,4.6884006347114155
2023-11-13,4.670234381963377
2023-11-14,4.723497670808132
2023-11-15,4.725906578026172
2023-11-16,4.765927016530518
2023-11-17,4.754069719220959
2023-11-20,4.7884018448054215
2023-11-21,4.767929243905787
2023-11-22,4.801721047692597
2023-11-24,4.788143872266473
2023-11-27,4.782619123995735
2023-11-28,4.797065248209123
2023-11-29,4.767437804169476
2023-11-30,4.763594502406665
2023-12-01,4.762163453568461
2023-12-04,4.715676808242803
2023-12-05,4.753745775454334
2023-12-06,4.720875847684319
2023-12-07,4.777385812682586
2023-12-08,4.79036277308658
2023-12-11,4.757955638399989
2023-12-12,4.77664686144546
2023-12-13,4.801315226249241
2023-12-14,4.775211350119918
2023-12-15,4.78987030142609
2023-12-18,4.820826014178142
2023-12-19,4.836013301362891
2023-12-20,4.8007245901062445
2023-12-21,4.828841961038899
2023-12-22,4.831198120129701
2023-12-26,4.832495146018262
2023-12-27,4.829105366058823
2023-12-28,4.832012112691153
2023-12-29,4.819254289963022
2024-01-02,4.681173690777811
2024-01-03,4.656729229134338
2024-01-04,4.619527744692598
2024-01-05,4.628234959834193
2024-01-08,4.733609832590088
2024-01-09,4.745353157250491
2024-01-10,4.78867446743649
2024-01-11,4.787118786536653
2024-01-12,4.79336582385587
2024-01-16,4.76965015947196
2024-01-17,4.74567679130839
2024-01-18,4.829557663508168
2024-01-19,4.899858939715524
2024-01-22,4.899703684985638
2024-01-23,4.922245148257081
2024-01-24,4.958061628816568
2024-01-25,4.957506831806085
2024-01-26,4.953852145694385
2024-01-29,4.990309162523417
2024-01-30,4.958952611368971
2024-01-31,4.817651521866423
2024-02-01,4.887289671336553
2024-02-02,5.032455438184967
2024-02-05,5.033705273198145
2024-02-06,5.046048223027869
2024-02-07,5.108886068137323
2024-02-08,5.11584910971132
2024-02-09,5.181038334944876
2024-02-12,5.136713742001296
2024-02-13,5.083814610437628
2024-02-14,5.135416145082326
2024-02-15,5.123778407079644
2024-02-16,5.089965527460373
2024-02-20,5.041051092124936
2024-02-21,5.046675073515981
2024-02-22,5.208762407297339
2024-02-23,5.195153634580093
2024-02-26,5.155576734848776
2024-02-27,5.1648830366386616
2024-02-28,5.140265288001274
2024-02-29,5.181314107158969
2024-03-01,5.219118282855399
2024-03-04,5.178099318633747
2024-03-05,5.097122330039654
2024-03-06,5.12698603052132
2024-03-07,5.219542227618229
2024-03-08,5.172018811002874
2024-03-11,5.141010818747051
2024-03-12,5.250064284418086
2024-03-13,5.228943897800962
2024-03-14,5.239736226369743
2024-03-15,5.187249547897994
2024-03-18,5.240506517450341
2024-03-19,5.27357705879029
2024-03-20,5.328634729697345
2024-03-21,5.307820574866043
2024-03-22,5.345667660644409
2024-03-25,5.318099128660364
2024-03-26,5.288390444904928
2024-03-27,5.294160325117963
2024-03-28,5.276912038828506
2024-04-01,5.3003315113968315
2024-04-02,5.266696338236111
2024-04-03,5.281935491040603
2024-04-04,5.220507888754647
2024-04-05,5.292645163488547
2024-04-08,5.289992583271283
2024-04-09,5.299802782980748
2024-04-10,5.290581756577004
2024-04-11,5.390898346582185
2024-04-12,5.327855502515083
2024-04-15,5.230429157446532
2024-04-16,5.209997389721385
2024-04-17,5.163862101820404
2024-04-18,5.132671895662893
2024-04-19,5.003055671649518
2024-04-22,5.058500465536333
2024-04-23,5.134649520459897
2024-04-24,5.133801042299921
2024-04-25,5.088144832759571
2024-04-26,5.220859175040828
2024-04-29,5.229838982877349
2024-04-30,5.126321884198984
2024-05-01,5.12608869229716
2024-05-02,5.203318922133994
2024-05-03,5.319937984998687
2024-05-06,5.382206658264321
2024-05-07,5.370352724997134
2024-05-08,5.368615541853611
2024-05-09,5.373776517453461
2024-05-10,5.379998604682824
2024-05-13,5.389154203953915
2024-05-14,5.428759598520492
2024-05-15,5.4969932071551755
2024-05-16,5.4881208918732485
2024-05-17,5.4861857309126565
2024-05-20,5.518280365968326
2024-05-21,5.5506077217050365
2024-05-22,5.540001670509619
2024-05-23,5.548023834199268
2024-05-24,5.615311075988282
2024-05-28,5.662634409732338
2024-05-29,5.649089938868756
2024-05-30,5.562850333629143
2024-05-31,5.554334840330101
2024-06-03,5.617951391239903
2024-06-04,5.618075818286098
2024-06-05,5.732038862115398
2024-06-06,5.735954189145997
2024-06-07,5.738555622875205
2024-06-10,5.757133087957673
2024-06-11,5.827603617852381
2024-06-12,5.9317890489530365
2024-06-13,5.939646900701445
2024-06-14,5.951553409970882
2024-06-17,6.000771085889321
2024-06-18,6.003315020156395
2024-06-20,5.9513958305049
2024-06-21,5.934966949173953
2024-06-24,5.869837785322632
2024-06-25,5.9640236095606
2024-06-26,6.021766647937198
2024-06-27,6.032478987111635
2024-06-28,5.963122499518453
2024-07-01,6.0492787814305355
2024-07-02,6.109252825968272
2024-07-03,6.176591801228241
2024-07-05,6.264016602653043
2024-07-08,6.273912291834598
2024-07-09,6.292576462788972
2024-07-10,6.381016183539968
2024-07-11,6.190911239331537
2024-07-12,6.217071441269219
2024-07-15,6.234175767782528
2024-07-16,6.208066476856322
2024-07-17,6.029025979840695
2024-07-18,6.008996957479077
2024-07-19,5.952662771112295
2024-07-22,6.045476244678031
2024-07-23,6.050249312310165
2024-07-24,5.797627531033198
2024-07-25,5.729248072928182
2024-07-26,5.775077822001149
2024-07-29,5.7879568824722565
2024-07-30,5.697794217116715
2024-07-31,5.8580059147557515
2024-08-01,5.750944869066904
2024-08-02,5.625017365114742
2024-08-05,5.396994424788763
2024-08-06,5.466994409883007
2024-08-07,5.442672512945816
2024-08-08,5.5775410226333655
2024-08-09,5.619022588280852
2024-08-12,5.654786911145562
2024-08-13,5.7945185883706225
2024-08-14,5.794317243980309
2024-08-15,5.9129006195335085
2024-08-16,5.928588710002092
2024-08-19,6.0088350382758415
2024-08-20,5.990274095743532
2024-08-21,6.003680902345528
2024-08-22,5.895712874378135
2024-08-23,5.978764593974987
2024-08-26,5.9386230859033216
2024-08-27,5.943671464695231
2024-08-28,5.887571202215484
2024-08-29,5.856856050981328
2024-08-30,5.921095067508871
2024-09-03,5.728680735599939
2024-09-04,5.698022906608451
2024-09-05,5.735967275921014
2024-09-06,5.588923007805048
2024-09-09,5.643175410966859
2024-09-10,5.691572402810496
2024-09-11,5.827566132292241
2024-09-12,5.891262108189902
2024-09-13,5.906144582343683
2024-09-16,5.861714654206236
2024-09-17,5.878306508831749
2024-09-18,5.869100012515464
2024-09-19,6.035312970823515
2024-09-20,6.011160074531143
2024-09-23,6.017061375156805
2024-09-24,6.064921152772934
2024-09-25,6.089068889823425
2024-09-26,6.099337597062139
2024-09-27,6.061527556778879
2024-09-30,6.083876347691084
2024-10-01,5.993796403855597
2024-10-02,5.990631242577973
2024-10-03,6.005219960941481
2024-10-04,6.072301065833974
2024-10-07,5.999849020997287
2024-10-08,6.096244311989412
2024-10-09,6.112773993005077
2024-10-10,6.120224393921039
2024-10-11,6.121501938903516
2024-10-14,6.180054846917608
2024-10-15,6.134569436113435
2024-10-16,6.142009243784624
2024-10-17,6.174568793870992
2024-10-18,6.196636648556015
2024-10-21,6.251578322641923
2024-10-22,6.268797200333149
2024-10-23,6.166381454630506
2024-10-24,6.221401160410226
2024-10-25,6.275179128068549
2024-10-28,6.2659709197260485
2024-10-29,6.314169970513265
2024-10-30,6.302658167507534
2024-10-31,6.103941464673873
2024-11-01,6.15928674886923
2024-11-04,6.1307578701524035
2024-11-05,6.214987455836931
2024-11-06,6.3717967868568826
2024-11-07,6.496553511153728
2024-11-08,6.48806287722896
2024-11-11,6.46570418669965
2024-11-12,6.487473653710493
2024-11-13,6.474872279532794
2024-11-14,6.460258438176068
2024-11-15,6.330714135602675
2024-11-18,6.3685121063770636
2024-11-19,6.4631877656951255
2024-11-20,6.437801338440086
2024-11-21,6.392448003533141
2024-11-22,6.368309636474916
2024-11-25,6.3515277514707655
2024-11-26,6.410087273901543
2024-11-27,6.368689681129924
2024-11-29,6.430400328713094
2024-12-02,6.5209025125881075
2024-12-03,6.571713654072214
2024-12-04,6.663184586530867
2024-12-05,6.691323860364899
2024-12-06,6.729907782276771
2024-12-09,6.715894060086334
2024-12-10,6.731733812840778
2024-12-11,6.861246031226676
2024-12-12,6.821359279371307
2024-12-13,6.804849228727502
2024-12-16,6.885328954964528
2024-12-17,6.884684762031011
2024-12-18,6.684019068754348
2024-12-19,6.720873536431188
2024-12-20,6.772864962880333
2024-12-23,6.851263047772372
2024-12-24,6.92992506931259
2024-12-26,6.898630708183734
2024-12-27,6.7929677680202705
2024-12-30,6.726089780194162
2024-12-31,6.6543449701101895
2025-01-02,6.615952526828104
2025-01-03,6.740406792721491
2025-01-06,6.868071014606627
2025-01-07,6.696458225509036
2025-01-08,6.690646036656388
2025-01-10,6.600258045136228
2025-01-13,6.552620214703187
2025-01-14,6.507825845475661
2025-01-15,6.690748485132238
2025-01-16,6.602082177475815
2025-01-17,6.699650245601735
2025-01-21,6.722156216697239
2025-01-22,6.835496839174225
2025-01-23,6.847789744196302
2025-01-24,6.8137340131437725
2025-01-27,6.5036493231317465
2025-01-28,6.710046031223087
2025-01-29,6.6482977869406135
2025-01-30,6.639518321165306
2025-01-31,6.634910265057201
2025-02-03,6.513681036562758
2025-02-04,6.616632325761328
2025-02-05,6.594159233488596
2025-02-06,6.645303933868074
2025-02-07,6.532275654386986
2025-02-10,6.594568220392285
2025-02-11,6.58567349852629
2025-02-12,6.579719467114236
2025-02-13,6.66420726218114
2025-02-14,6.697534596030498
2025-02-18,6.662260216479471
2025-02-19,6.6743333669974145
2025-02-20,6.660549950525262
2025-02-21,6.51988617646601
2025-02-24,6.417819107006098
2025-02-25,6.318897440468534
2025-02-26,6.340942166267655
2025-02-27,6.12658754868616
2025-02-28,6.232357652486907
2025-03-03,6.037227006526196
2025-03-04,6.029341491497437
2025-03-05,6.11500874582325
2025-03-06,5.951684895986231
2025-03-07,5.998194880970928
2025-03-10,5.740180709868747
2025-03-11,5.745392977933658
2025-03-12,5.847768410846872
2025-03-13,5.72153593783762
2025-03-14,5.863976617284377
2025-03-17,5.826336976819079
2025-03-18,5.712238930245379
2025-03-19,5.782046915637669
2025-03-20,5.777990531654862
2025-03-21,5.830649728632077
2025-03-24,5.983097004406048
2025-03-25,6.029563092489806
2025-03-26,5.877994516871309
2025-03-27,5.840825530414804
2025-03-28,5.676034586710536
2025-03-31,5.6657056810376965
2025-04-01,5.7353614227269905
2025-04-02,5.7734217647869475
2025-04-03,5.398410182250703
2025-04-04,5.122367970896039
2025-04-07,5.120164898719289
2025-04-08,5.0199796920664905
2025-04-09,5.658096336534587
2025-04-10,5.411369856855239
2025-04-11,5.538472352826934
2025-04-14,5.549320328428987
2025-04-15,5.530231171959387
2025-04-16,5.329035013465663
2025-04-17,5.29058419114769
2025-04-21,5.144089626965407
2025-04-22,5.2763232580122486
2025-04-23,5.436645139029615
2025-04-24,5.592132713073133
2025-04-25,5.703042748708102
2025-04-28,5.678297969887623
2025-04-29,5.696981032683887
2025-04-30,5.6757063018127845
2025-05-01,5.827224436892569
2025-05-02,5.889727024108459
2025-05-05,5.825129301875137
2025-05-06,5.786986929755055
2025-05-07,5.785790520358347
2025-05-08,5.84168849779253
2025-05-09,5.851557790531422
2025-05-12,6.160303519782092
2025-05-13,6.290998812622274
2025-05-14,6.3841314425758995
2025-05-15,6.340665769218764
2025-05-16,6.355138592768558
2025-05-19,6.354002615882337
2025-05-20,6.318113292122509
2025-05-21,6.253482743580818
2025-05-22,6.281291071595602
2025-05-23,6.19607437631075
2025-05-27,6.36048276715325
2025-05-28,6.348331603985355
2025-05-29,6.382255187860908
2025-05-30,6.340960478345393
2025-06-02,6.386308614728267
2025-06-03,6.4224946297728165
2025-06-04,6.457469516332697
2025-06-05,6.394618065818189
2025-06-06,6.473294044283539
2025-06-09,6.5047983893272985
2025-06-10,6.561121821635788
2025-06-11,6.530310835363252
2025-06-12,6.557642951852176
2025-06-13,6.485827247756202
2025-06-16,6.5840034603335535
2025-06-17,6.5274493320704
2025-06-18,6.534606017539744
2025-06-20,6.48237623770672
2025-06-23,6.5408756589728885
2025-06-24,6.61791584572109
2025-06-25,6.67550024996252
2025-06-26,6.742717790104332
2025-06-27,6.809212528265482
2025-06-30,6.823701533733644
2025-07-01,6.732558816676326
2025-07-02,6.8268888772267395
2025-07-03,6.8984217670407055
2025-07-07,6.8343874785457475
2025-07-08,6.823104044282132
2025-07-09,6.903115312153872
2025-07-10,6.922272001781829
2025-07-11,6.941212299883833
2025-07-14,6.930444457215009
2025-07-15,6.995110655200418
2025-07-16,7.00019451726709
2025-07-17,7.0482075335091965
2025-07-18,7.057706966749293
2025-07-21,7.088746213056331
2025-07-22,7.0271909842810825
2025-07-23,7.082478594875328
2025-07-24,7.11414090400663
2025-07-25,7.138356309130255
2025-07-28,7.180267346763794
2025-07-29,7.14870673659053
2025-07-30,7.174191078557874
2025-07-31,7.234513000580387
2025-08-01,7.042669690718099
2025-08-04,7.171253672768828
2025-08-05,7.119997230248912
2025-08-06,7.236270684318355
2025-08-07,7.288959623743548
2025-08-08,7.3804463067619315
2025-08-11,7.359601512964986
2025-08-12,7.442979769732178
2025-08-13,7.414008215585591
2025-08-14,7.444065299432183
2025-08-15,7.412111970953057
2025-08-18,7.4084485081733495
2025-08-19,7.27440366710927
2025-08-20,7.202777748805806
2025-08-21,7.170245854563867
2025-08-22,7.307062289306619
2025-08-25,7.328532520547588
2025-08-26,7.362083001048475
2025-08-27,7.375822872517481
2025-08-28,7.414157364749244
2025-08-29,7.306772403260116
2025-09-02,7.239364088248509
2025-09-03,7.369055571158509
2025-09-04,7.452753076017796
2025-09-05,7.457017123461295
2025-09-08,7.483572192946766
2025-09-09,7.51980560003252
2025-09-10,7.561554866535067
2025-09-11,7.582751538721842
2025-09-12,7.654319237345582
2025-09-15,7.762371265436798
2025-09-16,7.762022104763843
2025-09-17,7.717847589069157
2025-09-18,7.772619091476563
2025-09-19,7.845193508101723
2025-09-22,7.930765174279101
2025-09-23,7.847198012199293
2025-09-24,7.8300210935911485
2025-09-25,7.798109575825601
2025-09-26,7.818815848050054
2025-09-29,7.838333387715302
2025-09-30,7.870374762862894
2025-10-01,7.914916946532266
2025-10-02,7.928057554183997
2025-10-03,7.903717598603447
2025-10-06,7.9739051539199
2025-10-07,7.907845443693013
2025-10-08,7.995436580359911
2025-10-09,7.993642749064674
2025-10-10,7.695113693738411
2025-10-13,7.903375706186647
2025-10-14,7.792750060355159
2025-10-15,7.85886539355617
2025-10-16,7.851085402240633
2025-10-17,7.890638689538185
2025-10-20,7.982216441090239
2025-10-21,7.951846430605387
2025-10-22,7.9262653522551085
2025-10-23,7.977878568938624
2025-10-24,8.07641497392241
2025-10-27,8.249814079781798
2025-10-28,8.379142876071922
2025-10-29,8.483469436726796
2025-10-30,8.321450740495742
2025-10-31,8.351345763388494
2025-11-03,8.411706319697908
2025-11-04,8.248554100683004
2025-11-05,8.265493058029062
2025-11-06,8.128937273826196
2025-11-07,8.07717528879219
2025-11-10,8.294049343387728
2025-11-11,8.265266431149154
2025-11-12,8.215299961039312
2025-11-13,8.024580714678148
2025-11-14,8.055113737965641
2025-11-17,8.022261264978022
2025-11-18,7.89858235338915
2025-11-19,7.985877801600592
2025-11-20,7.851052473899956
2025-11-21,7.88437884730912
2025-11-24,8.126714680021
2025-11-25,8.148931197024215
2025-11-26,8.205645965765703
2025-11-28,8.243302071166887
2025-12-01,8.21257137623803
2025-12-02,8.257170798710474
2025-12-03,8.230001965435655
2025-12-04,8.253949500027382
2025-12-05,8.284201754805572
2025-12-08,8.287614512667002
2025-12-09,8.307230549322403
2025-12-10,8.320450867356346
2025-12-11,8.244225897231058
2025-12-12,8.0815341618738
2025-12-15,8.031797852828303
2025-12-16,8.060264444533493
2025-12-17,7.884320819108688
2025-12-18,8.014697754429896
2025-12-19,8.113049749027406
2025-12-22,8.152710532893483
2025-12-23,8.252432883716176
2025-12-24,8.26308079504464
2025-12-26,8.267880875717358
2025-12-29,8.22323427919442
2025-12-30,8.216438005437475
2025-12-31,8.181428894741309
2026-01-02,8.119630264756557
2026-01-05,8.130799696056602
2026-01-06,8.125051719417645
2026-01-07,8.15040378274288
2026-01-08,8.114949041766094
2026-01-09,8.172708587677576
2026-01-12,8.207570229967866
2026-01-13,8.209231622063486
2026-01-14,8.08856617593593
2026-01-15,8.119773837584797
2026-01-16,8.114710001617187
2026-01-20,7.868918974752098
2026-01-21,7.923562945611365
2026-01-22,8.022853712784947
2026-01-23,8.096718424085061
2026-01-26,8.15160652850373
2026-01-27,8.246243201485292
2026-01-28,8.272422459546277
2026-01-29,8.215961631944854
2026-01-30,8.179530108206299
2026-02-02,8.193025300311001
2026-02-03,8.057593871665697
2026-02-04,7.945132681090818
2026-02-05,7.833697664400284
2026-02-06,7.954581190303568
2026-02-09,8.049767579542026
2026-02-10,8.01590438655003
2026-02-11,7.996513039746203
2026-02-12,7.831670656097448
2026-02-13,7.737763848791534
2026-02-17,7.766431257941955
2026-02-18,7.821949147309386
2026-02-19,7.803847613809631
2026-02-20,7.912981366188558
2026-02-23,7.847924350724453
2026-02-24,7.925861321224618
2026-02-25,8.02939842364943
2026-02-26,7.865902738513641
2026-02-27,7.746594595705599
2026-03-02,7.805520791763986
2026-03-03,7.761271265127094
2026-03-04,7.829256836526108
2026-03-05,7.840989181057763
2026-03-06,7.710505939182496
2026-03-09,7.851879679582358
2026-03-10,7.864753879594721
2026-03-11,7.894205063583455
2026-03-12,7.750101100339315
2026-03-13,7.631806239319191
2026-03-16,7.730270068134962
2026-03-17,7.758055404853269
2026-03-18,7.650162895476481
2026-03-19,7.603704161440005
2026-03-20,7.45604317214451
2026-03-23,7.569173261933073
2026-03-24,7.482384166390339
2026-03-25,7.541337441563338
2026-03-26,7.334865467717602
2026-03-27,7.172779649741492
2026-03-30,7.131982189999725
2026-03-31,7.4418189881137256
2026-04-01,7.526597435343475
2026-04-02,7.516903426557308
2026-04-06,7.547058497404616
2026-04-07,7.574757867736096
2026-04-08,7.768157517496703
2026-04-09,7.8606560684582885
2026-04-10,7.938322632382653
2026-04-13,8.027166880296113
2026-04-14,8.206245127022319
2026-04-15,8.37458457509597
2026-04-16,8.369186228574495
2026-04-17,8.497112538568986
2026-04-20,8.433164489047487
2026-04-21,8.385286974708878
2026-04-22,8.563701349654666
2026-04-23,8.460899825102404
2026-04-24,8.629920608023127
2026-04-27,8.689231154473548
2026-04-28,8.635884582850775
2026-04-29,8.611619639607902
2026-04-30,8.611095994238744
2026-05-01,8.688568540940993
2026-05-04,8.671074345703934
2026-05-05,8.72311716035427
2026-05-06,8.893881892188514
2026-05-07,8.921421885560328
2026-05-08,9.011284371125052
2026-05-11,8.980844132104938
2026-05-12,8.953488661999177
2026-05-13,9.096239633939776
2026-05-14,9.204838306675818
2026-05-15,9.07917508191451
2026-05-18,9.018268296282926
2026-05-19,8.930114995085608
2026-05-20,9.033280184273364
2026-05-21,9.020706679868965
2026-05-22,8.9895938976096
2026-05-26,9.032297643257891
2026-05-27,9.080000879733582
2026-05-28,9.158381790024237
2026-05-29,9.158995543659456
2026-06-01,9.182714549678305
2026-06-02,9.165108486300202
2026-06-03,9.017771008876474
2026-06-04,9.029829060985488
2026-06-05,8.700103082478929
2026-06-08,8.707838472610606
2026-06-09,8.614735075247996
2026-06-10,8.416192494641765
2026-06-11,8.522219245861447
2026-06-12,8.50470201193066
