universe,top_n,weighting,mode,interval,train_cagr,train_vol,train_sharpe,train_maxdd,train_mult,train_xsp,test_cagr,test_vol,test_sharpe,test_maxdd,test_mult,test_xsp,full_cagr,full_vol,full_sharpe,full_maxdd,full_mult,full_xsp,config
nasdaq10,1,capweight,full,M,0.13513153324400418,0.27920122189249796,0.4839933447570457,-0.5794192461835603,4.5687849652830534,1.6818951597053353,0.24143483710561164,0.2818342215685175,0.8566555039410491,-0.3650952633346978,6.20572503636191,1.9634284294474114,0.17882696194598258,0.28036434156211243,0.6378377540795962,-0.5794192461835603,28.860267010612002,3.333575764656857,nasdaq10/top1/cap/full/M
nasdaq10,1,capweight,full,Q,0.13513153324400418,0.27920122189249796,0.4839933447570457,-0.5794192461835603,4.5687849652830534,1.6818951597053353,0.24143483710561164,0.2818342215685175,0.8566555039410491,-0.3650952633346978,6.20572503636191,1.9634284294474114,0.17882696194598258,0.28036434156211243,0.6378377540795962,-0.5794192461835603,28.860267010612002,3.333575764656857,nasdaq10/top1/cap/full/Q
nasdaq10,1,capweight,full,SA,0.13513153324400418,0.27920122189249796,0.4839933447570457,-0.5794192461835603,4.5687849652830534,1.6818951597053353,0.24143483710561164,0.2818342215685175,0.8566555039410491,-0.3650952633346978,6.20572503636191,1.9634284294474114,0.17882696194598258,0.28036434156211243,0.6378377540795962,-0.5794192461835603,28.860267010612002,3.333575764656857,nasdaq10/top1/cap/full/SA
nasdaq10,1,capweight,full,A,0.13513153324400418,0.27920122189249796,0.4839933447570457,-0.5794192461835603,4.5687849652830534,1.6818951597053353,0.24143483710561164,0.2818342215685175,0.8566555039410491,-0.3650952633346978,6.20572503636191,1.9634284294474114,0.17882696194598258,0.28036434156211243,0.6378377540795962,-0.5794192461835603,28.860267010612002,3.333575764656857,nasdaq10/top1/cap/full/A
nasdaq10,3,capweight,full,M,0.14980762688948057,0.23177211985874155,0.6463574090826111,-0.5895121251822009,5.329326246604339,1.9618712823572613,0.21708637431549227,0.2485914673873243,0.8732655895113861,-0.3477066822907724,5.250254579581519,1.6611272724758284,0.177860278391627,0.2394342272235349,0.7428356440684535,-0.5895121251822009,28.380404811718172,3.2781481071088785,nasdaq10/top3/cap/full/M
nasdaq10,3,capweight,full,Q,0.15021960123178157,0.23174003374879737,0.6482246455293836,-0.5895239656746619,5.352259083168542,1.9703134890071115,0.21709052976641918,0.24859163835281678,0.8732817049071889,-0.3477087439867017,5.250405888991126,1.6611751452376289,0.17810948381285252,0.2394171245180143,0.7439295922186683,-0.5895239656746619,28.503379340155327,3.292352580945433,nasdaq10/top3/cap/full/Q
nasdaq10,3,capweight,full,SA,0.14927433915960298,0.23182082469859996,0.6439211807381017,-0.5895364591241568,5.2997741656574044,1.9509923501506568,0.21708902984603284,0.24858989337860166,0.8732818011849215,-0.3477022267087815,5.250351273038639,1.6611578653044727,0.17754097898968202,0.23945956114047856,0.7414236380627454,-0.5895364591241568,28.223578591129055,3.260033510732262,nasdaq10/top3/cap/full/SA
nasdaq10,3,capweight,full,A,0.14950243030629418,0.23177347105745333,0.6450368526829141,-0.589513814012256,5.312395379876334,1.9556385655592883,0.21710858678820721,0.2485893851867255,0.8733622581073935,-0.34768335200841005,5.251063430825789,1.6613831848017675,0.17768584472524473,0.23943401985262885,0.7421077624416531,-0.589513814012256,28.294628032739563,3.2682402503496784,nasdaq10/top3/cap/full/A
nasdaq10,3,capweight,drift_band,M,0.14435805935812374,0.225389449601933,0.6404827715453354,-0.5808951603122974,5.034328162307847,1.8532743897762427,0.2189640838241289,0.2476099447224456,0.8843105395850445,-0.3440003161961951,5.319019117421109,1.682883674466081,0.1765347740034766,0.23591693601215172,0.7482920768112366,-0.5808951603122974,27.734746951518968,3.203569815985347,nasdaq10/top3/cap/drift_band/M
nasdaq10,3,capweight,drift_band,Q,0.14378702376502894,0.22524638883687756,0.6383544016288708,-0.5812192182115401,5.004299346440521,1.8422199583589811,0.2189640838241289,0.2476099447224456,0.8843105395850445,-0.3440003161961951,5.319019117421109,1.682883674466081,0.1761811113727112,0.23584043583076358,0.7470352179095223,-0.5812192182115401,27.56485222601244,3.1839457099684716,nasdaq10/top3/cap/drift_band/Q
nasdaq10,3,capweight,drift_band,SA,0.14399587952174042,0.22339142067207926,0.6445900164318077,-0.5713940110364139,5.015263264069048,1.8462560773995904,0.2189640838241289,0.2476099447224456,0.8843105395850445,-0.3440003161961951,5.319019117421109,1.682883674466081,0.17579943098307615,0.23496081074210728,0.7482074582047361,-0.5713940110364139,27.382608850347914,3.16289524289687,nasdaq10/top3/cap/drift_band/SA
nasdaq10,3,capweight,drift_band,A,0.14399587952174042,0.22339142067207926,0.6445900164318077,-0.5713940110364139,5.015263264069048,1.8462560773995904,0.2189640838241289,0.2476099447224456,0.8843105395850445,-0.3440003161961951,5.319019117421109,1.682883674466081,0.17579943098307615,0.23496081074210728,0.7482074582047361,-0.5713940110364139,27.382608850347914,3.16289524289687,nasdaq10/top3/cap/drift_band/A
nasdaq10,3,capweight,no_sell,M,0.1430904922748264,0.23023067698031238,0.6215092365256887,-0.5894794974091415,4.967893416208039,1.8288179360909471,0.21718035038475692,0.2444395908589426,0.8884827110927541,-0.3344775784241867,5.253677401458073,1.6622102185847814,0.17532640458294324,0.23637878382789754,0.7417180245355469,-0.5894794974091415,27.158339802505534,3.136990497719872,nasdaq10/top3/cap/no_sell/M
nasdaq10,3,capweight,no_sell,Q,0.1430904922748264,0.23023067698031238,0.6215092365256887,-0.5894794974091415,4.967893416208039,1.8288179360909471,0.21718035038475692,0.2444395908589426,0.8884827110927541,-0.3344775784241867,5.253677401458073,1.6622102185847814,0.17532640458294324,0.23637878382789754,0.7417180245355469,-0.5894794974091415,27.158339802505534,3.136990497719872,nasdaq10/top3/cap/no_sell/Q
nasdaq10,3,capweight,no_sell,SA,0.1430904922748264,0.23023067698031238,0.6215092365256887,-0.5894794974091415,4.967893416208039,1.8288179360909471,0.21718035038475692,0.2444395908589426,0.8884827110927541,-0.3344775784241867,5.253677401458073,1.6622102185847814,0.17532640458294324,0.23637878382789754,0.7417180245355469,-0.5894794974091415,27.158339802505534,3.136990497719872,nasdaq10/top3/cap/no_sell/SA
nasdaq10,3,capweight,no_sell,A,0.1430904922748264,0.23023067698031238,0.6215092365256887,-0.5894794974091415,4.967893416208039,1.8288179360909471,0.21718035038475692,0.2444395908589426,0.8884827110927541,-0.3344775784241867,5.253677401458073,1.6622102185847814,0.17532640458294324,0.23637878382789754,0.7417180245355469,-0.5894794974091415,27.158339802505534,3.136990497719872,nasdaq10/top3/cap/no_sell/A
nasdaq10,3,equal,full,M,0.16249372741290702,0.23126972272652038,0.7026156536930607,-0.5829789495233229,6.078441896180359,2.23764131632807,0.21702301159480175,0.24842981422309507,0.8735787702192244,-0.35357101090789866,5.247947875081571,1.6603974545791291,0.185411264085926,0.2390883130513681,0.7754927947736635,-0.5829789495233229,32.339982739015916,3.7355088450347087,nasdaq10/top3/equal/full/M
nasdaq10,3,equal,full,Q,0.16386704804278618,0.23115696567740712,0.7088994595623482,-0.5844159681335486,6.165074100594388,2.2695330088427625,0.21689618207337746,0.24863289426808444,0.872355135115439,-0.3554416122490991,5.24333336074254,1.6589374690676444,0.18617331447687602,0.2391222986777336,0.7785694412706479,-0.5844159681335486,32.76755517888251,3.784896646008635,nasdaq10/top3/equal/full/Q
nasdaq10,3,equal,full,SA,0.16416216993345012,0.23138548692937672,0.7094747908003217,-0.5906933559150188,6.183838164513339,2.276440575848322,0.21678284861633235,0.24856865541682424,0.8721246379709849,-0.3560412548909416,5.2392129083341485,1.6576337997375634,0.18629759925857958,0.23921394934444967,0.7787907008312688,-0.5906933559150188,32.837796997972866,3.7930100992105378,nasdaq10/top3/equal/full/SA
nasdaq10,3,equal,full,A,0.15881157640131582,0.23183204964793766,0.6850285654743966,-0.5945445891949419,5.851640182247017,2.154149379680592,0.21515427393988173,0.24890448112860278,0.8644049836479917,-0.3552584391984773,5.180317394230197,1.6389998567122033,0.1824553265176676,0.2396094569401896,0.7614696383340638,-0.5945445891949419,30.731137885181145,3.549675283208533,nasdaq10/top3/equal/full/A
nasdaq10,3,equal,drift_band,M,0.16149723798868232,0.22853667093236793,0.7066578738975114,-0.5731132104647221,6.016281192331407,2.2147582549185576,0.22074164870157698,0.24533734778447705,0.8997474322396817,-0.3462090335906538,5.384846496438099,1.7037107892094274,0.18666365544295838,0.23633588287599577,0.7898235899323838,-0.5731132104647221,33.045513339862424,3.8170028835805367,nasdaq10/top3/equal/drift_band/M
nasdaq10,3,equal,drift_band,Q,0.15946195939518226,0.2243118343459621,0.7108940991015206,-0.5752185952221951,5.891127613194329,2.168685786949514,0.2157580152271008,0.247368204434638,0.8722140168346109,-0.34805352594324224,5.20208256179515,1.6458861348696008,0.1830568630470193,0.2348179798867129,0.7795691928502853,-0.5752185952221951,31.052240731967824,3.586765053293363,nasdaq10/top3/equal/drift_band/Q
nasdaq10,3,equal,drift_band,SA,0.15932749470809138,0.22888127327799196,0.696114157467908,-0.59301734058462,5.882943736910582,2.1656730774405633,0.218838155393819,0.24762108352794454,0.8837622074661614,-0.3491347251652258,5.314382718272042,1.681416764822775,0.1840324168224674,0.23733867092158398,0.775400047989951,-0.59301734058462,31.57978924650307,3.6477008354220857,nasdaq10/top3/equal/drift_band/SA
nasdaq10,3,equal,drift_band,A,0.15513925763627712,0.2304488907889925,0.6732046186255171,-0.59301734058462,5.633193984347846,2.073733337845739,0.21566672429493927,0.24848321268926982,0.8679327748576408,-0.3491347251652258,5.198786315023817,1.64484323583953,0.18110732278113417,0.2388198996732168,0.75834268010726,-0.59301734058462,30.02299681456974,3.4678797159644628,nasdaq10/top3/equal/drift_band/A
nasdaq10,3,equal,no_sell,M,0.15005613897457448,0.23357898493079274,0.6424214019897154,-0.5957787243477365,5.343149041105202,1.9669598324512716,0.21723337335360826,0.24383883254983374,0.8908891626571085,-0.3352995898020976,5.2556094863140554,1.6628215106275506,0.17983331729391794,0.23888494400865118,0.7528030619100269,-0.5957787243477365,29.36801539588433,3.3922244844024196,nasdaq10/top3/equal/no_sell/M
nasdaq10,3,equal,no_sell,Q,0.15005613897457448,0.23357898493079274,0.6424214019897154,-0.5957787243477365,5.343149041105202,1.9669598324512716,0.21723337335360826,0.24383883254983374,0.8908891626571085,-0.3352995898020976,5.2556094863140554,1.6628215106275506,0.17983331729391794,0.23888494400865118,0.7528030619100269,-0.5957787243477365,29.36801539588433,3.3922244844024196,nasdaq10/top3/equal/no_sell/Q
nasdaq10,3,equal,no_sell,SA,0.15005613897457448,0.23357898493079274,0.6424214019897154,-0.5957787243477365,5.343149041105202,1.9669598324512716,0.21723337335360826,0.24383883254983374,0.8908891626571085,-0.3352995898020976,5.2556094863140554,1.6628215106275506,0.17983331729391794,0.23888494400865118,0.7528030619100269,-0.5957787243477365,29.36801539588433,3.3922244844024196,nasdaq10/top3/equal/no_sell/SA
nasdaq10,3,equal,no_sell,A,0.15005613897457448,0.23357898493079274,0.6424214019897154,-0.5957787243477365,5.343149041105202,1.9669598324512716,0.21723337335360826,0.24383883254983374,0.8908891626571085,-0.3352995898020976,5.2556094863140554,1.6628215106275506,0.17983331729391794,0.23888494400865118,0.7528030619100269,-0.5957787243477365,29.36801539588433,3.3922244844024196,nasdaq10/top3/equal/no_sell/A
nasdaq10,5,capweight,full,M,0.13716425884502903,0.22571525939547626,0.6076871329496744,-0.584927361040634,4.667821477382631,1.718353218379598,0.24051177527939416,0.24932893109434384,0.9646364512283039,-0.4143216981782408,6.166884826505723,1.9511397811765805,0.1796383532512873,0.23658176207022671,0.759307698443651,-0.584927361040634,29.268989060985223,3.3807862052638007,nasdaq10/top5/cap/full/M
nasdaq10,5,capweight,full,Q,0.13729704387686814,0.2256908893499483,0.6083410999545498,-0.584934803057201,4.6743588656427235,1.7207598104506439,0.24050342161612304,0.2493281694295852,0.964605893374778,-0.41432908975878546,6.16653430527219,1.9510288798151745,0.17971587860995664,0.23656854749133344,0.7596778207235704,-0.584934803057201,29.30832772714549,3.385330114163797,nasdaq10/top5/cap/full/Q
nasdaq10,5,capweight,full,SA,0.13666355813709763,0.22571997121733026,0.6054562093024266,-0.5849451144069171,4.643245849162103,1.7093062550261227,0.24050233464665816,0.2493264005972969,0.9646083770932422,-0.41431733773879587,6.166488697126656,1.9510144498607322,0.17933001291906292,0.2365831567161964,0.7579999160049505,-0.5849451144069171,29.11302452931631,3.3627711403745404,nasdaq10/top5/cap/full/SA
nasdaq10,5,capweight,full,A,0.13753897474361487,0.22574677199772625,0.6092621990847346,-0.5849261967628756,4.686291394778161,1.72515250197551,0.24050740447519092,0.2493240959322952,0.9646376278869633,-0.4142977594712025,6.166701424573958,1.9510817546664252,0.1798646041076244,0.23659596241913056,0.7602184004687013,-0.5849261967628756,29.383936266060022,3.3940634634718236,nasdaq10/top5/cap/full/A
nasdaq10,5,capweight,drift_band,M,0.12769074167213446,0.22424917670738967,0.5694145394288382,-0.5822096007048073,4.222461869197937,1.554404121403944,0.24192080442587982,0.24548280466346878,0.9854898177390792,-0.39756566911339175,6.226259886201282,1.969925447560978,0.1726479397302214,0.23301791058496582,0.7409213278790792,-0.5822096007048073,25.921027206566013,2.994071678513799,nasdaq10/top5/cap/drift_band/M
nasdaq10,5,capweight,drift_band,Q,0.127760448050529,0.22397775263721803,0.5704157959717793,-0.5822178124673544,4.225591414508677,1.5555561929394197,0.24192080442587982,0.24548280466346878,0.9854898177390792,-0.39756566911339175,6.226259886201282,1.969925447560978,0.17445393052913638,0.23287025635711214,0.7491464700481416,-0.5822178124673544,26.749261416856513,3.0897388977349136,nasdaq10/top5/cap/drift_band/Q
nasdaq10,5,capweight,drift_band,SA,0.12853437429083026,0.2239823153642944,0.5738594767259927,-0.5822178124673544,4.260480818602492,1.5683999403068896,0.24192080442587982,0.24548280466346878,0.9854898177390792,-0.39756566911339175,6.226259886201282,1.969925447560978,0.1748471843980668,0.23286046228559834,0.7508667752433665,-0.5822178124673544,26.93291624130447,3.110952397652184,nasdaq10/top5/cap/drift_band/SA
nasdaq10,5,capweight,drift_band,A,0.12949922339313513,0.2243047842838977,0.5773359841902916,-0.5822178124673544,4.304346955896084,1.5845482695781692,0.24192080442587982,0.24548280466346878,0.9854898177390792,-0.39756566911339175,6.226259886201282,1.969925447560978,0.17322892735861184,0.23211595797285012,0.7463033945252221,-0.5822178124673544,26.184771832596084,3.0245361469495564,nasdaq10/top5/cap/drift_band/A
nasdaq10,5,capweight,no_sell,M,0.12886807890073637,0.22622529469539374,0.5696448713847573,-0.5810824743582014,4.275605878812758,1.5739678901559635,0.22981300867484866,0.24340179867094136,0.9441713657405483,-0.3940165174523381,5.732092462885903,1.8135758893451335,0.17196635516445213,0.23251147637401393,0.7396037298728001,-0.5810824743582014,25.614836231977076,2.958704340717824,nasdaq10/top5/cap/no_sell/M
nasdaq10,5,capweight,no_sell,Q,0.12886807890073637,0.22622529469539374,0.5696448713847573,-0.5810824743582014,4.275605878812758,1.5739678901559635,0.22981300867484866,0.24340179867094136,0.9441713657405483,-0.3940165174523381,5.732092462885903,1.8135758893451335,0.17196635516445213,0.23251147637401393,0.7396037298728001,-0.5810824743582014,25.614836231977076,2.958704340717824,nasdaq10/top5/cap/no_sell/Q
nasdaq10,5,capweight,no_sell,SA,0.12886807890073637,0.22622529469539374,0.5696448713847573,-0.5810824743582014,4.275605878812758,1.5739678901559635,0.22981300867484866,0.24340179867094136,0.9441713657405483,-0.3940165174523381,5.732092462885903,1.8135758893451335,0.17196635516445213,0.23251147637401393,0.7396037298728001,-0.5810824743582014,25.614836231977076,2.958704340717824,nasdaq10/top5/cap/no_sell/SA
nasdaq10,5,capweight,no_sell,A,0.12886807890073637,0.22622529469539374,0.5696448713847573,-0.5810824743582014,4.275605878812758,1.5739678901559635,0.22981300867484866,0.24340179867094136,0.9441713657405483,-0.3940165174523381,5.732092462885903,1.8135758893451335,0.17196635516445213,0.23251147637401393,0.7396037298728001,-0.5810824743582014,25.614836231977076,2.958704340717824,nasdaq10/top5/cap/no_sell/A
nasdaq10,5,equal,full,M,0.14067378516405693,0.22553791761984396,0.6237256539770399,-0.5740964748859121,4.843452347963537,1.7830077629400158,0.2498938846839207,0.2558510144935429,0.9767164112230927,-0.4670738724555864,6.571828836264991,2.079259956730135,0.18548159352400595,0.2395921632406885,0.7741555108281051,-0.5740964748859121,32.37921993030043,3.740041032830863,nasdaq10/top5/equal/full/M
nasdaq10,5,equal,full,Q,0.14149845162048136,0.22526354103883386,0.6281462635628551,-0.5745049935241414,4.885591219001016,1.798520238088645,0.25144782640528396,0.25575114691696416,0.9831737977969758,-0.4571018416745961,6.641114061855793,2.101181099041237,0.18657902031274576,0.23940128012650386,0.7793568197052001,-0.5745049935241414,32.997376885350825,3.8114427646080626,nasdaq10/top5/equal/full/Q
nasdaq10,5,equal,full,SA,0.14326661953098263,0.22549355951567548,0.6353468357974245,-0.5809597400729263,4.977076136851097,1.8321983476270216,0.2521943039212049,0.2569689470965583,0.9814193768184788,-0.4714494467578523,6.674625430577182,2.111783756050972,0.18795335942736524,0.2401040135169331,0.7827997403055073,-0.5809597400729263,33.7873500620803,3.9026905495196176,nasdaq10/top5/equal/full/SA
nasdaq10,5,equal,full,A,0.14381001117144776,0.22616485258565197,0.6358636610743253,-0.5813925398964828,5.005504997323275,1.8426637915442605,0.25008232292530663,0.2597126826099507,0.9629191782709072,-0.46448420701518933,6.5801965930622135,2.0819074300696885,0.18747363911771564,0.24176986418553792,0.775421865538401,-0.5813925398964828,33.509584228458806,3.8706065271898917,nasdaq10/top5/equal/full/A
nasdaq10,5,equal,drift_band,M,0.13822751289350088,0.21457197895060276,0.644201137396988,-0.567770791723313,4.720404484448911,1.7377104666938767,0.24379766534647618,0.2495705584440748,0.9768686934324737,-0.45433903019388366,6.306131341735002,1.9951959656031673,0.1813903275358677,0.23162427661993942,0.7831231258781304,-0.567770791723313,30.170367017889742,3.484902071926709,nasdaq10/top5/equal/drift_band/M
nasdaq10,5,equal,drift_band,Q,0.13213227296568575,0.22329267614858223,0.5917447685465644,-0.5875178789095468,4.426171491791235,1.6293952253470123,0.24411612218560763,0.25421256307704876,0.9602834699857811,-0.452187382226347,6.319772802385969,1.9995119853275924,0.17716259359923714,0.23689710217157747,0.7478461829006401,-0.5875178789095468,28.038798904117826,3.2386900808119843,nasdaq10/top5/equal/drift_band/Q
nasdaq10,5,equal,drift_band,SA,0.14003456249173918,0.2214562558172866,0.632335094689198,-0.5817793154511169,4.811018773357658,1.7710680738200244,0.23748468815883306,0.2530428273589713,0.9385157865863267,-0.4488295298564763,6.041011647455352,1.911314784612229,0.183311358956465,0.23452883285475568,0.7816154488347716,-0.5817793154511169,31.189050139663255,3.6025675587138033,nasdaq10/top5/equal/drift_band/SA
nasdaq10,5,equal,drift_band,A,0.13291794146586167,0.22296586138419786,0.5961358417862345,-0.5817793154511169,4.463129808372085,1.6430005961929868,0.2408873644255427,0.2546176688506869,0.9460748168533587,-0.4515998183376744,6.182662774553069,1.956131763833399,0.18134044457916576,0.23643202633818555,0.7669876513251281,-0.5817793154511169,30.1443414183357,3.4818959213633023,nasdaq10/top5/equal/drift_band/A
nasdaq10,5,equal,no_sell,M,0.1320740197261343,0.22699906681278412,0.5818262673082327,-0.584480212225461,4.423442426461134,1.6283905814856583,0.22421234093709397,0.245345292359474,0.913864451120519,-0.41295483913742825,5.515447475603766,1.7450316137553163,0.17164087835253472,0.23417197581564078,0.7329693391136793,-0.584480212225461,25.469837477630143,2.941955904772355,nasdaq10/top5/equal/no_sell/M
nasdaq10,5,equal,no_sell,Q,0.1320740197261343,0.22699906681278412,0.5818262673082327,-0.584480212225461,4.423442426461134,1.6283905814856583,0.22421234093709397,0.245345292359474,0.913864451120519,-0.41295483913742825,5.515447475603766,1.7450316137553163,0.17164087835253472,0.23417197581564078,0.7329693391136793,-0.584480212225461,25.469837477630143,2.941955904772355,nasdaq10/top5/equal/no_sell/Q
nasdaq10,5,equal,no_sell,SA,0.1320740197261343,0.22699906681278412,0.5818262673082327,-0.584480212225461,4.423442426461134,1.6283905814856583,0.22421234093709397,0.245345292359474,0.913864451120519,-0.41295483913742825,5.515447475603766,1.7450316137553163,0.17164087835253472,0.23417197581564078,0.7329693391136793,-0.584480212225461,25.469837477630143,2.941955904772355,nasdaq10/top5/equal/no_sell/SA
nasdaq10,5,equal,no_sell,A,0.1320740197261343,0.22699906681278412,0.5818262673082327,-0.584480212225461,4.423442426461134,1.6283905814856583,0.22421234093709397,0.245345292359474,0.913864451120519,-0.41295483913742825,5.515447475603766,1.7450316137553163,0.17164087835253472,0.23417197581564078,0.7329693391136793,-0.584480212225461,25.469837477630143,2.941955904772355,nasdaq10/top5/equal/no_sell/A
nasdaq10,10,capweight,full,M,0.1347305545466675,0.2118705290907385,0.6359098413775424,-0.5131478820416806,4.549477786406873,1.6747876571754148,0.23587220821466848,0.24811480172418315,0.9506575447154332,-0.4179175987279342,5.974890119503898,1.8903946041308688,0.17635933606719312,0.22882222450087716,0.7707264294448682,-0.5131478820416806,27.65034485016017,3.1938207447285794,nasdaq10/top10/cap/full/M
nasdaq10,10,capweight,full,Q,0.13500418443041684,0.21184036039894638,0.6372920824727236,-0.5131566994766377,4.562644979850261,1.6796348625237991,0.23587450354014838,0.24811449199217345,0.9506679825360175,-0.41791981493710784,5.974983786573931,1.8904242394413489,0.17652662645725314,0.22880655961978993,0.7715103393477405,-0.5131566994766377,27.730821798150895,3.2031164315403746,nasdaq10/top10/cap/full/Q
nasdaq10,10,capweight,full,SA,0.1344990251223106,0.21184575466057096,0.6348912931383078,-0.5131641932203714,4.53836369877282,1.6706962564335774,0.23587204684765317,0.24811506889227192,0.9506558706842005,-0.4179246130273201,5.97488353452766,1.8903925207112076,0.17621858940837143,0.22880969579630256,0.7701535059303157,-0.5131641932203714,27.58280916789695,3.1860198704830482,nasdaq10/top10/cap/full/SA
nasdaq10,10,capweight,full,A,0.13552281955872147,0.21180140266269273,0.6398579889225295,-0.5131511760342569,4.587697826344725,1.688857503023639,0.23586976505005164,0.2481156892971957,0.9506442970945067,-0.4179318365936333,5.974790420873368,1.8903630604958523,0.1768407343636036,0.22878702206574983,0.7729491505544502,-0.5131511760342569,27.882529182040845,3.220639764157813,nasdaq10/top10/cap/full/A
nasdaq10,10,capweight,drift_band,M,0.12734994018590973,0.20983216846386454,0.606913330392622,-0.507452432209649,4.207191768876904,1.5487827783087194,0.23579282603644902,0.24613604172176815,0.957977646780348,-0.4124084682468454,5.9716515077468095,1.8893699402344584,0.16851801910288566,0.22277069226425222,0.7564640455620991,-0.507452432209649,24.11772747891218,2.7857771306390786,nasdaq10/top10/cap/drift_band/M
nasdaq10,10,capweight,drift_band,Q,0.12734994018590973,0.20983216846386454,0.606913330392622,-0.507452432209649,4.207191768876904,1.5487827783087194,0.23579282603644902,0.24613604172176815,0.957977646780348,-0.4124084682468454,5.9716515077468095,1.8893699402344584,0.16757874297888864,0.2226870119977929,0.752530385474612,-0.507452432209649,23.724589954100445,2.740366818793811,nasdaq10/top10/cap/drift_band/Q
nasdaq10,10,capweight,drift_band,SA,0.12734994018590973,0.20983216846386454,0.606913330392622,-0.507452432209649,4.207191768876904,1.5487827783087194,0.23579282603644902,0.24613604172176815,0.957977646780348,-0.4124084682468454,5.9716515077468095,1.8893699402344584,0.17070196974648688,0.22517154279997637,0.7580974381746111,-0.507452432209649,25.055918279456478,2.8941451548908463,nasdaq10/top10/cap/drift_band/SA
nasdaq10,10,capweight,drift_band,A,0.12734994018590973,0.20983216846386454,0.606913330392622,-0.507452432209649,4.207191768876904,1.5487827783087194,0.23579282603644902,0.24613604172176815,0.957977646780348,-0.4124084682468454,5.9716515077468095,1.8893699402344584,0.17070196974648688,0.22517154279997637,0.7580974381746111,-0.507452432209649,25.055918279456478,2.8941451548908463,nasdaq10/top10/cap/drift_band/A
nasdaq10,10,capweight,no_sell,M,0.12000520506656853,0.2110450276439507,0.5686237027532656,-0.513049048690722,3.890153213483869,1.4320721833020922,0.22494941628867693,0.24326779478275565,0.9246987111037961,-0.40786405146569316,5.543540090622812,1.7539198320799636,0.15962066521168228,0.22364164022919647,0.7137341017893489,-0.513049048690722,20.62970024402532,2.3828840093659314,nasdaq10/top10/cap/no_sell/M
nasdaq10,10,capweight,no_sell,Q,0.12000520506656853,0.2110450276439507,0.5686237027532656,-0.513049048690722,3.890153213483869,1.4320721833020922,0.22494941628867693,0.24326779478275565,0.9246987111037961,-0.40786405146569316,5.543540090622812,1.7539198320799636,0.15962066521168228,0.22364164022919647,0.7137341017893489,-0.513049048690722,20.62970024402532,2.3828840093659314,nasdaq10/top10/cap/no_sell/Q
nasdaq10,10,capweight,no_sell,SA,0.12000520506656853,0.2110450276439507,0.5686237027532656,-0.513049048690722,3.890153213483869,1.4320721833020922,0.22494941628867693,0.24326779478275565,0.9246987111037961,-0.40786405146569316,5.543540090622812,1.7539198320799636,0.15962066521168228,0.22364164022919647,0.7137341017893489,-0.513049048690722,20.62970024402532,2.3828840093659314,nasdaq10/top10/cap/no_sell/SA
nasdaq10,10,capweight,no_sell,A,0.12000520506656853,0.2110450276439507,0.5686237027532656,-0.513049048690722,3.890153213483869,1.4320721833020922,0.22494941628867693,0.24326779478275565,0.9246987111037961,-0.40786405146569316,5.543540090622812,1.7539198320799636,0.15962066521168228,0.22364164022919647,0.7137341017893489,-0.513049048690722,20.62970024402532,2.3828840093659314,nasdaq10/top10/cap/no_sell/A
nasdaq10,10,capweight_cap20,full,M,0.1370316326892802,0.21114935033332705,0.6489796557411033,-0.5116135216262053,4.661300277164932,1.7159525855713218,0.23809920728230938,0.2486758589875544,0.9574681203543189,-0.42581856442672517,6.066379927052008,1.9193410508541902,0.17863302655542013,0.22872730371717834,0.7809868942288593,-0.5116135216262053,28.763382872329164,3.3223849251805424,nasdaq10/top10/cap_cap20/full/M
nasdaq10,10,capweight_cap20,full,Q,0.1380730067430369,0.21104363688877406,0.6542391364104726,-0.5105740200230762,4.712729851191476,1.7348852235217254,0.2386695145563935,0.24882093849754008,0.9592018903133953,-0.42523949504880243,6.090007044153035,1.92681643095083,0.17949045343900627,0.22874402058349694,0.7846782310687245,-0.5105740200230762,29.194079556142103,3.37213359959679,nasdaq10/top10/cap_cap20/full/Q
nasdaq10,10,capweight_cap20,full,SA,0.13745142127052867,0.21119991965084653,0.650811901338608,-0.5120005446716405,4.681969857076182,1.7235616253204098,0.23786777861712616,0.24897513448154038,0.9553876900697578,-0.42600326106307795,6.05681519941921,1.9163148680884186,0.1787974679155202,0.2288986939402473,0.7811205247077305,-0.5120005446716405,28.845512717972923,3.3318715339805363,nasdaq10/top10/cap_cap20/full/SA
nasdaq10,10,capweight_cap20,full,A,0.13664501984459965,0.21119963054200658,0.6469945969788125,-0.5127937242023499,4.642338224898651,1.7089721336202939,0.2391430020446932,0.2494087869581304,0.9588395219004029,-0.4227033757496075,6.109684631489005,1.9330422199073172,0.17880940893920294,0.2291103729633676,0.7804509530775053,-0.5127937242023499,28.85148531169449,3.332561413033805,nasdaq10/top10/cap_cap20/full/A
nasdaq10,10,capweight_cap20,drift_band,M,0.12239392573851693,0.21022424724797398,0.5822065120497012,-0.506230882695911,3.9907749754929718,1.4691138159834516,0.22991399499060416,0.24163900402676833,0.9514771670104,-0.4048636306373946,5.73606668937447,1.814833294277997,0.1660815553038706,0.22415876233578622,0.7409103867868573,-0.506230882695911,23.110510146956454,2.669436027962678,nasdaq10/top10/cap_cap20/drift_band/M
nasdaq10,10,capweight_cap20,drift_band,Q,0.12239392573851693,0.21022424724797398,0.5822065120497012,-0.506230882695911,3.9907749754929718,1.4691138159834516,0.2345982141794578,0.24622809253704808,0.9527678656088342,-0.41646414238063323,5.9231005909932835,1.8740089228398669,0.16435537893749985,0.22364771794306904,0.7348851150778903,-0.506230882695911,22.42127255298472,2.589823953046333,nasdaq10/top10/cap_cap20/drift_band/Q
nasdaq10,10,capweight_cap20,drift_band,SA,0.12239392573851693,0.21022424724797398,0.5822065120497012,-0.506230882695911,3.9907749754929718,1.4691138159834516,0.2365779257824574,0.24639795049766683,0.9601456720911223,-0.41488894836807333,6.003749923264099,1.8995255531882365,0.1657280210616423,0.22459198329018873,0.7379071088548605,-0.506230882695911,22.967728471691288,2.652943681161935,nasdaq10/top10/cap_cap20/drift_band/SA
nasdaq10,10,capweight_cap20,drift_band,A,0.12239392573851693,0.21022424724797398,0.5822065120497012,-0.506230882695911,3.9907749754929718,1.4691138159834516,0.2365779257824574,0.24639795049766683,0.9601456720911223,-0.41488894836807333,6.003749923264099,1.8995255531882365,0.1657280210616423,0.22459198329018873,0.7379071088548605,-0.506230882695911,22.967728471691288,2.652943681161935,nasdaq10/top10/cap_cap20/drift_band/A
nasdaq10,10,capweight_cap20,no_sell,M,0.11932258367091064,0.20994525584698714,0.5683509407703675,-0.506230882695911,3.8618289513380657,1.421645244900035,0.22367104461217058,0.24319003663490338,0.9197376985799944,-0.4095653690786011,5.494896707818374,1.738529559365155,0.1598416422364295,0.22358230390794678,0.7149118666486209,-0.506230882695911,20.710195116268185,2.392181766562332,nasdaq10/top10/cap_cap20/no_sell/M
nasdaq10,10,capweight_cap20,no_sell,Q,0.11932258367091064,0.20994525584698714,0.5683509407703675,-0.506230882695911,3.8618289513380657,1.421645244900035,0.22367104461217058,0.24319003663490338,0.9197376985799944,-0.4095653690786011,5.494896707818374,1.738529559365155,0.1598416422364295,0.22358230390794678,0.7149118666486209,-0.506230882695911,20.710195116268185,2.392181766562332,nasdaq10/top10/cap_cap20/no_sell/Q
nasdaq10,10,capweight_cap20,no_sell,SA,0.11932258367091064,0.20994525584698714,0.5683509407703675,-0.506230882695911,3.8618289513380657,1.421645244900035,0.22367104461217058,0.24319003663490338,0.9197376985799944,-0.4095653690786011,5.494896707818374,1.738529559365155,0.1598416422364295,0.22358230390794678,0.7149118666486209,-0.506230882695911,20.710195116268185,2.392181766562332,nasdaq10/top10/cap_cap20/no_sell/SA
nasdaq10,10,capweight_cap20,no_sell,A,0.11932258367091064,0.20994525584698714,0.5683509407703675,-0.506230882695911,3.8618289513380657,1.421645244900035,0.22367104461217058,0.24319003663490338,0.9197376985799944,-0.4095653690786011,5.494896707818374,1.738529559365155,0.1598416422364295,0.22358230390794678,0.7149118666486209,-0.506230882695911,20.710195116268185,2.392181766562332,nasdaq10/top10/cap_cap20/no_sell/A
nasdaq10,10,equal,full,M,0.14090398704628826,0.20530348453340366,0.6863204848496501,-0.42427854338672966,4.8551815774286355,1.787325614275617,0.22828476621934257,0.24149643366319173,0.9452924946201272,-0.3883103969800594,5.67224543976123,1.7946408985209727,0.17715959025752093,0.22225358679132173,0.7971056522199552,-0.42427854338672966,28.037336873325252,3.238521205367571,nasdaq10/top10/equal/full/M
nasdaq10,10,equal,full,Q,0.14107194111521926,0.20481154624786307,0.688789004817599,-0.42454141815964663,4.863755581109713,1.7904819403885939,0.23163668665031523,0.2415693656155252,0.9588827046016317,-0.3884055666538784,5.804236850519466,1.8364016415134659,0.1785731109211106,0.22203816452383623,0.8042451229231831,-0.42454141815964663,28.733513468878808,3.318934786641968,nasdaq10/top10/equal/full/Q
nasdaq10,10,equal,full,SA,0.1434412367428346,0.20504967204768376,0.6995438486216048,-0.42479896630938374,4.986195483993495,1.8355554296378889,0.2365445699597073,0.24208979907581157,0.9770943297186687,-0.395577644498894,6.002383099633311,1.8990931040611798,0.18194232529433885,0.2224129807484176,0.8180382488562702,-0.42479896630938374,30.459792969216792,3.5183329246853425,nasdaq10/top10/equal/full/SA
nasdaq10,10,equal,full,A,0.14710059617147753,0.20508895972138247,0.7172526320837391,-0.4096399799925996,5.180863684327055,1.9072181378584492,0.23057972304352292,0.2431090913317862,0.9484619508895138,-0.3875992425624022,5.76232666475577,1.8231416840178138,0.18181138788972695,0.2229292915863802,0.815556298573169,-0.4096399799925996,30.390901341751096,3.510375428671083,nasdaq10/top10/equal/full/A
nasdaq10,10,equal,drift_band,M,0.12790084938309887,0.19708416840532234,0.6489656191970662,-0.42543234465149105,4.231901342874934,1.557879050779729,0.2212261044355115,0.23471556510593045,0.9425284783975406,-0.3804533823884483,5.402911092489513,1.7094262440911707,0.1709236746600542,0.21588790229346327,0.7917241903981828,-0.42543234465149105,25.153076247576177,2.9053676237525528,nasdaq10/top10/equal/drift_band/M
nasdaq10,10,equal,drift_band,Q,0.13083200851784094,0.1968336576510447,0.6646831140525042,-0.4221765810275693,4.365622044441322,1.607105311684082,0.22996862396598972,0.23672749064755785,0.9714487461381036,-0.3781661815080337,5.7382175762581715,1.8155138130620618,0.17189713709001908,0.21607358816054756,0.7955490467548288,-0.4221765810275693,25.58393425493279,2.9551349322394844,nasdaq10/top10/equal/drift_band/Q
nasdaq10,10,equal,drift_band,SA,0.1255448716731753,0.20447027263785436,0.6140006077828876,-0.455633200490712,4.127153709749969,1.5193185716847024,0.22727727206517034,0.2340547856659854,0.9710430462614548,-0.37923393370617686,5.633093184142623,1.7822535221373692,0.16320356931296787,0.2182084545363493,0.7479250501991036,-0.455633200490712,21.972294746226268,2.5379636727887585,nasdaq10/top10/equal/drift_band/SA
nasdaq10,10,equal,drift_band,A,0.1255448716731753,0.20447027263785436,0.6140006077828876,-0.455633200490712,4.127153709749969,1.5193185716847024,0.23473743525030444,0.23996129246436437,0.9782304172459994,-0.3875744901932534,5.92874078368695,1.875793422574776,0.16790481711606509,0.21998848613037114,0.7632436591093232,-0.455633200490712,23.86037367089634,2.756050849276945,nasdaq10/top10/equal/drift_band/A
nasdaq10,10,equal,no_sell,M,0.12049686119762759,0.2081038443597738,0.5790227545691582,-0.4632633958497142,3.9106715036896462,1.4396255291576654,0.22936265090846408,0.248637518185501,0.9224780418590869,-0.4062602920039109,5.714398568270796,1.8079777206361773,0.16445484825895007,0.2244583486823498,0.7326742320985539,-0.4632633958497142,22.460452520732282,2.5943495310978206,nasdaq10/top10/equal/no_sell/M
nasdaq10,10,equal,no_sell,Q,0.12049686119762759,0.2081038443597738,0.5790227545691582,-0.4632633958497142,3.9106715036896462,1.4396255291576654,0.22936265090846408,0.248637518185501,0.9224780418590869,-0.4062602920039109,5.714398568270796,1.8079777206361773,0.16445484825895007,0.2244583486823498,0.7326742320985539,-0.4632633958497142,22.460452520732282,2.5943495310978206,nasdaq10/top10/equal/no_sell/Q
nasdaq10,10,equal,no_sell,SA,0.12049686119762759,0.2081038443597738,0.5790227545691582,-0.4632633958497142,3.9106715036896462,1.4396255291576654,0.22936265090846408,0.248637518185501,0.9224780418590869,-0.4062602920039109,5.714398568270796,1.8079777206361773,0.16445484825895007,0.2244583486823498,0.7326742320985539,-0.4632633958497142,22.460452520732282,2.5943495310978206,nasdaq10/top10/equal/no_sell/SA
nasdaq10,10,equal,no_sell,A,0.12049686119762759,0.2081038443597738,0.5790227545691582,-0.4632633958497142,3.9106715036896462,1.4396255291576654,0.22936265090846408,0.248637518185501,0.9224780418590869,-0.4062602920039109,5.714398568270796,1.8079777206361773,0.16445484825895007,0.2244583486823498,0.7326742320985539,-0.4632633958497142,22.460452520732282,2.5943495310978206,nasdaq10/top10/equal/no_sell/A
us10,1,capweight,full,M,0.1275273544343576,0.25971272207320634,0.49103237383346554,-0.37298671897602764,4.21513474141252,1.5517068045351312,0.24143483710561164,0.2818342215685175,0.8566555039410491,-0.3650952633346978,6.20572503636191,1.9634284294474114,0.17418923506361716,0.2698384529192611,0.6455315511156472,-0.37298671897602764,26.626316416127416,3.0755378345685354,us10/top1/cap/full/M
us10,1,capweight,full,Q,0.1275273544343576,0.25971272207320634,0.49103237383346554,-0.37298671897602764,4.21513474141252,1.5517068045351312,0.24143483710561164,0.2818342215685175,0.8566555039410491,-0.3650952633346978,6.20572503636191,1.9634284294474114,0.17418923506361716,0.2698384529192611,0.6455315511156472,-0.37298671897602764,26.626316416127416,3.0755378345685354,us10/top1/cap/full/Q
us10,1,capweight,full,SA,0.1275273544343576,0.25971272207320634,0.49103237383346554,-0.37298671897602764,4.21513474141252,1.5517068045351312,0.24143483710561164,0.2818342215685175,0.8566555039410491,-0.3650952633346978,6.20572503636191,1.9634284294474114,0.17418923506361716,0.2698384529192611,0.6455315511156472,-0.37298671897602764,26.626316416127416,3.0755378345685354,us10/top1/cap/full/SA
us10,1,capweight,full,A,0.1275273544343576,0.25971272207320634,0.49103237383346554,-0.37298671897602764,4.21513474141252,1.5517068045351312,0.24143483710561164,0.2818342215685175,0.8566555039410491,-0.3650952633346978,6.20572503636191,1.9634284294474114,0.17418923506361716,0.2698384529192611,0.6455315511156472,-0.37298671897602764,26.626316416127416,3.0755378345685354,us10/top1/cap/full/A
us10,3,capweight,full,M,0.07581600610097516,0.20595473825985897,0.3681197468024064,-0.4970749999333759,2.4011624774916602,0.8839338203147615,0.21708637431549227,0.2485914673873243,0.8732655895113861,-0.3477066822907724,5.250254579581519,1.6611272724758284,0.1327975574233753,0.22606477422100643,0.5874314469424996,-0.4970749999333759,12.786975309185035,1.476990873933738,us10/top3/cap/full/M
us10,3,capweight,full,Q,0.07539342508564362,0.20597357759954213,0.3660344494876182,-0.49709130789397493,2.389881617928769,0.8797810262479988,0.21709052976641918,0.24859163835281678,0.8732817049071889,-0.3477087439867017,5.250405888991126,1.6611751452376289,0.13253823032754797,0.22607449980634617,0.5862590891103565,-0.49709130789397493,12.7272804390405,1.4700956718791285,us10/top3/cap/full/Q
us10,3,capweight,full,SA,0.07542759270886812,0.20598840029164495,0.36617398165175963,-0.49707854267105567,2.390791919123258,0.8801161331056249,0.21708902984603284,0.24858989337860166,0.8732818011849215,-0.3477022267087815,5.250351273038639,1.6611578653044727,0.1325587578752394,0.2260810705479231,0.5863328475664685,-0.49707854267105567,12.73199602761591,1.4706403574769886,us10/top3/cap/full/SA
us10,3,capweight,full,A,0.07545540487439695,0.2060190271432326,0.3662545441588623,-0.4970981311473738,2.391533131460734,0.8803889937134644,0.21710858678820721,0.2485893851867255,0.8733622581073935,-0.34768335200841005,5.251063430825789,1.6613831848017675,0.13258344867112903,0.22609620861280294,0.586402795007423,-0.4970981311473738,12.737670199022338,1.4712957665304813,us10/top3/cap/full/A
us10,3,capweight,drift_band,M,0.07252516040619583,0.20100032956260805,0.3608211019554847,-0.49039915401717293,2.3145875536168568,0.852063214338919,0.2189640838241289,0.2476099447224456,0.8843105395850445,-0.3440003161961951,5.319019117421109,1.682883674466081,0.13032279252100754,0.22192144407930325,0.5872474066743947,-0.49039915401717293,12.227998474705284,1.412424886801979,us10/top3/cap/drift_band/M
us10,3,capweight,drift_band,Q,0.07464845075096127,0.20540311890521704,0.36342413469100093,-0.4884771517302958,2.370112655519823,0.8725035285236244,0.2189640838241289,0.2476099447224456,0.8843105395850445,-0.3440003161961951,5.319019117421109,1.682883674466081,0.13182557602691758,0.22400160653425844,0.5885028150758214,-0.4884771517302958,12.56459549558226,1.451304349380707,us10/top3/cap/drift_band/Q
us10,3,capweight,drift_band,SA,0.07464845075096127,0.20540311890521704,0.36342413469100093,-0.4884771517302958,2.370112655519823,0.8725035285236244,0.2189640838241289,0.2476099447224456,0.8843105395850445,-0.3440003161961951,5.319019117421109,1.682883674466081,0.13182557602691758,0.22400160653425844,0.5885028150758214,-0.4884771517302958,12.56459549558226,1.451304349380707,us10/top3/cap/drift_band/SA
us10,3,capweight,drift_band,A,0.07464845075096127,0.20540311890521704,0.36342413469100093,-0.4884771517302958,2.370112655519823,0.8725035285236244,0.2189640838241289,0.2476099447224456,0.8843105395850445,-0.3440003161961951,5.319019117421109,1.682883674466081,0.13182557602691758,0.22400160653425844,0.5885028150758214,-0.4884771517302958,12.56459549558226,1.451304349380707,us10/top3/cap/drift_band/A
us10,3,capweight,no_sell,M,0.06988297256468945,0.20543466784026182,0.3401712734241515,-0.4892630757038513,2.2471585547262345,0.8272407489089033,0.21718035038475692,0.2444395908589426,0.8884827110927541,-0.3344775784241867,5.253677401458073,1.6622102185847814,0.13350379619836317,0.22524968549650512,0.59269248658034,-0.4892630757038513,12.950898460995726,1.4959252187179133,us10/top3/cap/no_sell/M
us10,3,capweight,no_sell,Q,0.06988297256468945,0.20543466784026182,0.3401712734241515,-0.4892630757038513,2.2471585547262345,0.8272407489089033,0.21718035038475692,0.2444395908589426,0.8884827110927541,-0.3344775784241867,5.253677401458073,1.6622102185847814,0.13350379619836317,0.22524968549650512,0.59269248658034,-0.4892630757038513,12.950898460995726,1.4959252187179133,us10/top3/cap/no_sell/Q
us10,3,capweight,no_sell,SA,0.06988297256468945,0.20543466784026182,0.3401712734241515,-0.4892630757038513,2.2471585547262345,0.8272407489089033,0.21718035038475692,0.2444395908589426,0.8884827110927541,-0.3344775784241867,5.253677401458073,1.6622102185847814,0.13350379619836317,0.22524968549650512,0.59269248658034,-0.4892630757038513,12.950898460995726,1.4959252187179133,us10/top3/cap/no_sell/SA
us10,3,capweight,no_sell,A,0.06988297256468945,0.20543466784026182,0.3401712734241515,-0.4892630757038513,2.2471585547262345,0.8272407489089033,0.21718035038475692,0.2444395908589426,0.8884827110927541,-0.3344775784241867,5.253677401458073,1.6622102185847814,0.13350379619836317,0.22524968549650512,0.59269248658034,-0.4892630757038513,12.950898460995726,1.4959252187179133,us10/top3/cap/no_sell/A
us10,3,equal,full,M,0.07323457029030944,0.20228920605452366,0.362029055917943,-0.513081448653574,2.3330049170862015,0.8588431513919874,0.21702301159480175,0.24842981422309507,0.8735787702192244,-0.35357101090789866,5.247947875081571,1.6603974545791291,0.1311518249000092,0.22415159514286287,0.5851032414755722,-0.513081448653574,12.41261165892179,1.433749084409506,us10/top3/equal/full/M
us10,3,equal,full,Q,0.0747151610918555,0.20200153040348462,0.36987423284673604,-0.5112821231403386,2.371876780552948,0.8731529513738733,0.21689618207337746,0.24863289426808444,0.872355135115439,-0.3554416122490991,5.24333336074254,1.6589374690676444,0.13201040264719666,0.22410839085608525,0.589047121988258,-0.5112821231403386,12.606596776636591,1.4561558101296936,us10/top3/equal/full/Q
us10,3,equal,full,SA,0.0733196918679031,0.20208704697910282,0.3628124264465345,-0.5176811116821758,2.3352238052788192,0.8596599850445776,0.21678284861633235,0.24856865541682424,0.8721246379709849,-0.3560412548909416,5.2392129083341485,1.6576337997375634,0.13109846038735506,0.22411923649274085,0.5849496118179097,-0.5176811116821758,12.400648791657774,1.4323672841519939,us10/top3/equal/full/SA
us10,3,equal,full,A,0.07144026383482505,0.20268857304715276,0.3524632038245463,-0.5095136943000365,2.286679583357996,0.8417895244077339,0.21515427393988173,0.24890448112860278,0.8644049836479917,-0.3552584391984773,5.180317394230197,1.6389998567122033,0.1293237066540891,0.22458622173230852,0.5758309911292516,-0.5095136943000365,12.008986080364547,1.387127324251179,us10/top3/equal/full/A
us10,3,equal,drift_band,M,0.07237719833410816,0.19859956903141232,0.36443784186994044,-0.5104194707732038,2.3107630685286815,0.850655316395145,0.22074164870157698,0.24533734778447705,0.8997474322396817,-0.3462090335906538,5.384846496438099,1.7037107892094274,0.13343450779648114,0.22084586066074338,0.6041974587943902,-0.5104194707732038,12.934728124519966,1.4940574244330538,us10/top3/equal/drift_band/M
us10,3,equal,drift_band,Q,0.07812065037182103,0.19485483917071605,0.40091716841262554,-0.500748062293267,2.4635488793108165,0.9068999673425568,0.2157580152271008,0.247368204434638,0.8722140168346109,-0.34805352594324224,5.20208256179515,1.6458861348696008,0.13365460698495157,0.2198620334854348,0.6079021687653308,-0.500748062293267,12.986160757630865,1.4999982765806774,us10/top3/equal/drift_band/Q
us10,3,equal,drift_band,SA,0.07670883778570547,0.19554479551963053,0.3922826868486242,-0.5037115043605496,2.4251574084128875,0.8927670130521168,0.218838155393819,0.24762108352794454,0.8837622074661614,-0.3491347251652258,5.314382718272042,1.681416764822775,0.13403299457435303,0.2202838256974748,0.60845590523939,-0.5037115043605496,13.075037051970037,1.5102641504463845,us10/top3/equal/drift_band/SA
us10,3,equal,drift_band,A,0.07113371276891822,0.2012060150921192,0.35353671080037397,-0.5058437329314005,2.278849916785416,0.8389072092165848,0.21566672429493927,0.24848321268926982,0.8679327748576408,-0.3491347251652258,5.198786315023817,1.64484323583953,0.12988553326824914,0.22368444753086703,0.5806641217214075,-0.5058437329314005,12.13168224820213,1.4012996453655069,us10/top3/equal/drift_band/A
us10,3,equal,no_sell,M,0.06898342862216689,0.2034032347929363,0.3391461728344279,-0.4915816462523981,2.224616135714855,0.8189422656772811,0.21723337335360826,0.24383883254983374,0.8908891626571085,-0.3352995898020976,5.2556094863140554,1.6628215106275506,0.13137200208706212,0.22318303751645435,0.588628972653787,-0.4915816462523981,12.462085539490886,1.4394636860515497,us10/top3/equal/no_sell/M
us10,3,equal,no_sell,Q,0.06898342862216689,0.2034032347929363,0.3391461728344279,-0.4915816462523981,2.224616135714855,0.8189422656772811,0.21723337335360826,0.24383883254983374,0.8908891626571085,-0.3352995898020976,5.2556094863140554,1.6628215106275506,0.13137200208706212,0.22318303751645435,0.588628972653787,-0.4915816462523981,12.462085539490886,1.4394636860515497,us10/top3/equal/no_sell/Q
us10,3,equal,no_sell,SA,0.06898342862216689,0.2034032347929363,0.3391461728344279,-0.4915816462523981,2.224616135714855,0.8189422656772811,0.21723337335360826,0.24383883254983374,0.8908891626571085,-0.3352995898020976,5.2556094863140554,1.6628215106275506,0.13137200208706212,0.22318303751645435,0.588628972653787,-0.4915816462523981,12.462085539490886,1.4394636860515497,us10/top3/equal/no_sell/SA
us10,3,equal,no_sell,A,0.06898342862216689,0.2034032347929363,0.3391461728344279,-0.4915816462523981,2.224616135714855,0.8189422656772811,0.21723337335360826,0.24383883254983374,0.8908891626571085,-0.3352995898020976,5.2556094863140554,1.6628215106275506,0.13137200208706212,0.22318303751645435,0.588628972653787,-0.4915816462523981,12.462085539490886,1.4394636860515497,us10/top3/equal/no_sell/A
us10,5,capweight,full,M,0.08527474542154301,0.19189103237732139,0.4443915088948221,-0.4844573417330974,2.6667963501973997,0.9817209405562342,0.22827841711664698,0.24675581995463117,0.9251186746420754,-0.4084616418697571,5.671997957970944,1.794562597793826,0.14276899890722938,0.21819399424312544,0.6543213959782377,-0.4844573417330974,15.295302140735828,1.7667213027070279,us10/top5/cap/full/M
us10,5,capweight,full,Q,0.08489822679017611,0.19189703872215083,0.4424155127953845,-0.4844748125479583,2.6557276999552277,0.9776462665656129,0.22827447164362957,0.24675545112830327,0.9251040680148367,-0.40846910740741793,5.671844172101319,1.7945139415052056,0.1425353500563291,0.21819693996275327,0.6532417461063397,-0.4844748125479583,15.231513981311556,1.7593532952575255,us10/top5/cap/full/Q
us10,5,capweight,full,SA,0.08493326507867938,0.19191252903782885,0.44256237726895753,-0.4844718387922834,2.6567559530141405,0.9780247947423336,0.22827361784352096,0.24675399791261254,0.9251060561311093,-0.4084572377869662,5.671810893332735,1.7945034124405188,0.14255531263366494,0.21820361106516273,0.653313260664111,-0.4844718387922834,15.236954037392715,1.7599816622474727,us10/top5/cap/full/SA
us10,5,capweight,full,A,0.08483649081487976,0.19191834115429043,0.44204472748478213,-0.48448559025613247,2.65391684927856,0.9769796427233486,0.22828170027499928,0.24675220572014947,0.925145530548577,-0.4084374466612908,5.672125931072067,1.7946030871844254,0.14250029101132977,0.21820488364416668,0.6530572947382302,-0.48448559025613247,15.221964416476826,1.7582502494026702,us10/top5/cap/full/A
us10,5,capweight,drift_band,M,0.07931148189527937,0.191460184377781,0.41424530198291964,-0.49436965708473324,2.496363426675327,0.9189799029927724,0.2226079115340378,0.24372803771207768,0.9133455207849758,-0.40545946618104267,5.454730358695164,1.7258213340871214,0.14092977549596863,0.21740151092744722,0.6482465319341811,-0.49436965708473324,14.799972362179112,1.7095070245195685,us10/top5/cap/drift_band/M
us10,5,capweight,drift_band,Q,0.08016109036868158,0.1924230134140677,0.4165878547811015,-0.4899827846492525,2.5200195821879876,0.9276883832027871,0.22051166799239885,0.24341681562516315,0.9059015394070561,-0.40545946618104267,5.376289528721973,1.7010034514551342,0.13695581410017055,0.21648896590053857,0.6326226074870351,-0.4899827846492525,13.78131175803972,1.5918441386869062,us10/top5/cap/drift_band/Q
us10,5,capweight,drift_band,SA,0.0801312422228182,0.19242263543640298,0.41643355544468746,-0.4899827846492525,2.5191850321987923,0.9273811624432142,0.22051166799239885,0.24341681562516315,0.9059015394070561,-0.40545946618104267,5.376289528721973,1.7010034514551342,0.1369435068599214,0.21647726879100962,0.6325999382047299,-0.4899827846492525,13.778263150307732,1.5914920017906131,us10/top5/cap/drift_band/SA
us10,5,capweight,drift_band,A,0.08070995164962569,0.19250352657664288,0.41926479522177496,-0.4899827846492525,2.535410910033521,0.9333543534774983,0.2214988383574148,0.2430449295223843,0.9113493492445597,-0.40545946618104267,5.413104398555066,1.7126513026946206,0.13866626400063575,0.21577000003769695,0.6426577558344975,-0.4899827846492525,14.21130258207423,1.6415112810421453,us10/top5/cap/drift_band/A
us10,5,capweight,no_sell,M,0.07272568934898116,0.1939749380261955,0.37492312197135413,-0.48878429911930776,2.319780033368689,0.8539747086700892,0.2201766892407575,0.24086441481757148,0.9141104941031548,-0.38631610919618375,5.363847309369859,1.697066859508469,0.13604034823556366,0.2168164742136349,0.6274447028481773,-0.48878429911930776,13.556285295729253,1.5658519064983123,us10/top5/cap/no_sell/M
us10,5,capweight,no_sell,Q,0.07272568934898116,0.1939749380261955,0.37492312197135413,-0.48878429911930776,2.319780033368689,0.8539747086700892,0.2201766892407575,0.24086441481757148,0.9141104941031548,-0.38631610919618375,5.363847309369859,1.697066859508469,0.13604034823556366,0.2168164742136349,0.6274447028481773,-0.48878429911930776,13.556285295729253,1.5658519064983123,us10/top5/cap/no_sell/Q
us10,5,capweight,no_sell,SA,0.07272568934898116,0.1939749380261955,0.37492312197135413,-0.48878429911930776,2.319780033368689,0.8539747086700892,0.2201766892407575,0.24086441481757148,0.9141104941031548,-0.38631610919618375,5.363847309369859,1.697066859508469,0.13604034823556366,0.2168164742136349,0.6274447028481773,-0.48878429911930776,13.556285295729253,1.5658519064983123,us10/top5/cap/no_sell/SA
us10,5,capweight,no_sell,A,0.07272568934898116,0.1939749380261955,0.37492312197135413,-0.48878429911930776,2.319780033368689,0.8539747086700892,0.2201766892407575,0.24086441481757148,0.9141104941031548,-0.38631610919618375,5.363847309369859,1.697066859508469,0.13604034823556366,0.2168164742136349,0.6274447028481773,-0.48878429911930776,13.556285295729253,1.5658519064983123,us10/top5/cap/no_sell/A
us10,5,equal,full,M,0.08205181178853205,0.1883598616248851,0.4356119774176549,-0.510529260173818,2.573403268812116,0.9473403836411106,0.2213304557181941,0.2494183255380681,0.8873865031397342,-0.4585825822267736,5.406809173852132,1.71065955747886,0.13805086411780154,0.21785061755062812,0.6336950781685011,-0.510529260173818,14.055147978707183,1.62347426145627,us10/top5/equal/full/M
us10,5,equal,full,Q,0.08417170216668657,0.18767265800474497,0.448502744414471,-0.503477493653459,2.634488730514518,0.969827618900884,0.22531672854304996,0.2494075998109348,0.9034076295744512,-0.447139592791558,5.55758672550129,1.758364044818503,0.14089248330066018,0.21751821504535687,0.6477272869827536,-0.503477493653459,14.790088616333394,1.7083653782692687,us10/top5/equal/full/Q
us10,5,equal,full,SA,0.08491586840289878,0.1870280818745634,0.4540273714609896,-0.506263526615486,2.656245374909996,0.9778368369267356,0.2257287507053478,0.25057097466913786,0.900857535488328,-0.46258122734431106,5.573380470542036,1.7633610254837346,0.141500292537297,0.21781047769829104,0.6496486947395701,-0.506263526615486,14.951964879866848,1.7270632922140672,us10/top5/equal/full/SA
us10,5,equal,full,A,0.08553272727945105,0.18737967771481345,0.4564674692718248,-0.49784768222335896,2.6744047272501295,0.9845217930006885,0.22630168388453487,0.25300116235799697,0.8944689493731167,-0.45494485329314427,5.595408057787421,1.77033033056514,0.14211551551349455,0.2192310584923478,0.6482453557941246,-0.49784768222335896,15.117530766210239,1.7461873850703569,us10/top5/equal/full/A
us10,5,equal,drift_band,M,0.07936917156920487,0.18553697048039908,0.427780896517278,-0.50840209033348,2.4979632504585902,0.9195688420428476,0.2177185985335408,0.24715071684432002,0.8809142911395298,-0.44486784763198317,5.273319546009466,1.6684247938038812,0.1362984379003258,0.21501592864380972,0.6338992592782025,-0.50840209033348,13.619368878191665,1.5731385300616738,us10/top5/equal/drift_band/M
us10,5,equal,drift_band,Q,0.08519800314663617,0.18458920316186908,0.46155463963905163,-0.4992746653739083,2.6645369057436175,0.9808891770306326,0.21956414924803558,0.2467046514634325,0.8899878779974288,-0.44059922035653,5.341161178750703,1.6898891979861141,0.14107192341354446,0.2146007908356335,0.6573690752220662,-0.4992746653739083,14.837704207561401,1.7138653336535736,us10/top5/equal/drift_band/Q
us10,5,equal,drift_band,SA,0.08557204472537694,0.18134177232448345,0.47188269767353336,-0.4966020593065924,2.6755660192907214,0.9849492964785098,0.219403893063302,0.2441810912226354,0.898529415053099,-0.4430996445968127,5.335239882018176,1.6880157597857885,0.13900571768904335,0.21350789711279428,0.6510565631003704,-0.4966020593065924,14.298141890248626,1.6515418678362066,us10/top5/equal/drift_band/SA
us10,5,equal,drift_band,A,0.08446619769783137,0.18832770361295567,0.4485064920210744,-0.5046276403175145,2.6430790761696046,0.972989960943084,0.21987832030201648,0.24653305800699846,0.8918816895370465,-0.4366862165986659,5.352786280588578,1.6935672622429034,0.1401311974658812,0.21649925001155038,0.6472595053257927,-0.5046276403175145,14.589687881060192,1.6852176009434208,us10/top5/equal/drift_band/A
us10,5,equal,no_sell,M,0.07393400691803231,0.1913791966967681,0.3863220673623032,-0.5000885074225747,2.3512947712194316,0.8655761487582775,0.21381746073752117,0.24137339924036738,0.8858368876207228,-0.39610384178477,5.132410057846281,1.6238424616158802,0.13384281321201907,0.215004567495713,0.6225114878765903,-0.5000885074225747,13.03029487938381,1.5050960963138051,us10/top5/equal/no_sell/M
us10,5,equal,no_sell,Q,0.07393400691803231,0.1913791966967681,0.3863220673623032,-0.5000885074225747,2.3512947712194316,0.8655761487582775,0.21381746073752117,0.24137339924036738,0.8858368876207228,-0.39610384178477,5.132410057846281,1.6238424616158802,0.13384281321201907,0.215004567495713,0.6225114878765903,-0.5000885074225747,13.03029487938381,1.5050960963138051,us10/top5/equal/no_sell/Q
us10,5,equal,no_sell,SA,0.07393400691803231,0.1913791966967681,0.3863220673623032,-0.5000885074225747,2.3512947712194316,0.8655761487582775,0.21381746073752117,0.24137339924036738,0.8858368876207228,-0.39610384178477,5.132410057846281,1.6238424616158802,0.13384281321201907,0.215004567495713,0.6225114878765903,-0.5000885074225747,13.03029487938381,1.5050960963138051,us10/top5/equal/no_sell/SA
us10,5,equal,no_sell,A,0.07393400691803231,0.1913791966967681,0.3863220673623032,-0.5000885074225747,2.3512947712194316,0.8655761487582775,0.21381746073752117,0.24137339924036738,0.8858368876207228,-0.39610384178477,5.132410057846281,1.6238424616158802,0.13384281321201907,0.215004567495713,0.6225114878765903,-0.5000885074225747,13.03029487938381,1.5050960963138051,us10/top5/equal/no_sell/A
us10,10,capweight,full,M,0.08204737654020766,0.18295213719345285,0.4484636134829685,-0.5139336487906789,2.5732768378373554,0.9472938409287478,0.19200403598866056,0.22638720541288965,0.8481222940072062,-0.3853141774824512,4.403972203214174,1.3933721161703412,0.12683452769269188,0.20356687252182992,0.6230607471708861,-0.5139336487906789,11.479436552773455,1.3259604102127867,us10/top10/cap/full/M
us10,10,capweight,full,Q,0.08181592266147897,0.18294678899276695,0.4472115805471375,-0.5139151973550957,2.56668692007044,0.9448679113042958,0.1920016708714949,0.22638708043639577,0.8481123149845047,-0.3853156789616903,4.403898446833416,1.3933487803999058,0.1266922636240928,0.20356423210563032,0.6223699631001564,-0.5139151973550957,11.449852175691417,1.322543194342369,us10/top10/cap/full/Q
us10,10,capweight,full,SA,0.08168038256588606,0.18294304392228772,0.4464798486712784,-0.5139286505145756,2.5628350292056052,0.9434499245418398,0.19200061679099956,0.22638704759197564,0.8481077819303876,-0.38531584793460616,4.403865575593961,1.3933383802733001,0.12660947712412374,0.20356242156671248,0.6219688101058999,-0.5139286505145756,11.432669786033243,1.3205585003780922,us10/top10/cap/full/SA
us10,10,capweight,full,A,0.08167559776840405,0.18291506131351185,0.44652199322402497,-0.5139114525744609,2.562699147734953,0.9433999028425215,0.19199322254834028,0.22638629108253824,0.8480779539709028,-0.3853304007412617,4.403634994046191,1.3932654266113922,0.12660375710027005,0.2035482724822278,0.6219839429554681,-0.5139114525744609,11.431483497707415,1.3204214752420662,us10/top10/cap/full/A
us10,10,capweight,drift_band,M,0.07541758696647372,0.1832847865590418,0.41147761569495755,-0.5075708495988321,2.390525311073337,0.880017987364009,0.19124090005187488,0.22084916104575064,0.865934464710318,-0.36335194278533234,4.380230174998424,1.3858603793630535,0.12303459520809246,0.20104128675208713,0.6119867077841172,-0.5075708495988321,10.713656566080523,1.2375071189192535,us10/top10/cap/drift_band/M
us10,10,capweight,drift_band,Q,0.07568294007020038,0.18333562583922802,0.41281087472092737,-0.5075708495988321,2.397605007658731,0.8826242180160614,0.19124090005187488,0.22084916104575064,0.865934464710318,-0.36335194278533234,4.380230174998424,1.3858603793630535,0.1252532564066844,0.20222971884168203,0.6193612745154455,-0.5075708495988321,11.154653058806684,1.288445497968555,us10/top10/cap/drift_band/Q
us10,10,capweight,drift_band,SA,0.07568294007020038,0.18333562583922802,0.41281087472092737,-0.5075708495988321,2.397605007658731,0.8826242180160614,0.19124090005187488,0.22084916104575064,0.865934464710318,-0.36335194278533234,4.380230174998424,1.3858603793630535,0.1252532564066844,0.20222971884168203,0.6193612745154455,-0.5075708495988321,11.154653058806684,1.288445497968555,us10/top10/cap/drift_band/SA
us10,10,capweight,drift_band,A,0.07568294007020038,0.18333562583922802,0.41281087472092737,-0.5075708495988321,2.397605007658731,0.8826242180160614,0.19124090005187488,0.22084916104575064,0.865934464710318,-0.36335194278533234,4.380230174998424,1.3858603793630535,0.1252532564066844,0.20222971884168203,0.6193612745154455,-0.5075708495988321,11.154653058806684,1.288445497968555,us10/top10/cap/drift_band/A
us10,10,capweight,no_sell,M,0.07197499626273385,0.1780936444453184,0.40414129592835046,-0.4854589803030247,2.3003963065973037,0.8468390267586898,0.18496608492730515,0.22210425719160712,0.8327894623277606,-0.3809551239688175,4.189252041814874,1.3254368359578492,0.12148961217192578,0.19975664511359048,0.6081880885756836,-0.4854589803030247,10.416413747981046,1.203173359835515,us10/top10/cap/no_sell/M
us10,10,capweight,no_sell,Q,0.07197499626273385,0.1780936444453184,0.40414129592835046,-0.4854589803030247,2.3003963065973037,0.8468390267586898,0.18496608492730515,0.22210425719160712,0.8327894623277606,-0.3809551239688175,4.189252041814874,1.3254368359578492,0.12148961217192578,0.19975664511359048,0.6081880885756836,-0.4854589803030247,10.416413747981046,1.203173359835515,us10/top10/cap/no_sell/Q
us10,10,capweight,no_sell,SA,0.07197499626273385,0.1780936444453184,0.40414129592835046,-0.4854589803030247,2.3003963065973037,0.8468390267586898,0.18496608492730515,0.22210425719160712,0.8327894623277606,-0.3809551239688175,4.189252041814874,1.3254368359578492,0.12148961217192578,0.19975664511359048,0.6081880885756836,-0.4854589803030247,10.416413747981046,1.203173359835515,us10/top10/cap/no_sell/SA
us10,10,capweight,no_sell,A,0.07197499626273385,0.1780936444453184,0.40414129592835046,-0.4854589803030247,2.3003963065973037,0.8468390267586898,0.18496608492730515,0.22210425719160712,0.8327894623277606,-0.3809551239688175,4.189252041814874,1.3254368359578492,0.12148961217192578,0.19975664511359048,0.6081880885756836,-0.4854589803030247,10.416413747981046,1.203173359835515,us10/top10/cap/no_sell/A
us10,10,capweight_cap20,full,M,0.08255447299122176,0.1830311953376527,0.45104045154120714,-0.5151642874147635,2.5877690494014725,0.9526288218193628,0.1913490705353833,0.22612652076311382,0.8462035761645015,-0.3866579713861772,4.383588603672938,1.3869229521163056,0.12688838457731788,0.2034758406279715,0.6236041791777944,-0.5151642874147635,11.490655264589964,1.327256254974321,us10/top10/cap_cap20/full/M
us10,10,capweight_cap20,full,Q,0.08223830740130333,0.18299180975857182,0.44940977145263233,-0.5150222315961795,2.5787246596842306,0.9492993336942906,0.1919768181536683,0.2262565549291299,0.8484917407754263,-0.38711162288366774,4.403123478542317,1.3931035882965257,0.1269405307813687,0.20352135260094675,0.62372094701172,-0.5150222315961795,11.501527566728132,1.3285120868382638,us10/top10/cap_cap20/full/Q
us10,10,capweight_cap20,full,SA,0.08214291751036584,0.18288894332826652,0.44914097055570984,-0.5155681782121849,2.5760015841225083,0.9482968948310975,0.19189213244324343,0.22633351524949438,0.8478290642537621,-0.3876860753042469,4.400483674436667,1.3922683810646816,0.12684962509754483,0.20350873274489656,0.6233129329961191,-0.5155681782121849,11.48258038142809,1.3263235458347638,us10/top10/cap_cap20/full/SA
us10,10,capweight_cap20,full,A,0.0820312076338161,0.1830387209708289,0.44816313837163185,-0.5149934330810264,2.572815975980049,0.9471241850283308,0.19132905035162295,0.22642910966286836,0.8449843336684665,-0.3864680514359339,4.382966854857514,1.3867262371002478,0.12656161516585573,0.2036305973226831,0.6215255311818388,-0.5149934330810264,11.422747197045435,1.3194123674556129,us10/top10/cap_cap20/full/A
us10,10,capweight_cap20,drift_band,M,0.07549933946319665,0.17905170387118355,0.42166222287118627,-0.5070924158382493,2.392704446056061,0.8808201867688045,0.18680271948250082,0.21896286292552755,0.8531251235330949,-0.3754431754691391,4.244376210671612,1.3428775636163905,0.12301835099775094,0.19711103895539248,0.6241068569761372,-0.5070924158382493,10.71048975814246,1.2371413290189117,us10/top10/cap_cap20/drift_band/M
us10,10,capweight_cap20,drift_band,Q,0.07566363778204588,0.1795106586072544,0.42149941607416147,-0.5070282128039955,2.3970893697061646,0.8824343975313654,0.18671112128087608,0.22233445913241545,0.8397759034269932,-0.3835881941517404,4.241611937973248,1.3420029757848462,0.12230260884705646,0.1975202446034159,0.6191902460055042,-0.5070282128039955,10.571836297508531,1.2211258217512515,us10/top10/cap_cap20/drift_band/Q
us10,10,capweight_cap20,drift_band,SA,0.07566363778204588,0.1795106586072544,0.42149941607416147,-0.5070282128039955,2.3970893697061646,0.8824343975313654,0.18924982723195072,0.22269100759471086,0.8498314740053545,-0.38189629231088806,4.318816021120154,1.3664295642707778,0.1225081662302312,0.198398654022801,0.6174848656793404,-0.5070282128039955,10.611481112669713,1.225705093140772,us10/top10/cap_cap20/drift_band/SA
us10,10,capweight_cap20,drift_band,A,0.07665187587923139,0.18224580872277613,0.42059609719656527,-0.5059205219658449,2.4236200132941086,0.8922010557071165,0.18390905645844158,0.22102767941989437,0.8320634634590848,-0.38189629231088806,4.157813700606756,1.315490063817446,0.1228678115857409,0.20113302014619736,0.6108783704258609,-0.5059205219658449,10.681184431409784,1.2337563455419578,us10/top10/cap_cap20/drift_band/A
us10,10,capweight_cap20,no_sell,M,0.07195999886761895,0.17803938545243306,0.4041802249808628,-0.4851744759283777,2.3000105743068575,0.8466970281141546,0.18506719806060312,0.2221104476088239,0.8332214898172619,-0.3806228836298745,4.1922703203364655,1.326391788654361,0.12154429590697813,0.19971750033280564,0.608581099324991,-0.4851744759283777,10.426799227397348,1.2043729600496709,us10/top10/cap_cap20/no_sell/M
us10,10,capweight_cap20,no_sell,Q,0.07195999886761895,0.17803938545243306,0.4041802249808628,-0.4851744759283777,2.3000105743068575,0.8466970281141546,0.18506719806060312,0.2221104476088239,0.8332214898172619,-0.3806228836298745,4.1922703203364655,1.326391788654361,0.12154429590697813,0.19971750033280564,0.608581099324991,-0.4851744759283777,10.426799227397348,1.2043729600496709,us10/top10/cap_cap20/no_sell/Q
us10,10,capweight_cap20,no_sell,SA,0.07195999886761895,0.17803938545243306,0.4041802249808628,-0.4851744759283777,2.3000105743068575,0.8466970281141546,0.18506719806060312,0.2221104476088239,0.8332214898172619,-0.3806228836298745,4.1922703203364655,1.326391788654361,0.12154429590697813,0.19971750033280564,0.608581099324991,-0.4851744759283777,10.426799227397348,1.2043729600496709,us10/top10/cap_cap20/no_sell/SA
us10,10,capweight_cap20,no_sell,A,0.07195999886761895,0.17803938545243306,0.4041802249808628,-0.4851744759283777,2.3000105743068575,0.8466970281141546,0.18506719806060312,0.2221104476088239,0.8332214898172619,-0.3806228836298745,4.1922703203364655,1.326391788654361,0.12154429590697813,0.19971750033280564,0.608581099324991,-0.4851744759283777,10.426799227397348,1.2043729600496709,us10/top10/cap_cap20/no_sell/A
us10,10,equal,full,M,0.08097411577463043,0.18794372924239847,0.4308423382947505,-0.5560175433066183,2.5428493488424895,0.9360926469895882,0.17200074533571774,0.21265033274377887,0.8088430575980354,-0.36869809382777385,3.817737824537897,1.2078935075197668,0.1183514043364764,0.1993896517515196,0.5935684389677681,-0.5560175433066183,9.836617071856148,1.1362025259465607,us10/top10/equal/full/M
us10,10,equal,full,Q,0.08207205567543396,0.18559312815525397,0.44221494885725693,-0.5383626967866968,2.57398041237978,0.9475528460310644,0.17409413023289022,0.21223642034190404,0.8202839548105448,-0.3629152153134503,3.875680435795069,1.226225961753905,0.11981153862854654,0.19797117445457585,0.6051968876713266,-0.5383626967866968,10.10245686947943,1.1669090023042605,us10/top10/equal/full/Q
us10,10,equal,full,SA,0.07959355820837843,0.18325800737213915,0.43432513181674537,-0.5401176198808726,2.5041947786786993,0.9218628386372615,0.17518841859931378,0.21160560877148318,0.8279006384396124,-0.37126193889067993,3.9062765624409734,1.2359062657531232,0.11873417263934649,0.19646395414718773,0.604356016118828,-0.5401176198808726,9.905655091454022,1.1441769313422818,us10/top10/equal/full/SA
us10,10,equal,full,A,0.08051334845932101,0.1829291254587649,0.44013411345734543,-0.5309867519343292,2.529887829882422,0.9313211560643162,0.16923367892214003,0.21182537420117722,0.7989301544271721,-0.35653743776416114,3.7423208779613426,1.1840323509098807,0.11695458537771275,0.19639992983742968,0.5954919916444068,-0.5309867519343292,9.588541645094187,1.1075479667161663,us10/top10/equal/full/A
us10,10,equal,drift_band,M,0.07630485479142313,0.17664343765156115,0.43197107011661895,-0.5180475736430524,2.414273237126048,0.8887602508289345,0.16274100054657148,0.2085284704210242,0.7804258105283817,-0.36853321803399197,3.5704947654400296,1.1296683124987368,0.11218068291315753,0.19315502249248295,0.5807805640545707,-0.5180475736430524,8.784849947758714,1.0147155905115965,us10/top10/equal/drift_band/M
us10,10,equal,drift_band,Q,0.07572844155944791,0.17548306126780433,0.43154274271451704,-0.5180475736430524,2.3988209288163937,0.8830718319714557,0.16357159684935918,0.2109195346915196,0.7755165830826947,-0.3696334559946677,3.5920808136426796,1.1364979191075002,0.111300336303362,0.1945156038146058,0.5721923286393165,-0.5180475736430524,8.643818936624651,0.9984254584553445,us10/top10/equal/drift_band/Q
us10,10,equal,drift_band,SA,0.07640094597937241,0.17827824403461273,0.4285489033902486,-0.5210155479036437,2.4168580744421693,0.8897118003992568,0.16364294693530224,0.20917529334024335,0.7823244529607115,-0.3653002872500525,3.5939404578738694,1.1370862916716697,0.11253686319729717,0.19352693306570692,0.581504917246264,-0.5210155479036437,8.84252935476512,1.021377991564422,us10/top10/equal/drift_band/SA
us10,10,equal,drift_band,A,0.07667211605241198,0.17917115438441653,0.42792667332995965,-0.5210155479036437,2.4241661908304217,0.8924021186509068,0.17020525269492737,0.21355114250573312,0.79702337668532,-0.367974506461231,3.7686503234512836,1.1923627202871294,0.1148794126902366,0.1947035868224129,0.5900220666967831,-0.5210155479036437,9.230949744179643,1.0662434391423923,us10/top10/equal/drift_band/A
us10,10,equal,no_sell,M,0.07219462476874727,0.17272522373730662,0.4179738384854909,-0.4790650037253512,2.3060519377855973,0.8489210198472134,0.16369786451583068,0.21161246581190674,0.7735738246221029,-0.3661219420796711,3.5953723888609352,1.1375393401055816,0.11716468941080116,0.19396009241663897,0.6040659599147011,-0.4790650037253512,9.62547214492663,1.1118137144714737,us10/top10/equal/no_sell/M
us10,10,equal,no_sell,Q,0.07219462476874727,0.17272522373730662,0.4179738384854909,-0.4790650037253512,2.3060519377855973,0.8489210198472134,0.16369786451583068,0.21161246581190674,0.7735738246221029,-0.3661219420796711,3.5953723888609352,1.1375393401055816,0.11716468941080116,0.19396009241663897,0.6040659599147011,-0.4790650037253512,9.62547214492663,1.1118137144714737,us10/top10/equal/no_sell/Q
us10,10,equal,no_sell,SA,0.07219462476874727,0.17272522373730662,0.4179738384854909,-0.4790650037253512,2.3060519377855973,0.8489210198472134,0.16369786451583068,0.21161246581190674,0.7735738246221029,-0.3661219420796711,3.5953723888609352,1.1375393401055816,0.11716468941080116,0.19396009241663897,0.6040659599147011,-0.4790650037253512,9.62547214492663,1.1118137144714737,us10/top10/equal/no_sell/SA
us10,10,equal,no_sell,A,0.07219462476874727,0.17272522373730662,0.4179738384854909,-0.4790650037253512,2.3060519377855973,0.8489210198472134,0.16369786451583068,0.21161246581190674,0.7735738246221029,-0.3661219420796711,3.5953723888609352,1.1375393401055816,0.11716468941080116,0.19396009241663897,0.6040659599147011,-0.4790650037253512,9.62547214492663,1.1118137144714737,us10/top10/equal/no_sell/A
global10,1,capweight,full,M,0.10789066191726038,0.2566044177404442,0.4204552005273423,-0.37298671897602753,3.4147089493447154,1.2570480986402817,0.15966799997495484,0.2501864946326968,0.638195919445477,-0.3650952633346978,3.4916224927544275,1.1047139257705703,0.12990679759610635,0.2537301913858315,0.5119879383946283,-0.37298671897602753,12.136349457371738,1.4018387427817112,global10/top1/cap/full/M
global10,1,capweight,full,Q,0.10789066191726038,0.2566044177404442,0.4204552005273423,-0.37298671897602753,3.4147089493447154,1.2570480986402817,0.15966799997495484,0.2501864946326968,0.638195919445477,-0.3650952633346978,3.4916224927544275,1.1047139257705703,0.12990679759610635,0.2537301913858315,0.5119879383946283,-0.37298671897602753,12.136349457371738,1.4018387427817112,global10/top1/cap/full/Q
global10,1,capweight,full,SA,0.10789066191726038,0.2566044177404442,0.4204552005273423,-0.37298671897602753,3.4147089493447154,1.2570480986402817,0.15966799997495484,0.2501864946326968,0.638195919445477,-0.3650952633346978,3.4916224927544275,1.1047139257705703,0.12990679759610635,0.2537301913858315,0.5119879383946283,-0.37298671897602753,12.136349457371738,1.4018387427817112,global10/top1/cap/full/SA
global10,1,capweight,full,A,0.10789066191726038,0.2566044177404442,0.4204552005273423,-0.37298671897602753,3.4147089493447154,1.2570480986402817,0.15966799997495484,0.2501864946326968,0.638195919445477,-0.3650952633346978,3.4916224927544275,1.1047139257705703,0.12990679759610635,0.2537301913858315,0.5119879383946283,-0.37298671897602753,12.136349457371738,1.4018387427817112,global10/top1/cap/full/A
global10,3,capweight,full,M,0.09821251314178081,0.21876730785337303,0.4489359681091241,-0.4718292320464106,3.073828884135058,1.1315607894163418,0.19450811265922674,0.20832956341126252,0.9336558358510505,-0.2789168882307098,4.4826757040168,1.418273105187332,0.13773646131637318,0.2141406593016517,0.6432055536092711,-0.4718292320464106,13.976001049561502,1.6143322017258441,global10/top3/cap/full/M
global10,3,capweight,full,Q,0.09777898304051869,0.21878408640723288,0.446919996084716,-0.4718483510438728,3.059315905752135,1.1262181636896713,0.19450734968077588,0.2083332392560159,0.9336357000706463,-0.2789139032375104,4.482651535902964,1.4182654586413583,0.13747279204694673,0.21415181587191512,0.6419408188869603,-0.4718483510438728,13.90995262706209,1.6067031170587862,global10/top3/cap/full/Q
global10,3,capweight,full,SA,0.09780710101721213,0.21879697247800814,0.4470221864109339,-0.47184780216698907,3.060255283174077,1.1265639743047706,0.19451051602768166,0.20833241607891215,0.9336545876471042,-0.2789192275917244,4.482751833893299,1.418297191907735,0.13749112486449788,0.2141587093345045,0.6420057596151463,-0.47184780216698907,13.914535327487892,1.6072324530857371,global10/top3/cap/full/SA
global10,3,capweight,full,A,0.09783365635986696,0.21882375515373936,0.44708882859236104,-0.4718468489745039,3.0611426981863263,1.1268906561304843,0.19452258581964532,0.20833446022648794,0.9337033614514506,-0.27891912009153863,4.483134177762121,1.418418161628029,0.13751200588108814,0.21417469259879826,0.6420553437594135,-0.4718468489745039,13.919756756794524,1.6078355670550935,global10/top3/cap/full/A
global10,3,capweight,drift_band,M,0.09432150189999255,0.21691868565415307,0.434824236628352,-0.471179457511987,2.9458004634543027,1.0844300133601437,0.19475674096046136,0.20741970481120392,0.9389500440073013,-0.2751702420805926,4.490557376910989,1.4207667865124602,0.1361470696816065,0.21273109613614036,0.6399960896853425,-0.471179457511987,13.582336919664797,1.5688610630715885,global10/top3/cap/drift_band/M
global10,3,capweight,drift_band,Q,0.09596386197257001,0.21771914895923153,0.44076904779073656,-0.47019831335119455,2.9992317721064707,1.104099544774222,0.19475674096046136,0.20741970481120392,0.9389500440073013,-0.2751702420805926,4.490557376910989,1.4207667865124602,0.13714676866539866,0.21318118169650532,0.6433343110962167,-0.47019831335119455,13.828695098087158,1.5973172673302605,global10/top3/cap/drift_band/Q
global10,3,capweight,drift_band,SA,0.09596386197257001,0.21771914895923153,0.44076904779073656,-0.47019831335119455,2.9992317721064707,1.104099544774222,0.19475674096046136,0.20741970481120392,0.9389500440073013,-0.2751702420805926,4.490557376910989,1.4207667865124602,0.13714676866539866,0.21318118169650532,0.6433343110962167,-0.47019831335119455,13.828695098087158,1.5973172673302605,global10/top3/cap/drift_band/SA
global10,3,capweight,drift_band,A,0.09596386197257001,0.21771914895923153,0.44076904779073656,-0.47019831335119455,2.9992317721064707,1.104099544774222,0.19475674096046136,0.20741970481120392,0.9389500440073013,-0.2751702420805926,4.490557376910989,1.4207667865124602,0.13714676866539866,0.21318118169650532,0.6433343110962167,-0.47019831335119455,13.828695098087158,1.5973172673302605,global10/top3/cap/drift_band/A
global10,3,capweight,no_sell,M,0.09006114267283594,0.21662184096901463,0.4157528265384754,-0.47019831335119455,2.81123809672086,1.0348939124039347,0.20800956956254346,0.22296089857949583,0.9329419233946012,-0.280288983646633,4.9287764900117015,1.5594148671070176,0.1462630928841233,0.2274245950726482,0.6431278588729651,-0.47019831335119455,16.2800615035241,1.8804683426981281,global10/top3/cap/no_sell/M
global10,3,capweight,no_sell,Q,0.09006114267283594,0.21662184096901463,0.4157528265384754,-0.47019831335119455,2.81123809672086,1.0348939124039347,0.20800956956254346,0.22296089857949583,0.9329419233946012,-0.280288983646633,4.9287764900117015,1.5594148671070176,0.1462630928841233,0.2274245950726482,0.6431278588729651,-0.47019831335119455,16.2800615035241,1.8804683426981281,global10/top3/cap/no_sell/Q
global10,3,capweight,no_sell,SA,0.09006114267283594,0.21662184096901463,0.4157528265384754,-0.47019831335119455,2.81123809672086,1.0348939124039347,0.20800956956254346,0.22296089857949583,0.9329419233946012,-0.280288983646633,4.9287764900117015,1.5594148671070176,0.1462630928841233,0.2274245950726482,0.6431278588729651,-0.47019831335119455,16.2800615035241,1.8804683426981281,global10/top3/cap/no_sell/SA
global10,3,capweight,no_sell,A,0.09006114267283594,0.21662184096901463,0.4157528265384754,-0.47019831335119455,2.81123809672086,1.0348939124039347,0.20800956956254346,0.22296089857949583,0.9329419233946012,-0.280288983646633,4.9287764900117015,1.5594148671070176,0.1462630928841233,0.2274245950726482,0.6431278588729651,-0.47019831335119455,16.2800615035241,1.8804683426981281,global10/top3/cap/no_sell/A
global10,3,equal,full,M,0.10048333817563049,0.2194128840252695,0.4579646205464304,-0.5107926429667975,3.150883975762063,1.15992688382063,0.20043562833945772,0.2084674321206442,0.9614721412381656,-0.27507070309607773,4.673939770267487,1.4787871149134972,0.14141995125739415,0.21456380059444252,0.6591044289185523,-0.5107926429667975,14.93047155890733,1.724580653580603,global10/top3/equal/full/M
global10,3,equal,full,Q,0.1023175160992651,0.2188408895914353,0.4675429545652398,-0.508710606521955,3.214410624829995,1.1833127871606954,0.202638249565118,0.20950840147129696,0.9672082271740297,-0.2758267333879084,4.746823999936269,1.5018469455942898,0.14339290507884472,0.2146955350356014,0.6678895537118036,-0.508710606521955,15.466881305917514,1.786539974050554,global10/top3/equal/full/Q
global10,3,equal,full,SA,0.10122293246997272,0.21944887928266585,0.4612597375792033,-0.5149481012013983,3.1763600178098503,1.1693053142204437,0.20427610054594902,0.20908796583496178,0.9769864072769694,-0.275826460667254,4.801667746747418,1.5191989505631651,0.14336313914009824,0.21485433359268957,0.667257377325603,-0.5149481012013983,15.458654020737944,1.7855896613430018,global10/top3/equal/full/SA
global10,3,equal,full,A,0.10191772974087643,0.22036907312570878,0.46248653813022944,-0.5040100585058715,3.2004648351594205,1.1781789591684746,0.2025004153323826,0.2095480829501561,0.9663673009146552,-0.2758226719920205,4.742233887374413,1.5003946805574884,0.14310155077298847,0.21557354791541905,0.663817765012314,-0.5040100585058715,15.386529973187036,1.7772587967367852,global10/top3/equal/full/A
global10,3,equal,drift_band,M,0.09917551695395876,0.21845407617027182,0.4539879442517585,-0.5116902540963142,3.1062927203329815,1.143511618659051,0.20390913243665398,0.2067599269220409,0.9862120550736032,-0.2668131070609763,4.789331434503979,1.5152958665510015,0.14198321477967268,0.21437572705706,0.662310125912162,-0.5116902540963142,15.081780128023622,1.742057920121675,global10/top3/equal/drift_band/M
global10,3,equal,drift_band,Q,0.10200511867273532,0.217399105708028,0.4692067078221128,-0.51289468764951,3.2035084875987847,1.179299411180222,0.20152922450321697,0.2097271164669351,0.9609116260127928,-0.269859516646602,4.710002354309175,1.4901969505623383,0.14193957711122773,0.21400789914772975,0.663244570300869,-0.51289468764951,15.070005892264748,1.7406979082077623,global10/top3/equal/drift_band/Q
global10,3,equal,drift_band,SA,0.10274585212571452,0.2180670683869953,0.47116629248839803,-0.5128738442114218,3.2294141047531038,1.1888359799686654,0.19909428094191628,0.20948894093214457,0.9503808652429284,-0.27947062272499523,4.630039825380696,1.4648976178222064,0.14307795194142447,0.21388024849248166,0.6689629030726227,-0.5128738442114218,15.380039164264472,1.7765090599686078,global10/top3/equal/drift_band/SA
global10,3,equal,drift_band,A,0.10140924782939797,0.21953091621938417,0.4619360661167948,-0.5018204071938386,3.18280753236752,1.1716788213145781,0.19990894102108148,0.21087591208426648,0.9479932489453675,-0.27506408160621953,4.65665866237488,1.4733195477348224,0.14240124359347983,0.2158249002115604,0.6597998815423628,-0.5018204071938386,15.195016124589312,1.7551375210033768,global10/top3/equal/drift_band/A
global10,3,equal,no_sell,M,0.0944286712516409,0.22033628419252937,0.42856614196656473,-0.4957026620352427,2.9492602409909474,1.08570365244291,0.20863259687589575,0.22375557567239507,0.9324129521641902,-0.28519330747386873,4.950274218639847,1.5662165302986228,0.15218838533147316,0.23329233429372004,0.6523505617628427,-0.4957026620352427,18.089251748254814,2.0894432891624235,global10/top3/equal/no_sell/M
global10,3,equal,no_sell,Q,0.0944286712516409,0.22033628419252937,0.42856614196656473,-0.4957026620352427,2.9492602409909474,1.08570365244291,0.20863259687589575,0.22375557567239507,0.9324129521641902,-0.28519330747386873,4.950274218639847,1.5662165302986228,0.15218838533147316,0.23329233429372004,0.6523505617628427,-0.4957026620352427,18.089251748254814,2.0894432891624235,global10/top3/equal/no_sell/Q
global10,3,equal,no_sell,SA,0.0944286712516409,0.22033628419252937,0.42856614196656473,-0.4957026620352427,2.9492602409909474,1.08570365244291,0.20863259687589575,0.22375557567239507,0.9324129521641902,-0.28519330747386873,4.950274218639847,1.5662165302986228,0.15218838533147316,0.23329233429372004,0.6523505617628427,-0.4957026620352427,18.089251748254814,2.0894432891624235,global10/top3/equal/no_sell/SA
global10,3,equal,no_sell,A,0.0944286712516409,0.22033628419252937,0.42856614196656473,-0.4957026620352427,2.9492602409909474,1.08570365244291,0.20863259687589575,0.22375557567239507,0.9324129521641902,-0.28519330747386873,4.950274218639847,1.5662165302986228,0.15218838533147316,0.23329233429372004,0.6523505617628427,-0.4957026620352427,18.089251748254814,2.0894432891624235,global10/top3/equal/no_sell/A
global10,5,capweight,full,M,0.09606109170416532,0.20306249243514837,0.47306171884423287,-0.5162595752997748,3.00242264915326,1.1052741942053048,0.19797893808992906,0.21006485289594362,0.9424657926378509,-0.3184169373494613,4.593813808111534,1.4534360735586171,0.13764703505906084,0.20621723694698682,0.6674855947878225,-0.5162595752997748,13.953566665040757,1.6117408632428756,global10/top5/cap/full/M
global10,5,capweight,full,Q,0.09570104805630031,0.20308471681618423,0.471237075623574,-0.5162730084846429,2.990622316671472,1.1009301678974692,0.19797828774066484,0.2100676475927606,0.9424501583626418,-0.31841693676107985,4.593792758054236,1.4534294135340917,0.13742807414073122,0.20623090200909364,0.6663796395298286,-0.5162730084846429,13.898780400051795,1.6054126416385461,global10/top5/cap/full/Q
global10,5,capweight,full,SA,0.09576869740732841,0.20310396135167255,0.47152550235839974,-0.5162726233520109,2.992836257232109,1.101745180190914,0.19798049653542238,0.21006763582364074,0.9424607258475268,-0.31841613656927303,4.593864251148481,1.4534520332236407,0.13747136311273556,0.20624144538590672,0.6665554678183492,-0.5162726233520109,13.909595493099292,1.6066618654264753,global10/top5/cap/full/SA
global10,5,capweight,full,A,0.0955658848176475,0.2031259814657992,0.4704759289187147,-0.5162719170144342,2.986203364024161,1.0993034301269342,0.19798628888297998,0.21006975768234185,0.9424787797507057,-0.3184158101915662,4.594051739432951,1.453511352614326,0.13735109530885836,0.20625486677353813,0.665928990949173,-0.5162719170144342,13.87956815951704,1.6031934847815472,global10/top5/cap/full/A
global10,5,capweight,drift_band,M,0.08983275871583696,0.2018866212573282,0.44496637843740305,-0.5145909085621383,2.8041863268753553,1.0322979623514297,0.2030955341427061,0.21449714641950982,0.9468449232676287,-0.3295723396350626,4.762080411710662,1.5066739194665904,0.13386508608860215,0.20640153729756294,0.6485663229126672,-0.5145909085621383,13.035527270589338,1.5057004764641182,global10/top5/cap/drift_band/M
global10,5,capweight,drift_band,Q,0.08983275871583696,0.2018866212573282,0.44496637843740305,-0.5145909085621383,2.8041863268753553,1.0322979623514297,0.2030955341427061,0.21449714641950982,0.9468449232676287,-0.3295723396350626,4.762080411710662,1.5066739194665904,0.13386508608860215,0.20640153729756294,0.6485663229126672,-0.5145909085621383,13.035527270589338,1.5057004764641182,global10/top5/cap/drift_band/Q
global10,5,capweight,drift_band,SA,0.08983275871583696,0.2018866212573282,0.44496637843740305,-0.5145909085621383,2.8041863268753553,1.0322979623514297,0.2030955341427061,0.21449714641950982,0.9468449232676287,-0.3295723396350626,4.762080411710662,1.5066739194665904,0.1357847257215956,0.208555901898962,0.6510711252246342,-0.5145909085621383,13.494078740699505,1.5586665861347235,global10/top5/cap/drift_band/SA
global10,5,capweight,drift_band,A,0.08983275871583696,0.2018866212573282,0.44496637843740305,-0.5145909085621383,2.8041863268753553,1.0322979623514297,0.2030955341427061,0.21449714641950982,0.9468449232676287,-0.3295723396350626,4.762080411710662,1.5066739194665904,0.1357847257215956,0.208555901898962,0.6510711252246342,-0.5145909085621383,13.494078740699505,1.5586665861347235,global10/top5/cap/drift_band/A
global10,5,capweight,no_sell,M,0.08001224385363948,0.20129765295114008,0.39748224919969843,-0.5145909085621383,2.5158603719489423,0.9261572637427112,0.21647893964540077,0.22875943462127094,0.9463169901770325,-0.35345614652438184,5.2281778086457305,1.6541424061738665,0.1401354596513007,0.21785568992632376,0.6432490227760077,-0.5145909085621383,14.590802634644481,1.6853463632840735,global10/top5/cap/no_sell/M
global10,5,capweight,no_sell,Q,0.08001224385363948,0.20129765295114008,0.39748224919969843,-0.5145909085621383,2.5158603719489423,0.9261572637427112,0.21647893964540077,0.22875943462127094,0.9463169901770325,-0.35345614652438184,5.2281778086457305,1.6541424061738665,0.1401354596513007,0.21785568992632376,0.6432490227760077,-0.5145909085621383,14.590802634644481,1.6853463632840735,global10/top5/cap/no_sell/Q
global10,5,capweight,no_sell,SA,0.08001224385363948,0.20129765295114008,0.39748224919969843,-0.5145909085621383,2.5158603719489423,0.9261572637427112,0.21647893964540077,0.22875943462127094,0.9463169901770325,-0.35345614652438184,5.2281778086457305,1.6541424061738665,0.1401354596513007,0.21785568992632376,0.6432490227760077,-0.5145909085621383,14.590802634644481,1.6853463632840735,global10/top5/cap/no_sell/SA
global10,5,capweight,no_sell,A,0.08001224385363948,0.20129765295114008,0.39748224919969843,-0.5145909085621383,2.5158603719489423,0.9261572637427112,0.21647893964540077,0.22875943462127094,0.9463169901770325,-0.35345614652438184,5.2281778086457305,1.6541424061738665,0.1401354596513007,0.21785568992632376,0.6432490227760077,-0.5145909085621383,14.590802634644481,1.6853463632840735,global10/top5/cap/no_sell/A
global10,5,equal,full,M,0.09957602359720541,0.20328430655073584,0.48983625586637775,-0.5559148622674142,3.1198864939143727,1.1485158598659373,0.20601276747485153,0.21315484106599705,0.966493495735646,-0.3316197536588541,4.860429788462728,1.5377906642791588,0.14286468203999747,0.2077508228042102,0.6876732429340936,-0.5559148622674142,15.32149772178198,1.7697470873986405,global10/top5/equal/full/M
global10,5,equal,full,Q,0.10246719939790871,0.20262833973944214,0.5056903665581542,-0.5491491046732013,3.219646357888565,1.1852402042213872,0.20694927400830476,0.21328595197158884,0.970290223501789,-0.3313031453220965,4.89237986020692,1.5478993427684344,0.14500384469964467,0.20745748848559276,0.6989569080304118,-0.5491491046732013,15.918408358992037,1.8386947112420946,global10/top5/equal/full/Q
global10,5,equal,full,SA,0.10237276968302456,0.2023118970387698,0.5060145803655158,-0.553142461717461,3.2163424161689096,1.1840239325805761,0.20945534098161533,0.21344156777606624,0.9813240371311689,-0.3269647989370317,4.978789858769669,1.5752385894757093,0.14592048305627126,0.2073592271455667,0.7037086560601169,-0.553142461717461,16.180898421005274,1.8690142681910602,global10/top5/equal/full/SA
global10,5,equal,full,A,0.1014853614571043,0.20302620481022485,0.4998633627219006,-0.5439162164717918,3.1854449231327995,1.1726497172521375,0.20978680682577888,0.214056735025916,0.9800523529445586,-0.3254141787344982,4.990319051332936,1.5788863090112437,0.14553998897550002,0.2080293670738507,0.6996127086414349,-0.5439162164717918,16.071443645045893,1.8563714264484674,global10/top5/equal/full/A
global10,5,equal,drift_band,M,0.10092695233464966,0.19704466377556074,0.512203428404477,-0.5487447048026759,3.166142121967194,1.1655438262776483,0.20411995745739708,0.21442484283338842,0.9519417375345897,-0.3295025628114455,4.796415288388418,1.5175371260372439,0.1425107631321203,0.20259193395731984,0.7034374979713809,-0.5487447048026759,15.224816270572312,1.7585796597887053,global10/top5/equal/drift_band/M
global10,5,equal,drift_band,Q,0.0989979982833904,0.19533665760347793,0.5068070658009854,-0.5361570307402497,3.1002848624296235,1.1412999612480244,0.20818743156794817,0.21305613636501156,0.9771482536005336,-0.3258275324091461,4.9349052574225425,1.561353946924671,0.14252403159977267,0.20332376614593178,0.7009708422254914,-0.5361570307402497,15.228430378667618,1.7589971161882922,global10/top5/equal/drift_band/Q
global10,5,equal,drift_band,SA,0.09903307782966353,0.1951966857003104,0.5073502015383146,-0.5355169963580595,3.101471232955983,1.1417366968048657,0.20373770569841687,0.21042024560815056,0.9682419346559548,-0.3212987744904382,4.783578187953965,1.5134755977231482,0.14210405461135078,0.20230170591729285,0.7024362645238754,-0.5355169963580595,15.114430586525463,1.7458292912294562,global10/top5/equal/drift_band/SA
global10,5,equal,drift_band,A,0.09602115687194002,0.2005365555424383,0.4788212134800513,-0.5376973988620903,3.001111694877952,1.1047915959506287,0.20295639371079743,0.21025977923625405,0.9652649424821743,-0.3124190510668775,4.757433692833679,1.5052037447660904,0.1446944909362491,0.20687462772072215,0.6994308220899115,-0.5376973988620903,15.830739028793415,1.8285682507229883,global10/top5/equal/drift_band/A
global10,5,equal,no_sell,M,0.08080169064624454,0.20142586865734297,0.40114852766851367,-0.5410212331880646,2.537991869860171,0.9343044756375083,0.2112940650019406,0.22834689791264523,0.9253204967241191,-0.3615783959424844,5.04304254430246,1.5955674871797212,0.13831870873802732,0.21628969044573676,0.6395067118223512,-0.5410212331880646,14.122910565291487,1.6313013448406628,global10/top5/equal/no_sell/M
global10,5,equal,no_sell,Q,0.08080169064624454,0.20142586865734297,0.40114852766851367,-0.5410212331880646,2.537991869860171,0.9343044756375083,0.2112940650019406,0.22834689791264523,0.9253204967241191,-0.3615783959424844,5.04304254430246,1.5955674871797212,0.13831870873802732,0.21628969044573676,0.6395067118223512,-0.5410212331880646,14.122910565291487,1.6313013448406628,global10/top5/equal/no_sell/Q
global10,5,equal,no_sell,SA,0.08080169064624454,0.20142586865734297,0.40114852766851367,-0.5410212331880646,2.537991869860171,0.9343044756375083,0.2112940650019406,0.22834689791264523,0.9253204967241191,-0.3615783959424844,5.04304254430246,1.5955674871797212,0.13831870873802732,0.21628969044573676,0.6395067118223512,-0.5410212331880646,14.122910565291487,1.6313013448406628,global10/top5/equal/no_sell/SA
global10,5,equal,no_sell,A,0.08080169064624454,0.20142586865734297,0.40114852766851367,-0.5410212331880646,2.537991869860171,0.9343044756375083,0.2112940650019406,0.22834689791264523,0.9253204967241191,-0.3615783959424844,5.04304254430246,1.5955674871797212,0.13831870873802732,0.21628969044573676,0.6395067118223512,-0.5410212331880646,14.122910565291487,1.6313013448406628,global10/top5/equal/no_sell/A
global10,10,capweight,full,M,0.08339075375770211,0.18507486184892763,0.4505785006381475,-0.5130780681466172,2.611832458441987,0.9614872232321646,0.1702916294709511,0.20753683598995654,0.820536887626022,-0.3730050373862114,3.7709990007841383,1.193105817962245,0.11919090074324967,0.19545796189342918,0.6098032517510692,-0.5130780681466172,9.988635913917458,1.153761834302247,global10/top10/cap/full/M
global10,10,capweight,full,Q,0.08309179459524763,0.18509442079989552,0.44891571683339754,-0.5130871398054719,2.603206658471151,0.9583118294831098,0.1702894404144022,0.20753823870261162,0.8205207940422755,-0.37300712625331334,3.770939462052709,1.1930869805117847,0.11900887019152151,0.19546886461788734,0.6088379876977656,-0.5130871398054719,9.955484693675317,1.149932621484245,global10/top10/cap/full/Q
global10,10,capweight,full,SA,0.08307989442046004,0.18510806212141664,0.44881834679877974,-0.5130881526455192,2.6028638464503424,0.9581856309679972,0.17029490826312976,0.207537825525418,0.8205487738536272,-0.37299756813508855,3.7710881800793907,1.1931340333863236,0.1190039938212446,0.19547574883156335,0.6087915996361647,-0.5130881526455192,9.954598054841288,1.1498302080960376,global10/top10/cap/full/SA
global10,10,capweight,full,A,0.08286422311036468,0.1851202328397538,0.44762380556259723,-0.5130882404204866,2.596658102212256,0.955901126165141,0.17029123584929962,0.20753669218113807,0.8205355595658689,-0.3730003323146309,3.770988294862644,1.1931024307173215,0.11887256739580754,0.19548155509390452,0.6081011957302267,-0.5130882404204866,9.93072990773662,1.1470732593572706,global10/top10/cap/full/A
global10,10,capweight,drift_band,M,0.08605515596398083,0.18035950026629924,0.4771312619347533,-0.5025419315445623,2.6898731205630813,0.9902161331894175,0.17504454376831835,0.20980373518333495,0.8343252021483668,-0.3686996359328938,3.9022417271817074,1.234629684820233,0.12230522953669198,0.19292984794761137,0.6339362770342464,-0.5025419315445623,10.572340848997303,1.221184101205644,global10/top10/cap/drift_band/M
global10,10,capweight,drift_band,Q,0.08610463339738827,0.1799450679961731,0.47850510356426923,-0.503951651068185,2.691342321832187,0.9907569865064194,0.17504454376831835,0.20980373518333495,0.8343252021483668,-0.3686996359328938,3.9022417271817074,1.234629684820233,0.12235795494475066,0.19268729191482345,0.6350079121919386,-0.503951651068185,10.582496739635724,1.2223571822061867,global10/top10/cap/drift_band/Q
global10,10,capweight,drift_band,SA,0.09102330143599002,0.1742535474210701,0.5223612533754582,-0.4706768166189713,2.841125339478693,1.0458962268733842,0.17657357471435553,0.20984460822722154,0.8414491856905857,-0.3686996359328938,3.9453105195276086,1.2482562136816349,0.12604658293160886,0.1894696534100348,0.6652600068826279,-0.4706768166189713,11.31648933735492,1.307138793349789,global10/top10/cap/drift_band/SA
global10,10,capweight,drift_band,A,0.09138122288939332,0.16517004758181436,0.553255412995683,-0.4598561846206093,2.852317460972726,1.050016354021124,0.17758979946163578,0.2094415534449267,0.847920560846745,-0.3686996359328938,3.974166182621193,1.2573858526741022,0.1266048473085739,0.1839736518872894,0.6881683654686476,-0.4598561846206093,11.431709589374508,1.32044759051334,global10/top10/cap/drift_band/A
global10,10,capweight,no_sell,M,0.0729939121727532,0.18600531063279774,0.39242918347021866,-0.5246557764278571,2.3267420647826524,0.8565376235426074,0.17347914892675198,0.20934580501951136,0.8286726782539705,-0.3661215653691262,3.858578547334916,1.2208150977850452,0.12289626934320763,0.2029627989836333,0.6055113053161917,-0.5246557764278571,10.686718416956888,1.2343955620847225,global10/top10/cap/no_sell/M
global10,10,capweight,no_sell,Q,0.0729939121727532,0.18600531063279774,0.39242918347021866,-0.5246557764278571,2.3267420647826524,0.8565376235426074,0.17347914892675198,0.20934580501951136,0.8286726782539705,-0.3661215653691262,3.858578547334916,1.2208150977850452,0.12289626934320763,0.2029627989836333,0.6055113053161917,-0.5246557764278571,10.686718416956888,1.2343955620847225,global10/top10/cap/no_sell/Q
global10,10,capweight,no_sell,SA,0.0729939121727532,0.18600531063279774,0.39242918347021866,-0.5246557764278571,2.3267420647826524,0.8565376235426074,0.17347914892675198,0.20934580501951136,0.8286726782539705,-0.3661215653691262,3.858578547334916,1.2208150977850452,0.12289626934320763,0.2029627989836333,0.6055113053161917,-0.5246557764278571,10.686718416956888,1.2343955620847225,global10/top10/cap/no_sell/SA
global10,10,capweight,no_sell,A,0.0729939121727532,0.18600531063279774,0.39242918347021866,-0.5246557764278571,2.3267420647826524,0.8565376235426074,0.17347914892675198,0.20934580501951136,0.8286726782539705,-0.3661215653691262,3.858578547334916,1.2208150977850452,0.12289626934320763,0.2029627989836333,0.6055113053161917,-0.5246557764278571,10.686718416956888,1.2343955620847225,global10/top10/cap/no_sell/A
global10,10,capweight_cap20,full,M,0.08321662758224724,0.18380143000861143,0.4527528843401729,-0.5261235954838197,2.606805255812333,0.9596365719465554,0.17116690681804303,0.20757832791946584,0.8245894864537624,-0.37075331366863384,3.7948716164658736,1.2006588713186452,0.11943099456299344,0.19481416518841133,0.6130508756767646,-0.5261235954838197,10.032522148655048,1.1588310212390651,global10/top10/cap_cap20/full/M
global10,10,capweight_cap20,full,Q,0.08333539260802358,0.1837562140877119,0.45351060926976494,-0.5254845089847202,2.610233162186461,0.9608984783795302,0.1709458518434681,0.207738622470619,0.8228891181159412,-0.3733078065917743,3.7888299473522347,1.1987473485184041,0.11941567036910494,0.1948670608850955,0.6128058268376054,-0.5254845089847202,10.029715602135632,1.1585068442154751,global10/top10/cap_cap20/full/Q
global10,10,capweight_cap20,full,SA,0.08306617239676628,0.1838914584753936,0.45171305445859694,-0.5282285993492895,2.6024686032291564,0.9580401310887798,0.1709995327963505,0.20778068439006,0.8229808911175717,-0.37299829478345226,3.790296325199049,1.199211295589194,0.119273879772686,0.19495753688646167,0.6117941459331633,-0.5282285993492895,10.003782784971571,1.15551141070907,global10/top10/cap_cap20/full/SA
global10,10,capweight_cap20,full,A,0.08247055626488908,0.1842363901503955,0.4476344559159397,-0.5258291264312656,2.585365655799401,0.9517440666608453,0.1707781533975521,0.2079181958434337,0.8213718511012439,-0.3729870511464545,3.784252227119127,1.1972990042886686,0.11882619252569859,0.19520273482974934,0.6087322118172968,-0.5258291264312656,9.922320839062092,1.1461019493022933,global10/top10/cap_cap20/full/A
global10,10,capweight_cap20,drift_band,M,0.08269394616217207,0.18220864955655042,0.4538420451687016,-0.5290763429573484,2.591768122528698,0.9541009904127847,0.17718552251299546,0.20892880124898583,0.8480665253127975,-0.36161718916171937,3.96266454654816,1.2537468517324506,0.12106189738027551,0.19260963901900952,0.6285349891981645,-0.5290763429573484,10.335521326599462,1.1938296827530088,global10/top10/cap_cap20/drift_band/M
global10,10,capweight_cap20,drift_band,Q,0.083197274642127,0.18303753083814436,0.45453669671547486,-0.5255736594201785,2.606247064421941,0.9594310863732961,0.17905959879192923,0.21038122846221077,0.8511196559729776,-0.36846821730861745,4.01623019890422,1.2706944805850888,0.11942600513775958,0.19189729330323071,0.6223433539995062,-0.5255736594201785,10.031608279343963,1.1587254625279702,global10/top10/cap_cap20/drift_band/Q
global10,10,capweight_cap20,drift_band,SA,0.08334737593783581,0.18312576997890653,0.45513734056892285,-0.5255736594201785,2.610579265538272,0.9610258885239321,0.18101086283831536,0.2109758998669018,0.8579693839557482,-0.36846821730861745,4.072679348132494,1.2885544185880604,0.12184566505322492,0.19238939226296503,0.6333283951886582,-0.5255736594201785,10.484211871307133,1.2110045479782288,global10/top10/cap_cap20/drift_band/SA
global10,10,capweight_cap20,drift_band,A,0.08388777747158738,0.18347327959408324,0.4572206789848686,-0.5255736594201785,2.6262309693794474,0.9667877103500079,0.18020481446464753,0.21079003850264363,0.8549019476666944,-0.36846821730861745,4.049276528318551,1.2811500038770163,0.1206548916362844,0.19298226040625693,0.6252123453331283,-0.5255736594201785,10.259100590549606,1.185002518627349,global10/top10/cap_cap20/drift_band/A
global10,10,capweight_cap20,no_sell,M,0.07578883969814476,0.18587305571661306,0.4077451646014494,-0.5344594591162561,2.4004358012284626,0.8836663108348819,0.17347526781586997,0.2093421599129525,0.8286685677075439,-0.3661223473101405,3.8584708299069264,1.2207810170838826,0.12475941191103601,0.20306795311819587,0.6143727259535614,-0.5344594591162561,11.05502442211829,1.2769376484878794,global10/top10/cap_cap20/no_sell/M
global10,10,capweight_cap20,no_sell,Q,0.07578883969814476,0.18587305571661306,0.4077451646014494,-0.5344594591162561,2.4004358012284626,0.8836663108348819,0.17347526781586997,0.2093421599129525,0.8286685677075439,-0.3661223473101405,3.8584708299069264,1.2207810170838826,0.12475941191103601,0.20306795311819587,0.6143727259535614,-0.5344594591162561,11.05502442211829,1.2769376484878794,global10/top10/cap_cap20/no_sell/Q
global10,10,capweight_cap20,no_sell,SA,0.07578883969814476,0.18587305571661306,0.4077451646014494,-0.5344594591162561,2.4004358012284626,0.8836663108348819,0.17347526781586997,0.2093421599129525,0.8286685677075439,-0.3661223473101405,3.8584708299069264,1.2207810170838826,0.12475941191103601,0.20306795311819587,0.6143727259535614,-0.5344594591162561,11.05502442211829,1.2769376484878794,global10/top10/cap_cap20/no_sell/SA
global10,10,capweight_cap20,no_sell,A,0.07578883969814476,0.18587305571661306,0.4077451646014494,-0.5344594591162561,2.4004358012284626,0.8836663108348819,0.17347526781586997,0.2093421599129525,0.8286685677075439,-0.3661223473101405,3.8584708299069264,1.2207810170838826,0.12475941191103601,0.20306795311819587,0.6143727259535614,-0.5344594591162561,11.05502442211829,1.2769376484878794,global10/top10/cap_cap20/no_sell/A
global10,10,equal,full,M,0.08724382719192358,0.1840801555964751,0.4739447710114506,-0.5328975838855947,2.725374065534209,1.0032850055407356,0.1580684447822256,0.214702226792282,0.7362217297129018,-0.4366341694100937,3.4511790249748,1.0919180229616838,0.11662392519512754,0.19838034363473683,0.587880447519834,-0.5328975838855947,9.530693497245164,1.1008660748393904,global10/top10/equal/full/M
global10,10,equal,full,Q,0.08725973686587474,0.18358513079700614,0.47530939181757387,-0.5287238917826664,2.7258521238639997,1.0034609919347204,0.16035935557218783,0.21437489141409535,0.7480323582412043,-0.4407796079670584,3.5092317814007528,1.1102853260095358,0.11754919577479228,0.19796882689683876,0.5937762910321582,-0.5287238917826664,9.693408362376614,1.1196608535138968,global10/top10/equal/full/Q
global10,10,equal,full,SA,0.08631289449261725,0.18315124622744525,0.47126566851437157,-0.5349774576293989,2.697534571450241,0.993036523569212,0.1625047168515159,0.21420169433376463,0.7586528078452285,-0.43324625293591934,3.564375008879787,1.127732083622776,0.11784901754236965,0.19766449640421155,0.596207309285203,-0.5349774576293989,9.746698323931511,1.1258162409284893,global10/top10/equal/full/SA
global10,10,equal,full,A,0.083938303062705,0.18346414671152061,0.4575188371529057,-0.5299594319685688,2.627698735116667,0.967328035208317,0.15787111358704253,0.21453628825288548,0.7358713757597565,-0.4259752234451665,3.4462183930742625,1.0903485293659365,0.11462229056796946,0.19798927443047126,0.5789318178860333,-0.5299594319685688,9.187536289193789,1.0612288617877321,global10/top10/equal/full/A
global10,10,equal,drift_band,M,0.08298271506309796,0.18080717260861515,0.4589569864173849,-0.5185763277617603,2.6000659188555164,0.9571556370167166,0.152330288645395,0.2139417896262762,0.7120174553624744,-0.43033175114165645,3.3094709963835878,1.0470830406853748,0.10923572142997595,0.19407003131957085,0.5628675416149127,-0.5185763277617603,8.321467318597865,0.9611914459925737,global10/top10/equal/drift_band/M
global10,10,equal,drift_band,Q,0.08024392260485125,0.18062894850274988,0.44424729961614995,-0.5185089616393342,2.5223368874975263,0.9285414468976838,0.14971921579916314,0.21647029118893824,0.6916386307647462,-0.44088347375922887,3.246704896462434,1.0272244835838862,0.10914792718222421,0.19650819932301866,0.5554370125941039,-0.5185089616393342,8.308016532410205,0.9596377800187185,global10/top10/equal/drift_band/Q
global10,10,equal,drift_band,SA,0.08528485072011249,0.17561935618197375,0.48562329673809873,-0.5085174088179409,2.6670940009951627,0.9818305139854597,0.16019209531444756,0.2145221662985788,0.7467391276083195,-0.4249344637125335,3.5049643876703906,1.1089351659362576,0.1134470614710057,0.19397619054761422,0.5848504455661969,-0.5085174088179409,8.991566520268368,1.0385928940728466,global10/top10/equal/drift_band/SA
global10,10,equal,drift_band,A,0.08717974878495993,0.1701415089548253,0.5123955307585009,-0.4950112691504478,2.7234493976028475,1.002576482442714,0.16581494428539245,0.21551050151868079,0.769405403063476,-0.4129998605323293,3.6509583568785406,1.1551261763325544,0.11976231584846886,0.19316436575744397,0.6200021177759779,-0.4950112691504478,10.0933848856493,1.1658611206120237,global10/top10/equal/drift_band/A
global10,10,equal,no_sell,M,0.07736909270202874,0.18455158044683947,0.41922747296285057,-0.5294457456540618,2.443042957160659,0.8993511745077626,0.1621314502223108,0.211066027969176,0.7681551208515109,-0.3981390547178709,3.554726229388146,1.1246793077017752,0.12361775543133247,0.20179700044376433,0.6125847022477501,-0.5294457456540618,10.827935277571266,1.2507071611399883,global10/top10/equal/no_sell/M
global10,10,equal,no_sell,Q,0.07736909270202874,0.18455158044683947,0.41922747296285057,-0.5294457456540618,2.443042957160659,0.8993511745077626,0.1621314502223108,0.211066027969176,0.7681551208515109,-0.3981390547178709,3.554726229388146,1.1246793077017752,0.12361775543133247,0.20179700044376433,0.6125847022477501,-0.5294457456540618,10.827935277571266,1.2507071611399883,global10/top10/equal/no_sell/Q
global10,10,equal,no_sell,SA,0.07736909270202874,0.18455158044683947,0.41922747296285057,-0.5294457456540618,2.443042957160659,0.8993511745077626,0.1621314502223108,0.211066027969176,0.7681551208515109,-0.3981390547178709,3.554726229388146,1.1246793077017752,0.12361775543133247,0.20179700044376433,0.6125847022477501,-0.5294457456540618,10.827935277571266,1.2507071611399883,global10/top10/equal/no_sell/SA
global10,10,equal,no_sell,A,0.07736909270202874,0.18455158044683947,0.41922747296285057,-0.5294457456540618,2.443042957160659,0.8993511745077626,0.1621314502223108,0.211066027969176,0.7681551208515109,-0.3981390547178709,3.554726229388146,1.1246793077017752,0.12361775543133247,0.20179700044376433,0.6125847022477501,-0.5294457456540618,10.827935277571266,1.2507071611399883,global10/top10/equal/no_sell/A
